{
  "type": "page",
  "meta": {
    "id": "DYYzITwINLvULLRx-n43z",
    "title": "Work Planner",
    "createDate": 1727270871874,
    "tags": []
  },
  "blocks": {
    "type": "block",
    "id": "BdqDq-5-nYUVc1lCMGY5m",
    "flavour": "affine:page",
    "version": 2,
    "props": {
      "title": {
        "$blocksuite:internal:text$": true,
        "delta": [
          {
            "insert": "Work Planner"
          }
        ]
      }
    },
    "children": [
      {
        "type": "block",
        "id": "TAzYMsLI61gcX9jPVAjsR",
        "flavour": "affine:surface",
        "version": 5,
        "props": {
          "elements": {}
        },
        "children": []
      },
      {
        "type": "block",
        "id": "sL_cW7a7Mzi8Rfd08Qv9O",
        "flavour": "affine:note",
        "version": 1,
        "props": {
          "xywh": "[0,0,800,95]",
          "background": "--affine-note-background-white",
          "index": "a0",
          "hidden": false,
          "displayMode": "both",
          "edgeless": {
            "style": {
              "borderRadius": 8,
              "borderSize": 4,
              "borderStyle": "none",
              "shadowType": "--affine-note-shadow-box"
            }
          }
        },
        "children": [
          {
            "type": "block",
            "id": "gEhaLjbM8riWws5Ng8S--",
            "flavour": "affine:paragraph",
            "version": 1,
            "props": {
              "type": "text",
              "text": {
                "$blocksuite:internal:text$": true,
                "delta": []
              }
            },
            "children": []
          },
          {
            "type": "block",
            "id": "a_O2TvLsEh_FrcAdfISak",
            "flavour": "affine:paragraph",
            "version": 1,
            "props": {
              "type": "h2",
              "text": {
                "$blocksuite:internal:text$": true,
                "delta": [
                  {
                    "insert": "Week of: [Enter Week Dates]"
                  }
                ]
              }
            },
            "children": []
          },
          {
            "type": "block",
            "id": "ZhyGIp_Nc_8hos1d0iABR",
            "flavour": "affine:divider",
            "version": 1,
            "props": {},
            "children": []
          },
          {
            "type": "block",
            "id": "NW7pzNrB-GcrHivkD3QIw",
            "flavour": "affine:paragraph",
            "version": 1,
            "props": {
              "type": "h2",
              "text": {
                "$blocksuite:internal:text$": true,
                "delta": [
                  {
                    "insert": "Weekly Goals"
                  }
                ]
              }
            },
            "children": []
          },
          {
            "type": "block",
            "id": "dKGhoqP2Po9CMj_elNLbs",
            "flavour": "affine:list",
            "version": 1,
            "props": {
              "type": "todo",
              "text": {
                "$blocksuite:internal:text$": true,
                "delta": [
                  {
                    "insert": "Major Project Milestone:"
                  }
                ]
              },
              "checked": false,
              "collapsed": false,
              "order": null
            },
            "children": []
          },
          {
            "type": "block",
            "id": "_RaI4oIB_8J8Aby-mZlSZ",
            "flavour": "affine:list",
            "version": 1,
            "props": {
              "type": "todo",
              "text": {
                "$blocksuite:internal:text$": true,
                "delta": [
                  {
                    "insert": "Secondary Tasks:"
                  }
                ]
              },
              "checked": false,
              "collapsed": false,
              "order": null
            },
            "children": []
          },
          {
            "type": "block",
            "id": "0962jtZAB5URnoHP6EKMC",
            "flavour": "affine:list",
            "version": 1,
            "props": {
              "type": "todo",
              "text": {
                "$blocksuite:internal:text$": true,
                "delta": [
                  {
                    "insert": "Other Goals:"
                  }
                ]
              },
              "checked": false,
              "collapsed": false,
              "order": null
            },
            "children": []
          },
          {
            "type": "block",
            "id": "VT_LP2J9EcYMQYmntZ5nH",
            "flavour": "affine:divider",
            "version": 1,
            "props": {},
            "children": []
          },
          {
            "type": "block",
            "id": "KAUFHfw2r2GHCsNo6PLkt",
            "flavour": "affine:paragraph",
            "version": 1,
            "props": {
              "type": "h2",
              "text": {
                "$blocksuite:internal:text$": true,
                "delta": [
                  {
                    "insert": "Monday"
                  }
                ]
              }
            },
            "children": []
          },
          {
            "type": "block",
            "id": "sx-Wy2K_GKjWAr0KJLIp9",
            "flavour": "affine:list",
            "version": 1,
            "props": {
              "type": "bulleted",
              "text": {
                "$blocksuite:internal:text$": true,
                "delta": [
                  {
                    "insert": "Top Priority Task",
                    "attributes": {
                      "bold": true
                    }
                  },
                  {
                    "insert": ":"
                  }
                ]
              },
              "checked": false,
              "collapsed": false,
              "order": null
            },
            "children": []
          },
          {
            "type": "block",
            "id": "tJXC3c-feOelyctOOQGp1",
            "flavour": "affine:list",
            "version": 1,
            "props": {
              "type": "todo",
              "text": {
                "$blocksuite:internal:text$": true,
                "delta": [
                  {
                    "insert": "Task 1:"
                  }
                ]
              },
              "checked": false,
              "collapsed": false,
              "order": null
            },
            "children": []
          },
          {
            "type": "block",
            "id": "EQkvSQ-xA9D59ColY2Lyh",
            "flavour": "affine:list",
            "version": 1,
            "props": {
              "type": "todo",
              "text": {
                "$blocksuite:internal:text$": true,
                "delta": [
                  {
                    "insert": "Task 2:"
                  }
                ]
              },
              "checked": false,
              "collapsed": false,
              "order": null
            },
            "children": []
          },
          {
            "type": "block",
            "id": "q9wVkuSvtfB91-QcDEPbd",
            "flavour": "affine:list",
            "version": 1,
            "props": {
              "type": "todo",
              "text": {
                "$blocksuite:internal:text$": true,
                "delta": [
                  {
                    "insert": "Task 3:"
                  }
                ]
              },
              "checked": false,
              "collapsed": false,
              "order": null
            },
            "children": []
          },
          {
            "type": "block",
            "id": "cHK8mc3oFhIJPZcBiqrKJ",
            "flavour": "affine:paragraph",
            "version": 1,
            "props": {
              "type": "h3",
              "text": {
                "$blocksuite:internal:text$": true,
                "delta": [
                  {
                    "insert": "Meetings"
                  }
                ]
              }
            },
            "children": []
          },
          {
            "type": "block",
            "id": "7NkAtd55gtPS5a0gdoiUD",
            "flavour": "affine:list",
            "version": 1,
            "props": {
              "type": "todo",
              "text": {
                "$blocksuite:internal:text$": true,
                "delta": [
                  {
                    "insert": "Time: [Meeting 1 Title]"
                  }
                ]
              },
              "checked": false,
              "collapsed": false,
              "order": null
            },
            "children": []
          },
          {
            "type": "block",
            "id": "aZ5Q8STvxDETTwZxwRr41",
            "flavour": "affine:list",
            "version": 1,
            "props": {
              "type": "todo",
              "text": {
                "$blocksuite:internal:text$": true,
                "delta": [
                  {
                    "insert": "Time: [Meeting 2 Title]"
                  }
                ]
              },
              "checked": false,
              "collapsed": false,
              "order": null
            },
            "children": []
          },
          {
            "type": "block",
            "id": "-Vw5OAjVnVb5lhxC-_HHA",
            "flavour": "affine:divider",
            "version": 1,
            "props": {},
            "children": []
          },
          {
            "type": "block",
            "id": "tgcvTTEQqmsph_Gj_9Uyl",
            "flavour": "affine:paragraph",
            "version": 1,
            "props": {
              "type": "h2",
              "text": {
                "$blocksuite:internal:text$": true,
                "delta": [
                  {
                    "insert": "Tuesday"
                  }
                ]
              }
            },
            "children": []
          },
          {
            "type": "block",
            "id": "3WdXo77pA_yHZWq6pyrpN",
            "flavour": "affine:list",
            "version": 1,
            "props": {
              "type": "bulleted",
              "text": {
                "$blocksuite:internal:text$": true,
                "delta": [
                  {
                    "insert": "Top Priority Task",
                    "attributes": {
                      "bold": true
                    }
                  },
                  {
                    "insert": ":"
                  }
                ]
              },
              "checked": false,
              "collapsed": false,
              "order": null
            },
            "children": []
          },
          {
            "type": "block",
            "id": "TwzpMi7yUoplLl471xJ8Y",
            "flavour": "affine:list",
            "version": 1,
            "props": {
              "type": "todo",
              "text": {
                "$blocksuite:internal:text$": true,
                "delta": [
                  {
                    "insert": "Task 1:"
                  }
                ]
              },
              "checked": false,
              "collapsed": false,
              "order": null
            },
            "children": []
          },
          {
            "type": "block",
            "id": "sXa_jygIacEHYQU5kLDkE",
            "flavour": "affine:list",
            "version": 1,
            "props": {
              "type": "todo",
              "text": {
                "$blocksuite:internal:text$": true,
                "delta": [
                  {
                    "insert": "Task 2:"
                  }
                ]
              },
              "checked": false,
              "collapsed": false,
              "order": null
            },
            "children": []
          },
          {
            "type": "block",
            "id": "OhBQkJBKvs8lCKRKTNc8E",
            "flavour": "affine:list",
            "version": 1,
            "props": {
              "type": "todo",
              "text": {
                "$blocksuite:internal:text$": true,
                "delta": [
                  {
                    "insert": "Task 3:"
                  }
                ]
              },
              "checked": false,
              "collapsed": false,
              "order": null
            },
            "children": []
          },
          {
            "type": "block",
            "id": "dMkSk4_zOCeIJ-FT9cZ9i",
            "flavour": "affine:paragraph",
            "version": 1,
            "props": {
              "type": "h3",
              "text": {
                "$blocksuite:internal:text$": true,
                "delta": [
                  {
                    "insert": "Meetings"
                  }
                ]
              }
            },
            "children": []
          },
          {
            "type": "block",
            "id": "KCYlAcTPqEkjV4kmmrJVF",
            "flavour": "affine:list",
            "version": 1,
            "props": {
              "type": "todo",
              "text": {
                "$blocksuite:internal:text$": true,
                "delta": [
                  {
                    "insert": "Time: [Meeting 1 Title]"
                  }
                ]
              },
              "checked": false,
              "collapsed": false,
              "order": null
            },
            "children": []
          },
          {
            "type": "block",
            "id": "LKQSIYLDdePnaBXAbYm1j",
            "flavour": "affine:list",
            "version": 1,
            "props": {
              "type": "todo",
              "text": {
                "$blocksuite:internal:text$": true,
                "delta": [
                  {
                    "insert": "Time: [Meeting 2 Title]"
                  }
                ]
              },
              "checked": false,
              "collapsed": false,
              "order": null
            },
            "children": []
          },
          {
            "type": "block",
            "id": "f9byVJTl5jLvDTI16K1gh",
            "flavour": "affine:divider",
            "version": 1,
            "props": {},
            "children": []
          },
          {
            "type": "block",
            "id": "Hw81a6Vtl7CtTIQQKqP5S",
            "flavour": "affine:paragraph",
            "version": 1,
            "props": {
              "type": "h2",
              "text": {
                "$blocksuite:internal:text$": true,
                "delta": [
                  {
                    "insert": "Wednesday"
                  }
                ]
              }
            },
            "children": []
          },
          {
            "type": "block",
            "id": "8stAqVINknh6y7RiLRWcK",
            "flavour": "affine:list",
            "version": 1,
            "props": {
              "type": "bulleted",
              "text": {
                "$blocksuite:internal:text$": true,
                "delta": [
                  {
                    "insert": "Top Priority Task",
                    "attributes": {
                      "bold": true
                    }
                  },
                  {
                    "insert": ":"
                  }
                ]
              },
              "checked": false,
              "collapsed": false,
              "order": null
            },
            "children": []
          },
          {
            "type": "block",
            "id": "8RuyhoB6KwtjLrxE0fqdN",
            "flavour": "affine:list",
            "version": 1,
            "props": {
              "type": "todo",
              "text": {
                "$blocksuite:internal:text$": true,
                "delta": [
                  {
                    "insert": "Task 1:"
                  }
                ]
              },
              "checked": false,
              "collapsed": false,
              "order": null
            },
            "children": []
          },
          {
            "type": "block",
            "id": "Q6IVXh_xz3ZZRmk6Hs9j-",
            "flavour": "affine:list",
            "version": 1,
            "props": {
              "type": "todo",
              "text": {
                "$blocksuite:internal:text$": true,
                "delta": [
                  {
                    "insert": "Task 2:"
                  }
                ]
              },
              "checked": false,
              "collapsed": false,
              "order": null
            },
            "children": []
          },
          {
            "type": "block",
            "id": "H4xHkVzVniMXFWv8cjFUt",
            "flavour": "affine:list",
            "version": 1,
            "props": {
              "type": "todo",
              "text": {
                "$blocksuite:internal:text$": true,
                "delta": [
                  {
                    "insert": "Task 3:"
                  }
                ]
              },
              "checked": false,
              "collapsed": false,
              "order": null
            },
            "children": []
          },
          {
            "type": "block",
            "id": "R3hEe0ucZQeGJTupSr-fq",
            "flavour": "affine:paragraph",
            "version": 1,
            "props": {
              "type": "h3",
              "text": {
                "$blocksuite:internal:text$": true,
                "delta": [
                  {
                    "insert": "Meetings"
                  }
                ]
              }
            },
            "children": []
          },
          {
            "type": "block",
            "id": "7Gopi6dIqRLQkflbctIg6",
            "flavour": "affine:list",
            "version": 1,
            "props": {
              "type": "todo",
              "text": {
                "$blocksuite:internal:text$": true,
                "delta": [
                  {
                    "insert": "Time: [Meeting 1 Title]"
                  }
                ]
              },
              "checked": false,
              "collapsed": false,
              "order": null
            },
            "children": []
          },
          {
            "type": "block",
            "id": "HCvYXseZq67a51IKKlsvc",
            "flavour": "affine:list",
            "version": 1,
            "props": {
              "type": "todo",
              "text": {
                "$blocksuite:internal:text$": true,
                "delta": [
                  {
                    "insert": "Time: [Meeting 2 Title]"
                  }
                ]
              },
              "checked": false,
              "collapsed": false,
              "order": null
            },
            "children": []
          },
          {
            "type": "block",
            "id": "Ao2BVSijDsNnMGL0pGPWQ",
            "flavour": "affine:divider",
            "version": 1,
            "props": {},
            "children": []
          },
          {
            "type": "block",
            "id": "AEAIJR-tgJDfeS0eo6YuW",
            "flavour": "affine:paragraph",
            "version": 1,
            "props": {
              "type": "h2",
              "text": {
                "$blocksuite:internal:text$": true,
                "delta": [
                  {
                    "insert": "Thursday"
                  }
                ]
              }
            },
            "children": []
          },
          {
            "type": "block",
            "id": "r-A-L-aiv0UhOluNfnJ10",
            "flavour": "affine:list",
            "version": 1,
            "props": {
              "type": "bulleted",
              "text": {
                "$blocksuite:internal:text$": true,
                "delta": [
                  {
                    "insert": "Top Priority Task",
                    "attributes": {
                      "bold": true
                    }
                  },
                  {
                    "insert": ":"
                  }
                ]
              },
              "checked": false,
              "collapsed": false,
              "order": null
            },
            "children": []
          },
          {
            "type": "block",
            "id": "sevNRQWpLJABFScCLR25i",
            "flavour": "affine:list",
            "version": 1,
            "props": {
              "type": "todo",
              "text": {
                "$blocksuite:internal:text$": true,
                "delta": [
                  {
                    "insert": "Task 1:"
                  }
                ]
              },
              "checked": false,
              "collapsed": false,
              "order": null
            },
            "children": []
          },
          {
            "type": "block",
            "id": "dArv1gJTse3kQeKfaTWwl",
            "flavour": "affine:list",
            "version": 1,
            "props": {
              "type": "todo",
              "text": {
                "$blocksuite:internal:text$": true,
                "delta": [
                  {
                    "insert": "Task 2:"
                  }
                ]
              },
              "checked": false,
              "collapsed": false,
              "order": null
            },
            "children": []
          },
          {
            "type": "block",
            "id": "uvdyAPTDChTXaXgtfUm46",
            "flavour": "affine:list",
            "version": 1,
            "props": {
              "type": "todo",
              "text": {
                "$blocksuite:internal:text$": true,
                "delta": [
                  {
                    "insert": "Task 3:"
                  }
                ]
              },
              "checked": false,
              "collapsed": false,
              "order": null
            },
            "children": []
          },
          {
            "type": "block",
            "id": "hz_GuO4oDGi3aa3RS3ixo",
            "flavour": "affine:paragraph",
            "version": 1,
            "props": {
              "type": "h3",
              "text": {
                "$blocksuite:internal:text$": true,
                "delta": [
                  {
                    "insert": "Meetings"
                  }
                ]
              }
            },
            "children": []
          },
          {
            "type": "block",
            "id": "DnV4zp1cny8gdT9BWMWcP",
            "flavour": "affine:list",
            "version": 1,
            "props": {
              "type": "todo",
              "text": {
                "$blocksuite:internal:text$": true,
                "delta": [
                  {
                    "insert": "Time: [Meeting 1 Title]"
                  }
                ]
              },
              "checked": false,
              "collapsed": false,
              "order": null
            },
            "children": []
          },
          {
            "type": "block",
            "id": "nQBIjvEo-ryeCAXJwIYux",
            "flavour": "affine:list",
            "version": 1,
            "props": {
              "type": "todo",
              "text": {
                "$blocksuite:internal:text$": true,
                "delta": [
                  {
                    "insert": "Time: [Meeting 2 Title]"
                  }
                ]
              },
              "checked": false,
              "collapsed": false,
              "order": null
            },
            "children": []
          },
          {
            "type": "block",
            "id": "PDD5FsZ-JtvPLx7AmEA2E",
            "flavour": "affine:divider",
            "version": 1,
            "props": {},
            "children": []
          }
        ]
      }
    ]
  }
}