{
  "type": "page",
  "meta": {
    "id": "ytmtTIM9gXTUvUWVfOT2b",
    "title": "Planner for Day",
    "createDate": 1728469058887,
    "tags": []
  },
  "blocks": {
    "type": "block",
    "id": "BdqDq-5-nYUVc1lCMGY5m",
    "flavour": "affine:page",
    "version": 2,
    "props": {
      "title": {
        "$blocksuite:internal:text$": true,
        "delta": [
          {
            "insert": "Planner for Day"
          }
        ]
      }
    },
    "children": [
      {
        "type": "block",
        "id": "TAzYMsLI61gcX9jPVAjsR",
        "flavour": "affine:surface",
        "version": 5,
        "props": {
          "elements": {}
        },
        "children": []
      },
      {
        "type": "block",
        "id": "sL_cW7a7Mzi8Rfd08Qv9O",
        "flavour": "affine:note",
        "version": 1,
        "props": {
          "xywh": "[0,0,800,95]",
          "background": "--affine-note-background-white",
          "index": "a0",
          "hidden": false,
          "displayMode": "both",
          "edgeless": {
            "style": {
              "borderRadius": 8,
              "borderSize": 4,
              "borderStyle": "none",
              "shadowType": "--affine-note-shadow-box"
            }
          }
        },
        "children": [
          {
            "type": "block",
            "id": "zth23r59uujdSjUhRCESB",
            "flavour": "affine:paragraph",
            "version": 1,
            "props": {
              "type": "h2",
              "text": {
                "$blocksuite:internal:text$": true,
                "delta": [
                  {
                    "insert": "Date: [Insert Date]"
                  }
                ]
              }
            },
            "children": []
          },
          {
            "type": "block",
            "id": "e6RDKW2MdmAh6zkEc5bFu",
            "flavour": "affine:divider",
            "version": 1,
            "props": {},
            "children": []
          },
          {
            "type": "block",
            "id": "qdTo-Jrl1ZExxlqzjJjbq",
            "flavour": "affine:paragraph",
            "version": 1,
            "props": {
              "type": "h2",
              "text": {
                "$blocksuite:internal:text$": true,
                "delta": [
                  {
                    "insert": "1. Top Priorities for the Day"
                  }
                ]
              }
            },
            "children": []
          },
          {
            "type": "block",
            "id": "xxNN8D9CoG2m2DIpxNpa8",
            "flavour": "affine:list",
            "version": 1,
            "props": {
              "type": "bulleted",
              "text": {
                "$blocksuite:internal:text$": true,
                "delta": [
                  {
                    "insert": "Priority 1",
                    "attributes": {
                      "bold": true
                    }
                  },
                  {
                    "insert": ": [Insert Task]"
                  }
                ]
              },
              "checked": false,
              "collapsed": false,
              "order": null
            },
            "children": []
          },
          {
            "type": "block",
            "id": "S_Fdz8xvVrlcKyYxJbpPi",
            "flavour": "affine:list",
            "version": 1,
            "props": {
              "type": "bulleted",
              "text": {
                "$blocksuite:internal:text$": true,
                "delta": [
                  {
                    "insert": "Priority 2",
                    "attributes": {
                      "bold": true
                    }
                  },
                  {
                    "insert": ": [Insert Task]"
                  }
                ]
              },
              "checked": false,
              "collapsed": false,
              "order": null
            },
            "children": []
          },
          {
            "type": "block",
            "id": "GTAYAqGM6GtZQ47fuO06d",
            "flavour": "affine:list",
            "version": 1,
            "props": {
              "type": "bulleted",
              "text": {
                "$blocksuite:internal:text$": true,
                "delta": [
                  {
                    "insert": "Priority 3",
                    "attributes": {
                      "bold": true
                    }
                  },
                  {
                    "insert": ": [Insert Task]"
                  }
                ]
              },
              "checked": false,
              "collapsed": false,
              "order": null
            },
            "children": []
          },
          {
            "type": "block",
            "id": "ODLQRMlUlR85Y7KAAplRv",
            "flavour": "affine:divider",
            "version": 1,
            "props": {},
            "children": []
          },
          {
            "type": "block",
            "id": "wF92XlhhiTLpnBVPxBt9I",
            "flavour": "affine:paragraph",
            "version": 1,
            "props": {
              "type": "h2",
              "text": {
                "$blocksuite:internal:text$": true,
                "delta": [
                  {
                    "insert": "2. Daily Schedule"
                  }
                ]
              }
            },
            "children": []
          },
          {
            "type": "block",
            "id": "UJUiQdMaDbNN1ZgTWbBWu",
            "flavour": "affine:database",
            "version": 3,
            "props": {
              "views": [
                {
                  "id": "1hh1hDnhh1",
                  "name": "Table View",
                  "mode": "table",
                  "columns": [],
                  "filter": {
                    "type": "group",
                    "op": "and",
                    "conditions": []
                  },
                  "header": {
                    "titleColumn": "H5O0tuh7NW",
                    "iconColumn": "type"
                  }
                }
              ],
              "title": {
                "$blocksuite:internal:text$": true,
                "delta": []
              },
              "cells": {
                "kzwETJDP5m9EOqFwpxT2c": {
                  "xN-9jWccxs": {
                    "columnId": "xN-9jWccxs",
                    "value": {
                      "$blocksuite:internal:text$": true,
                      "delta": [
                        {
                          "insert": "[Insert Task]"
                        }
                      ]
                    }
                  },
                  "pX38g1Z-yH": {
                    "columnId": "pX38g1Z-yH",
                    "value": {
                      "$blocksuite:internal:text$": true,
                      "delta": [
                        {
                          "insert": "[High/Medium/Low]"
                        }
                      ]
                    }
                  },
                  "c8-F4NPBnh": {
                    "columnId": "c8-F4NPBnh",
                    "value": {
                      "$blocksuite:internal:text$": true,
                      "delta": [
                        {
                          "insert": "[Not Started/In Progress/Complete]"
                        }
                      ]
                    }
                  }
                },
                "aWe8WgICfnC0peYPWaFZc": {
                  "xN-9jWccxs": {
                    "columnId": "xN-9jWccxs",
                    "value": {
                      "$blocksuite:internal:text$": true,
                      "delta": [
                        {
                          "insert": "[Insert Task]"
                        }
                      ]
                    }
                  },
                  "pX38g1Z-yH": {
                    "columnId": "pX38g1Z-yH",
                    "value": {
                      "$blocksuite:internal:text$": true,
                      "delta": [
                        {
                          "insert": "[High/Medium/Low]"
                        }
                      ]
                    }
                  },
                  "c8-F4NPBnh": {
                    "columnId": "c8-F4NPBnh",
                    "value": {
                      "$blocksuite:internal:text$": true,
                      "delta": [
                        {
                          "insert": "[Not Started/In Progress/Complete]"
                        }
                      ]
                    }
                  }
                },
                "J_43og7CFvACGV00UgF3i": {
                  "xN-9jWccxs": {
                    "columnId": "xN-9jWccxs",
                    "value": {
                      "$blocksuite:internal:text$": true,
                      "delta": [
                        {
                          "insert": "Lunch Break"
                        }
                      ]
                    }
                  },
                  "pX38g1Z-yH": {
                    "columnId": "pX38g1Z-yH",
                    "value": {
                      "$blocksuite:internal:text$": true,
                      "delta": [
                        {
                          "insert": "[High/Medium/Low]"
                        }
                      ]
                    }
                  },
                  "c8-F4NPBnh": {
                    "columnId": "c8-F4NPBnh",
                    "value": {
                      "$blocksuite:internal:text$": true,
                      "delta": [
                        {
                          "insert": "[Not Started/In Progress/Complete]"
                        }
                      ]
                    }
                  }
                },
                "xz5r4jzBJsckJ35qjtbTh": {
                  "xN-9jWccxs": {
                    "columnId": "xN-9jWccxs",
                    "value": {
                      "$blocksuite:internal:text$": true,
                      "delta": [
                        {
                          "insert": "[Insert Task]"
                        }
                      ]
                    }
                  },
                  "pX38g1Z-yH": {
                    "columnId": "pX38g1Z-yH",
                    "value": {
                      "$blocksuite:internal:text$": true,
                      "delta": [
                        {
                          "insert": "[High/Medium/Low]"
                        }
                      ]
                    }
                  },
                  "c8-F4NPBnh": {
                    "columnId": "c8-F4NPBnh",
                    "value": {
                      "$blocksuite:internal:text$": true,
                      "delta": [
                        {
                          "insert": "[Not Started/In Progress/Complete]"
                        }
                      ]
                    }
                  }
                },
                "I95norgO-ND4oY-VPN-gh": {
                  "xN-9jWccxs": {
                    "columnId": "xN-9jWccxs",
                    "value": {
                      "$blocksuite:internal:text$": true,
                      "delta": [
                        {
                          "insert": "[Insert Task]"
                        }
                      ]
                    }
                  },
                  "pX38g1Z-yH": {
                    "columnId": "pX38g1Z-yH",
                    "value": {
                      "$blocksuite:internal:text$": true,
                      "delta": [
                        {
                          "insert": "[High/Medium/Low]"
                        }
                      ]
                    }
                  },
                  "c8-F4NPBnh": {
                    "columnId": "c8-F4NPBnh",
                    "value": {
                      "$blocksuite:internal:text$": true,
                      "delta": [
                        {
                          "insert": "[Not Started/In Progress/Complete]"
                        }
                      ]
                    }
                  }
                }
              },
              "columns": [
                {
                  "type": "title",
                  "name": "Time",
                  "data": {},
                  "id": "H5O0tuh7NW"
                },
                {
                  "type": "rich-text",
                  "name": "Task/Activity",
                  "data": {},
                  "id": "xN-9jWccxs"
                },
                {
                  "type": "rich-text",
                  "name": "Priority (High/Medium/Low)",
                  "data": {},
                  "id": "pX38g1Z-yH"
                },
                {
                  "type": "rich-text",
                  "name": "Status (Not Started/In Progress/Complete)",
                  "data": {},
                  "id": "c8-F4NPBnh"
                }
              ]
            },
            "children": [
              {
                "type": "block",
                "id": "kzwETJDP5m9EOqFwpxT2c",
                "flavour": "affine:paragraph",
                "version": 1,
                "props": {
                  "type": "text",
                  "text": {
                    "$blocksuite:internal:text$": true,
                    "delta": [
                      {
                        "insert": "6:00 AM"
                      }
                    ]
                  }
                },
                "children": []
              },
              {
                "type": "block",
                "id": "aWe8WgICfnC0peYPWaFZc",
                "flavour": "affine:paragraph",
                "version": 1,
                "props": {
                  "type": "text",
                  "text": {
                    "$blocksuite:internal:text$": true,
                    "delta": [
                      {
                        "insert": "8:00 AM"
                      }
                    ]
                  }
                },
                "children": []
              },
              {
                "type": "block",
                "id": "J_43og7CFvACGV00UgF3i",
                "flavour": "affine:paragraph",
                "version": 1,
                "props": {
                  "type": "text",
                  "text": {
                    "$blocksuite:internal:text$": true,
                    "delta": [
                      {
                        "insert": "12:00 PM"
                      }
                    ]
                  }
                },
                "children": []
              },
              {
                "type": "block",
                "id": "xz5r4jzBJsckJ35qjtbTh",
                "flavour": "affine:paragraph",
                "version": 1,
                "props": {
                  "type": "text",
                  "text": {
                    "$blocksuite:internal:text$": true,
                    "delta": [
                      {
                        "insert": "3:00 PM"
                      }
                    ]
                  }
                },
                "children": []
              },
              {
                "type": "block",
                "id": "I95norgO-ND4oY-VPN-gh",
                "flavour": "affine:paragraph",
                "version": 1,
                "props": {
                  "type": "text",
                  "text": {
                    "$blocksuite:internal:text$": true,
                    "delta": [
                      {
                        "insert": "5:00 PM"
                      }
                    ]
                  }
                },
                "children": []
              }
            ]
          },
          {
            "type": "block",
            "id": "cs3UC8egUpv9x1Sko8BUc",
            "flavour": "affine:divider",
            "version": 1,
            "props": {},
            "children": []
          },
          {
            "type": "block",
            "id": "G6EW766t9F0svoF7cZP1l",
            "flavour": "affine:paragraph",
            "version": 1,
            "props": {
              "type": "h2",
              "text": {
                "$blocksuite:internal:text$": true,
                "delta": [
                  {
                    "insert": "3. Task List for the Day"
                  }
                ]
              }
            },
            "children": []
          },
          {
            "type": "block",
            "id": "2Aq41ApDHATnU2JOPm-I8",
            "flavour": "affine:database",
            "version": 3,
            "props": {
              "views": [
                {
                  "id": "Wr_lBMi6CK",
                  "name": "Table View",
                  "mode": "table",
                  "columns": [],
                  "filter": {
                    "type": "group",
                    "op": "and",
                    "conditions": []
                  },
                  "header": {
                    "titleColumn": "tSpFtVHmzs",
                    "iconColumn": "type"
                  }
                }
              ],
              "title": {
                "$blocksuite:internal:text$": true,
                "delta": []
              },
              "cells": {
                "n4D2Pk3inFHH-C5G36bih": {
                  "4oE4jc6zL9": {
                    "columnId": "4oE4jc6zL9",
                    "value": {
                      "$blocksuite:internal:text$": true,
                      "delta": [
                        {
                          "insert": "[Insert Date]"
                        }
                      ]
                    }
                  },
                  "TxTu4IXeUf": {
                    "columnId": "TxTu4IXeUf",
                    "value": {
                      "$blocksuite:internal:text$": true,
                      "delta": [
                        {
                          "insert": "[Priority]"
                        }
                      ]
                    }
                  },
                  "slzgK_sWUs": {
                    "columnId": "slzgK_sWUs",
                    "value": {
                      "$blocksuite:internal:text$": true,
                      "delta": [
                        {
                          "insert": "[Not Started/In Progress/Complete]"
                        }
                      ]
                    }
                  }
                },
                "6NMjLPP9b3XfgHhCe91eR": {
                  "4oE4jc6zL9": {
                    "columnId": "4oE4jc6zL9",
                    "value": {
                      "$blocksuite:internal:text$": true,
                      "delta": [
                        {
                          "insert": "[Insert Date]"
                        }
                      ]
                    }
                  },
                  "TxTu4IXeUf": {
                    "columnId": "TxTu4IXeUf",
                    "value": {
                      "$blocksuite:internal:text$": true,
                      "delta": [
                        {
                          "insert": "[Priority]"
                        }
                      ]
                    }
                  },
                  "slzgK_sWUs": {
                    "columnId": "slzgK_sWUs",
                    "value": {
                      "$blocksuite:internal:text$": true,
                      "delta": [
                        {
                          "insert": "[Not Started/In Progress/Complete]"
                        }
                      ]
                    }
                  }
                }
              },
              "columns": [
                {
                  "type": "title",
                  "name": "Task Name",
                  "data": {},
                  "id": "tSpFtVHmzs"
                },
                {
                  "type": "rich-text",
                  "name": "Deadline",
                  "data": {},
                  "id": "4oE4jc6zL9"
                },
                {
                  "type": "rich-text",
                  "name": "Priority",
                  "data": {},
                  "id": "TxTu4IXeUf"
                },
                {
                  "type": "rich-text",
                  "name": "Status",
                  "data": {},
                  "id": "slzgK_sWUs"
                }
              ]
            },
            "children": [
              {
                "type": "block",
                "id": "n4D2Pk3inFHH-C5G36bih",
                "flavour": "affine:paragraph",
                "version": 1,
                "props": {
                  "type": "text",
                  "text": {
                    "$blocksuite:internal:text$": true,
                    "delta": [
                      {
                        "insert": "[Insert Task]"
                      }
                    ]
                  }
                },
                "children": []
              },
              {
                "type": "block",
                "id": "6NMjLPP9b3XfgHhCe91eR",
                "flavour": "affine:paragraph",
                "version": 1,
                "props": {
                  "type": "text",
                  "text": {
                    "$blocksuite:internal:text$": true,
                    "delta": [
                      {
                        "insert": "[Insert Task]"
                      }
                    ]
                  }
                },
                "children": []
              }
            ]
          },
          {
            "type": "block",
            "id": "TdkqvprFur4Q0Mqv5tHMW",
            "flavour": "affine:divider",
            "version": 1,
            "props": {},
            "children": []
          },
          {
            "type": "block",
            "id": "RAeyPGayzNLPRZsnHtCR8",
            "flavour": "affine:paragraph",
            "version": 1,
            "props": {
              "type": "h2",
              "text": {
                "$blocksuite:internal:text$": true,
                "delta": [
                  {
                    "insert": "4. Quick Reminders"
                  }
                ]
              }
            },
            "children": []
          },
          {
            "type": "block",
            "id": "redXHVZckzbL6g3nezWgI",
            "flavour": "affine:list",
            "version": 1,
            "props": {
              "type": "bulleted",
              "text": {
                "$blocksuite:internal:text$": true,
                "delta": [
                  {
                    "insert": "[Insert Reminder or Quick Note]"
                  }
                ]
              },
              "checked": false,
              "collapsed": false,
              "order": null
            },
            "children": []
          },
          {
            "type": "block",
            "id": "4eIDXNjyIAHCvAV9Jt4Wg",
            "flavour": "affine:list",
            "version": 1,
            "props": {
              "type": "bulleted",
              "text": {
                "$blocksuite:internal:text$": true,
                "delta": [
                  {
                    "insert": "[Insert Reminder or Quick Note]"
                  }
                ]
              },
              "checked": false,
              "collapsed": false,
              "order": null
            },
            "children": []
          },
          {
            "type": "block",
            "id": "qUH8BzKP6i1wnohNFC4Ya",
            "flavour": "affine:divider",
            "version": 1,
            "props": {},
            "children": []
          },
          {
            "type": "block",
            "id": "vSz6iygX-SyV74Ucvmhv6",
            "flavour": "affine:paragraph",
            "version": 1,
            "props": {
              "type": "h2",
              "text": {
                "$blocksuite:internal:text$": true,
                "delta": [
                  {
                    "insert": "5. End of Day Reflection"
                  }
                ]
              }
            },
            "children": []
          },
          {
            "type": "block",
            "id": "GWm5pyUJe542y3IauqejY",
            "flavour": "affine:list",
            "version": 1,
            "props": {
              "type": "bulleted",
              "text": {
                "$blocksuite:internal:text$": true,
                "delta": [
                  {
                    "insert": "Successes of the Day",
                    "attributes": {
                      "bold": true
                    }
                  },
                  {
                    "insert": ": [Insert Reflection]"
                  }
                ]
              },
              "checked": false,
              "collapsed": false,
              "order": null
            },
            "children": []
          },
          {
            "type": "block",
            "id": "8OA18Ofy-JvI7OQ7whPro",
            "flavour": "affine:list",
            "version": 1,
            "props": {
              "type": "bulleted",
              "text": {
                "$blocksuite:internal:text$": true,
                "delta": [
                  {
                    "insert": "Challenges or Obstacles",
                    "attributes": {
                      "bold": true
                    }
                  },
                  {
                    "insert": ": [Insert Challenges]"
                  }
                ]
              },
              "checked": false,
              "collapsed": false,
              "order": null
            },
            "children": []
          },
          {
            "type": "block",
            "id": "-GquS3F0-z9ZJl85UlGcd",
            "flavour": "affine:list",
            "version": 1,
            "props": {
              "type": "bulleted",
              "text": {
                "$blocksuite:internal:text$": true,
                "delta": [
                  {
                    "insert": "Plan for Tomorrow",
                    "attributes": {
                      "bold": true
                    }
                  },
                  {
                    "insert": ": [Insert Adjustments or Goals for the Next Day]"
                  }
                ]
              },
              "checked": false,
              "collapsed": false,
              "order": null
            },
            "children": []
          },
          {
            "type": "block",
            "id": "lqJ35VwosbaHo4Sw3lc2R",
            "flavour": "affine:divider",
            "version": 1,
            "props": {},
            "children": []
          },
          {
            "type": "block",
            "id": "2375KixFLtCOG66t1V2Gb",
            "flavour": "affine:paragraph",
            "version": 1,
            "props": {
              "type": "h2",
              "text": {
                "$blocksuite:internal:text$": true,
                "delta": [
                  {
                    "insert": "6. Habit Tracker for the Day"
                  }
                ]
              }
            },
            "children": []
          },
          {
            "type": "block",
            "id": "3ZimPz4cq1w3uds2I-L5J",
            "flavour": "affine:database",
            "version": 3,
            "props": {
              "views": [
                {
                  "id": "ddIm-STXVQ",
                  "name": "Table View",
                  "mode": "table",
                  "columns": [],
                  "filter": {
                    "type": "group",
                    "op": "and",
                    "conditions": []
                  },
                  "header": {
                    "titleColumn": "rWYx1KLQr_",
                    "iconColumn": "type"
                  }
                }
              ],
              "title": {
                "$blocksuite:internal:text$": true,
                "delta": []
              },
              "cells": {
                "2ZajRgzyogij3o-BvzadR": {
                  "i7GKo94AP_": {
                    "columnId": "i7GKo94AP_",
                    "value": {
                      "$blocksuite:internal:text$": true,
                      "delta": [
                        {
                          "insert": "[Yes/No]"
                        }
                      ]
                    }
                  }
                },
                "ocA91INox3sB50WpYVXxJ": {
                  "i7GKo94AP_": {
                    "columnId": "i7GKo94AP_",
                    "value": {
                      "$blocksuite:internal:text$": true,
                      "delta": [
                        {
                          "insert": "[Yes/No]"
                        }
                      ]
                    }
                  }
                }
              },
              "columns": [
                {
                  "type": "title",
                  "name": "Habit",
                  "data": {},
                  "id": "rWYx1KLQr_"
                },
                {
                  "type": "rich-text",
                  "name": "Completion (Yes/No)",
                  "data": {},
                  "id": "i7GKo94AP_"
                }
              ]
            },
            "children": [
              {
                "type": "block",
                "id": "2ZajRgzyogij3o-BvzadR",
                "flavour": "affine:paragraph",
                "version": 1,
                "props": {
                  "type": "text",
                  "text": {
                    "$blocksuite:internal:text$": true,
                    "delta": [
                      {
                        "insert": "[Insert Habit]"
                      }
                    ]
                  }
                },
                "children": []
              },
              {
                "type": "block",
                "id": "ocA91INox3sB50WpYVXxJ",
                "flavour": "affine:paragraph",
                "version": 1,
                "props": {
                  "type": "text",
                  "text": {
                    "$blocksuite:internal:text$": true,
                    "delta": [
                      {
                        "insert": "[Insert Habit]"
                      }
                    ]
                  }
                },
                "children": []
              }
            ]
          },
          {
            "type": "block",
            "id": "-Bn8AA_x_ksf3DMEXhctg",
            "flavour": "affine:divider",
            "version": 1,
            "props": {},
            "children": []
          }
        ]
      }
    ]
  }
}