{
  "type": "page",
  "meta": {
    "id": "qeHe2iq4lW59xPwGcOCLv",
    "title": "Yearly Planner",
    "createDate": 1728291637158,
    "tags": []
  },
  "blocks": {
    "type": "block",
    "id": "BdqDq-5-nYUVc1lCMGY5m",
    "flavour": "affine:page",
    "version": 2,
    "props": {
      "title": {
        "$blocksuite:internal:text$": true,
        "delta": [
          {
            "insert": "Yearly Planner"
          }
        ]
      }
    },
    "children": [
      {
        "type": "block",
        "id": "TAzYMsLI61gcX9jPVAjsR",
        "flavour": "affine:surface",
        "version": 5,
        "props": {
          "elements": {}
        },
        "children": []
      },
      {
        "type": "block",
        "id": "sL_cW7a7Mzi8Rfd08Qv9O",
        "flavour": "affine:note",
        "version": 1,
        "props": {
          "xywh": "[0,0,800,95]",
          "background": "--affine-note-background-white",
          "index": "a0",
          "hidden": false,
          "displayMode": "both",
          "edgeless": {
            "style": {
              "borderRadius": 8,
              "borderSize": 4,
              "borderStyle": "none",
              "shadowType": "--affine-note-shadow-box"
            }
          }
        },
        "children": [
          {
            "type": "block",
            "id": "G1Lj-EOW8u8l8Ka6dQBD2",
            "flavour": "affine:paragraph",
            "version": 1,
            "props": {
              "type": "h2",
              "text": {
                "$blocksuite:internal:text$": true,
                "delta": [
                  {
                    "insert": "Year: [Insert Year]"
                  }
                ]
              }
            },
            "children": []
          },
          {
            "type": "block",
            "id": "y66tU9h3uy0XaTMbgYvAd",
            "flavour": "affine:divider",
            "version": 1,
            "props": {},
            "children": []
          },
          {
            "type": "block",
            "id": "VwJl9ODIkgU0-rBFoRZpK",
            "flavour": "affine:paragraph",
            "version": 1,
            "props": {
              "type": "h2",
              "text": {
                "$blocksuite:internal:text$": true,
                "delta": [
                  {
                    "insert": "1. Yearly Overview"
                  }
                ]
              }
            },
            "children": []
          },
          {
            "type": "block",
            "id": "wjrlBQZijKhyqN8wzXdcA",
            "flavour": "affine:database",
            "version": 3,
            "props": {
              "views": [
                {
                  "id": "HF6JzkMV1e",
                  "name": "Table View",
                  "mode": "table",
                  "columns": [],
                  "filter": {
                    "type": "group",
                    "op": "and",
                    "conditions": []
                  },
                  "header": {
                    "titleColumn": "ioCbLxUZbX",
                    "iconColumn": "type"
                  }
                }
              ],
              "title": {
                "$blocksuite:internal:text$": true,
                "delta": []
              },
              "cells": {
                "OVxW-IBiusqGDCHWra1vA": {
                  "qW3m1ftDT9": {
                    "columnId": "qW3m1ftDT9",
                    "value": {
                      "$blocksuite:internal:text$": true,
                      "delta": [
                        {
                          "insert": "[Insert Goal]"
                        }
                      ]
                    }
                  },
                  "29r0FimAGT": {
                    "columnId": "29r0FimAGT",
                    "value": {
                      "$blocksuite:internal:text$": true,
                      "delta": [
                        {
                          "insert": "[Insert Event]"
                        }
                      ]
                    }
                  },
                  "EMD1hW8kPt": {
                    "columnId": "EMD1hW8kPt",
                    "value": {
                      "$blocksuite:internal:text$": true,
                      "delta": [
                        {
                          "insert": "[Insert Deadline]"
                        }
                      ]
                    }
                  }
                },
                "eHto8O0N5iMA3594AsWQj": {
                  "qW3m1ftDT9": {
                    "columnId": "qW3m1ftDT9",
                    "value": {
                      "$blocksuite:internal:text$": true,
                      "delta": [
                        {
                          "insert": "[Insert Goal]"
                        }
                      ]
                    }
                  },
                  "29r0FimAGT": {
                    "columnId": "29r0FimAGT",
                    "value": {
                      "$blocksuite:internal:text$": true,
                      "delta": [
                        {
                          "insert": "[Insert Event]"
                        }
                      ]
                    }
                  },
                  "EMD1hW8kPt": {
                    "columnId": "EMD1hW8kPt",
                    "value": {
                      "$blocksuite:internal:text$": true,
                      "delta": [
                        {
                          "insert": "[Insert Deadline]"
                        }
                      ]
                    }
                  }
                },
                "Yxl40lenj_ga0Y8EZpc96": {
                  "qW3m1ftDT9": {
                    "columnId": "qW3m1ftDT9",
                    "value": {
                      "$blocksuite:internal:text$": true,
                      "delta": [
                        {
                          "insert": "[Insert Goal]"
                        }
                      ]
                    }
                  },
                  "29r0FimAGT": {
                    "columnId": "29r0FimAGT",
                    "value": {
                      "$blocksuite:internal:text$": true,
                      "delta": [
                        {
                          "insert": "[Insert Event]"
                        }
                      ]
                    }
                  },
                  "EMD1hW8kPt": {
                    "columnId": "EMD1hW8kPt",
                    "value": {
                      "$blocksuite:internal:text$": true,
                      "delta": [
                        {
                          "insert": "[Insert Deadline]"
                        }
                      ]
                    }
                  }
                },
                "LIQgI8PM-nXJxN0FnwGQG": {
                  "qW3m1ftDT9": {
                    "columnId": "qW3m1ftDT9",
                    "value": {
                      "$blocksuite:internal:text$": true,
                      "delta": [
                        {
                          "insert": "[Insert Goal]"
                        }
                      ]
                    }
                  },
                  "29r0FimAGT": {
                    "columnId": "29r0FimAGT",
                    "value": {
                      "$blocksuite:internal:text$": true,
                      "delta": [
                        {
                          "insert": "[Insert Event]"
                        }
                      ]
                    }
                  },
                  "EMD1hW8kPt": {
                    "columnId": "EMD1hW8kPt",
                    "value": {
                      "$blocksuite:internal:text$": true,
                      "delta": [
                        {
                          "insert": "[Insert Deadline]"
                        }
                      ]
                    }
                  }
                },
                "O1tRVGHb8ndsIx5m23sWe": {
                  "qW3m1ftDT9": {
                    "columnId": "qW3m1ftDT9",
                    "value": {
                      "$blocksuite:internal:text$": true,
                      "delta": [
                        {
                          "insert": "..."
                        }
                      ]
                    }
                  },
                  "29r0FimAGT": {
                    "columnId": "29r0FimAGT",
                    "value": {
                      "$blocksuite:internal:text$": true,
                      "delta": [
                        {
                          "insert": "..."
                        }
                      ]
                    }
                  },
                  "EMD1hW8kPt": {
                    "columnId": "EMD1hW8kPt",
                    "value": {
                      "$blocksuite:internal:text$": true,
                      "delta": [
                        {
                          "insert": "..."
                        }
                      ]
                    }
                  }
                },
                "dM_gwDeHsKNZWDhiSnS03": {
                  "qW3m1ftDT9": {
                    "columnId": "qW3m1ftDT9",
                    "value": {
                      "$blocksuite:internal:text$": true,
                      "delta": [
                        {
                          "insert": "[Insert Goal]"
                        }
                      ]
                    }
                  },
                  "29r0FimAGT": {
                    "columnId": "29r0FimAGT",
                    "value": {
                      "$blocksuite:internal:text$": true,
                      "delta": [
                        {
                          "insert": "[Insert Event]"
                        }
                      ]
                    }
                  },
                  "EMD1hW8kPt": {
                    "columnId": "EMD1hW8kPt",
                    "value": {
                      "$blocksuite:internal:text$": true,
                      "delta": [
                        {
                          "insert": "[Insert Deadline]"
                        }
                      ]
                    }
                  }
                }
              },
              "columns": [
                {
                  "type": "title",
                  "name": "Month",
                  "data": {},
                  "id": "ioCbLxUZbX"
                },
                {
                  "type": "rich-text",
                  "name": "Major Goals",
                  "data": {},
                  "id": "qW3m1ftDT9"
                },
                {
                  "type": "rich-text",
                  "name": "Key Events",
                  "data": {},
                  "id": "29r0FimAGT"
                },
                {
                  "type": "rich-text",
                  "name": "Important Deadlines",
                  "data": {},
                  "id": "EMD1hW8kPt"
                }
              ]
            },
            "children": [
              {
                "type": "block",
                "id": "OVxW-IBiusqGDCHWra1vA",
                "flavour": "affine:paragraph",
                "version": 1,
                "props": {
                  "type": "text",
                  "text": {
                    "$blocksuite:internal:text$": true,
                    "delta": [
                      {
                        "insert": "January"
                      }
                    ]
                  }
                },
                "children": []
              },
              {
                "type": "block",
                "id": "eHto8O0N5iMA3594AsWQj",
                "flavour": "affine:paragraph",
                "version": 1,
                "props": {
                  "type": "text",
                  "text": {
                    "$blocksuite:internal:text$": true,
                    "delta": [
                      {
                        "insert": "February"
                      }
                    ]
                  }
                },
                "children": []
              },
              {
                "type": "block",
                "id": "Yxl40lenj_ga0Y8EZpc96",
                "flavour": "affine:paragraph",
                "version": 1,
                "props": {
                  "type": "text",
                  "text": {
                    "$blocksuite:internal:text$": true,
                    "delta": [
                      {
                        "insert": "March"
                      }
                    ]
                  }
                },
                "children": []
              },
              {
                "type": "block",
                "id": "LIQgI8PM-nXJxN0FnwGQG",
                "flavour": "affine:paragraph",
                "version": 1,
                "props": {
                  "type": "text",
                  "text": {
                    "$blocksuite:internal:text$": true,
                    "delta": [
                      {
                        "insert": "April"
                      }
                    ]
                  }
                },
                "children": []
              },
              {
                "type": "block",
                "id": "O1tRVGHb8ndsIx5m23sWe",
                "flavour": "affine:paragraph",
                "version": 1,
                "props": {
                  "type": "text",
                  "text": {
                    "$blocksuite:internal:text$": true,
                    "delta": [
                      {
                        "insert": "..."
                      }
                    ]
                  }
                },
                "children": []
              },
              {
                "type": "block",
                "id": "dM_gwDeHsKNZWDhiSnS03",
                "flavour": "affine:paragraph",
                "version": 1,
                "props": {
                  "type": "text",
                  "text": {
                    "$blocksuite:internal:text$": true,
                    "delta": [
                      {
                        "insert": "December"
                      }
                    ]
                  }
                },
                "children": []
              }
            ]
          },
          {
            "type": "block",
            "id": "Anc-CmciAuKHcvrzg0hoM",
            "flavour": "affine:divider",
            "version": 1,
            "props": {},
            "children": []
          },
          {
            "type": "block",
            "id": "GFU2PVgu_vOqmfeM2yLLD",
            "flavour": "affine:paragraph",
            "version": 1,
            "props": {
              "type": "h2",
              "text": {
                "$blocksuite:internal:text$": true,
                "delta": [
                  {
                    "insert": "2. Monthly Planning"
                  }
                ]
              }
            },
            "children": []
          },
          {
            "type": "block",
            "id": "KwgvKPCRrUhtklUxNu8mN",
            "flavour": "affine:paragraph",
            "version": 1,
            "props": {
              "type": "h3",
              "text": {
                "$blocksuite:internal:text$": true,
                "delta": [
                  {
                    "insert": "2.1. Monthly Goals"
                  }
                ]
              }
            },
            "children": []
          },
          {
            "type": "block",
            "id": "2hZiFYXfBgr9p-o1YG6oh",
            "flavour": "affine:database",
            "version": 3,
            "props": {
              "views": [
                {
                  "id": "9IYfjj5U8L",
                  "name": "Table View",
                  "mode": "table",
                  "columns": [],
                  "filter": {
                    "type": "group",
                    "op": "and",
                    "conditions": []
                  },
                  "header": {
                    "titleColumn": "2WbT30l3mE",
                    "iconColumn": "type"
                  }
                }
              ],
              "title": {
                "$blocksuite:internal:text$": true,
                "delta": []
              },
              "cells": {
                "TiXDOdWCRtRurthXtaKc5": {
                  "ipoKcNcpFk": {
                    "columnId": "ipoKcNcpFk",
                    "value": {
                      "$blocksuite:internal:text$": true,
                      "delta": [
                        {
                          "insert": "[Insert Main Goal]"
                        }
                      ]
                    }
                  },
                  "aTn3foNnxV": {
                    "columnId": "aTn3foNnxV",
                    "value": {
                      "$blocksuite:internal:text$": true,
                      "delta": [
                        {
                          "insert": "[Insert Task]"
                        }
                      ]
                    }
                  },
                  "fJcOVWKl8I": {
                    "columnId": "fJcOVWKl8I",
                    "value": {
                      "$blocksuite:internal:text$": true,
                      "delta": [
                        {
                          "insert": "[Not Started/In Progress/Complete]"
                        }
                      ]
                    }
                  }
                },
                "OKa6MINoAJ0eMlMyBml9k": {
                  "ipoKcNcpFk": {
                    "columnId": "ipoKcNcpFk",
                    "value": {
                      "$blocksuite:internal:text$": true,
                      "delta": [
                        {
                          "insert": "[Insert Main Goal]"
                        }
                      ]
                    }
                  },
                  "aTn3foNnxV": {
                    "columnId": "aTn3foNnxV",
                    "value": {
                      "$blocksuite:internal:text$": true,
                      "delta": [
                        {
                          "insert": "[Insert Task]"
                        }
                      ]
                    }
                  },
                  "fJcOVWKl8I": {
                    "columnId": "fJcOVWKl8I",
                    "value": {
                      "$blocksuite:internal:text$": true,
                      "delta": [
                        {
                          "insert": "[Not Started/In Progress/Complete]"
                        }
                      ]
                    }
                  }
                }
              },
              "columns": [
                {
                  "type": "title",
                  "name": "Month",
                  "data": {},
                  "id": "2WbT30l3mE"
                },
                {
                  "type": "rich-text",
                  "name": "Main Goal",
                  "data": {},
                  "id": "ipoKcNcpFk"
                },
                {
                  "type": "rich-text",
                  "name": "Tasks to Complete",
                  "data": {},
                  "id": "aTn3foNnxV"
                },
                {
                  "type": "rich-text",
                  "name": "Progress",
                  "data": {},
                  "id": "fJcOVWKl8I"
                }
              ]
            },
            "children": [
              {
                "type": "block",
                "id": "TiXDOdWCRtRurthXtaKc5",
                "flavour": "affine:paragraph",
                "version": 1,
                "props": {
                  "type": "text",
                  "text": {
                    "$blocksuite:internal:text$": true,
                    "delta": [
                      {
                        "insert": "[Insert Month]"
                      }
                    ]
                  }
                },
                "children": []
              },
              {
                "type": "block",
                "id": "OKa6MINoAJ0eMlMyBml9k",
                "flavour": "affine:paragraph",
                "version": 1,
                "props": {
                  "type": "text",
                  "text": {
                    "$blocksuite:internal:text$": true,
                    "delta": [
                      {
                        "insert": "[Insert Month]"
                      }
                    ]
                  }
                },
                "children": []
              }
            ]
          },
          {
            "type": "block",
            "id": "QFoWmyp_FhW9doe7uYDGx",
            "flavour": "affine:paragraph",
            "version": 1,
            "props": {
              "type": "h3",
              "text": {
                "$blocksuite:internal:text$": true,
                "delta": [
                  {
                    "insert": "2.2. Important Dates"
                  }
                ]
              }
            },
            "children": []
          },
          {
            "type": "block",
            "id": "Opy4SI6dym44nPgBgSALU",
            "flavour": "affine:list",
            "version": 1,
            "props": {
              "type": "bulleted",
              "text": {
                "$blocksuite:internal:text$": true,
                "delta": [
                  {
                    "insert": "Key Appointments",
                    "attributes": {
                      "bold": true
                    }
                  },
                  {
                    "insert": ": [Insert Date/Appointment]"
                  }
                ]
              },
              "checked": false,
              "collapsed": false,
              "order": null
            },
            "children": []
          },
          {
            "type": "block",
            "id": "0ZGQ_WGSiPkXO7UwlfHHX",
            "flavour": "affine:list",
            "version": 1,
            "props": {
              "type": "bulleted",
              "text": {
                "$blocksuite:internal:text$": true,
                "delta": [
                  {
                    "insert": "Deadlines",
                    "attributes": {
                      "bold": true
                    }
                  },
                  {
                    "insert": ": [Insert Date/Deadline]"
                  }
                ]
              },
              "checked": false,
              "collapsed": false,
              "order": null
            },
            "children": []
          },
          {
            "type": "block",
            "id": "JkkJE2lIhSWhgctqVmhUI",
            "flavour": "affine:list",
            "version": 1,
            "props": {
              "type": "bulleted",
              "text": {
                "$blocksuite:internal:text$": true,
                "delta": [
                  {
                    "insert": "Events",
                    "attributes": {
                      "bold": true
                    }
                  },
                  {
                    "insert": ": [Insert Date/Event]"
                  }
                ]
              },
              "checked": false,
              "collapsed": false,
              "order": null
            },
            "children": []
          },
          {
            "type": "block",
            "id": "HrYygdggKtxhpLiOyuVKY",
            "flavour": "affine:divider",
            "version": 1,
            "props": {},
            "children": []
          },
          {
            "type": "block",
            "id": "1IXNoMgIg7UEep0sdoyuA",
            "flavour": "affine:paragraph",
            "version": 1,
            "props": {
              "type": "h2",
              "text": {
                "$blocksuite:internal:text$": true,
                "delta": [
                  {
                    "insert": "3. Weekly Planning"
                  }
                ]
              }
            },
            "children": []
          },
          {
            "type": "block",
            "id": "oV6o-J6TgWZvB4lb6lms5",
            "flavour": "affine:paragraph",
            "version": 1,
            "props": {
              "type": "h3",
              "text": {
                "$blocksuite:internal:text$": true,
                "delta": [
                  {
                    "insert": "3.1. Weekly Breakdown"
                  }
                ]
              }
            },
            "children": []
          },
          {
            "type": "block",
            "id": "vDNTP4apPIPi270egjeQr",
            "flavour": "affine:database",
            "version": 3,
            "props": {
              "views": [
                {
                  "id": "oifvHNNEgM",
                  "name": "Table View",
                  "mode": "table",
                  "columns": [],
                  "filter": {
                    "type": "group",
                    "op": "and",
                    "conditions": []
                  },
                  "header": {
                    "titleColumn": "COw8haD7kj",
                    "iconColumn": "type"
                  }
                }
              ],
              "title": {
                "$blocksuite:internal:text$": true,
                "delta": []
              },
              "cells": {
                "GiES-FJieLnOz49FUMBMu": {
                  "KmZwjVHLaC": {
                    "columnId": "KmZwjVHLaC",
                    "value": {
                      "$blocksuite:internal:text$": true,
                      "delta": [
                        {
                          "insert": "[Insert Focus]"
                        }
                      ]
                    }
                  },
                  "TAqgZWz55X": {
                    "columnId": "TAqgZWz55X",
                    "value": {
                      "$blocksuite:internal:text$": true,
                      "delta": [
                        {
                          "insert": "[Insert Task]"
                        }
                      ]
                    }
                  },
                  "sKvijTUfza": {
                    "columnId": "sKvijTUfza",
                    "value": {
                      "$blocksuite:internal:text$": true,
                      "delta": [
                        {
                          "insert": "[Not Started/In Progress/Complete]"
                        }
                      ]
                    }
                  }
                },
                "RjZuvneMGz_tM53SI58Tj": {
                  "KmZwjVHLaC": {
                    "columnId": "KmZwjVHLaC",
                    "value": {
                      "$blocksuite:internal:text$": true,
                      "delta": [
                        {
                          "insert": "[Insert Focus]"
                        }
                      ]
                    }
                  },
                  "TAqgZWz55X": {
                    "columnId": "TAqgZWz55X",
                    "value": {
                      "$blocksuite:internal:text$": true,
                      "delta": [
                        {
                          "insert": "[Insert Task]"
                        }
                      ]
                    }
                  },
                  "sKvijTUfza": {
                    "columnId": "sKvijTUfza",
                    "value": {
                      "$blocksuite:internal:text$": true,
                      "delta": [
                        {
                          "insert": "[Not Started/In Progress/Complete]"
                        }
                      ]
                    }
                  }
                },
                "ZQzRSRODWLGs1SA98gxEu": {
                  "KmZwjVHLaC": {
                    "columnId": "KmZwjVHLaC",
                    "value": {
                      "$blocksuite:internal:text$": true,
                      "delta": [
                        {
                          "insert": "[Insert Focus]"
                        }
                      ]
                    }
                  },
                  "TAqgZWz55X": {
                    "columnId": "TAqgZWz55X",
                    "value": {
                      "$blocksuite:internal:text$": true,
                      "delta": [
                        {
                          "insert": "[Insert Task]"
                        }
                      ]
                    }
                  },
                  "sKvijTUfza": {
                    "columnId": "sKvijTUfza",
                    "value": {
                      "$blocksuite:internal:text$": true,
                      "delta": [
                        {
                          "insert": "[Not Started/In Progress/Complete]"
                        }
                      ]
                    }
                  }
                },
                "cEZVa3ZvgQn7Q80bg2P9V": {
                  "KmZwjVHLaC": {
                    "columnId": "KmZwjVHLaC",
                    "value": {
                      "$blocksuite:internal:text$": true,
                      "delta": [
                        {
                          "insert": "[Insert Focus]"
                        }
                      ]
                    }
                  },
                  "TAqgZWz55X": {
                    "columnId": "TAqgZWz55X",
                    "value": {
                      "$blocksuite:internal:text$": true,
                      "delta": [
                        {
                          "insert": "[Insert Task]"
                        }
                      ]
                    }
                  },
                  "sKvijTUfza": {
                    "columnId": "sKvijTUfza",
                    "value": {
                      "$blocksuite:internal:text$": true,
                      "delta": [
                        {
                          "insert": "[Not Started/In Progress/Complete]"
                        }
                      ]
                    }
                  }
                }
              },
              "columns": [
                {
                  "type": "title",
                  "name": "Week Number",
                  "data": {},
                  "id": "COw8haD7kj"
                },
                {
                  "type": "rich-text",
                  "name": "Main Focus",
                  "data": {},
                  "id": "KmZwjVHLaC"
                },
                {
                  "type": "rich-text",
                  "name": "Key Tasks",
                  "data": {},
                  "id": "TAqgZWz55X"
                },
                {
                  "type": "rich-text",
                  "name": "Progress",
                  "data": {},
                  "id": "sKvijTUfza"
                }
              ]
            },
            "children": [
              {
                "type": "block",
                "id": "GiES-FJieLnOz49FUMBMu",
                "flavour": "affine:paragraph",
                "version": 1,
                "props": {
                  "type": "text",
                  "text": {
                    "$blocksuite:internal:text$": true,
                    "delta": [
                      {
                        "insert": "Week 1"
                      }
                    ]
                  }
                },
                "children": []
              },
              {
                "type": "block",
                "id": "RjZuvneMGz_tM53SI58Tj",
                "flavour": "affine:paragraph",
                "version": 1,
                "props": {
                  "type": "text",
                  "text": {
                    "$blocksuite:internal:text$": true,
                    "delta": [
                      {
                        "insert": "Week 2"
                      }
                    ]
                  }
                },
                "children": []
              },
              {
                "type": "block",
                "id": "ZQzRSRODWLGs1SA98gxEu",
                "flavour": "affine:paragraph",
                "version": 1,
                "props": {
                  "type": "text",
                  "text": {
                    "$blocksuite:internal:text$": true,
                    "delta": [
                      {
                        "insert": "Week 3"
                      }
                    ]
                  }
                },
                "children": []
              },
              {
                "type": "block",
                "id": "cEZVa3ZvgQn7Q80bg2P9V",
                "flavour": "affine:paragraph",
                "version": 1,
                "props": {
                  "type": "text",
                  "text": {
                    "$blocksuite:internal:text$": true,
                    "delta": [
                      {
                        "insert": "Week 4"
                      }
                    ]
                  }
                },
                "children": []
              }
            ]
          },
          {
            "type": "block",
            "id": "AE5QTfddaSzNhPWvCdZFl",
            "flavour": "affine:paragraph",
            "version": 1,
            "props": {
              "type": "h3",
              "text": {
                "$blocksuite:internal:text$": true,
                "delta": [
                  {
                    "insert": "3.2. Task Prioritization"
                  }
                ]
              }
            },
            "children": []
          },
          {
            "type": "block",
            "id": "u04xic3oVrHkuIMG9Euc7",
            "flavour": "affine:list",
            "version": 1,
            "props": {
              "type": "bulleted",
              "text": {
                "$blocksuite:internal:text$": true,
                "delta": [
                  {
                    "insert": "High Priority Tasks",
                    "attributes": {
                      "bold": true
                    }
                  },
                  {
                    "insert": ": [Insert High Priority Task]"
                  }
                ]
              },
              "checked": false,
              "collapsed": false,
              "order": null
            },
            "children": []
          },
          {
            "type": "block",
            "id": "p30rutPev2t13fFcqWznS",
            "flavour": "affine:list",
            "version": 1,
            "props": {
              "type": "bulleted",
              "text": {
                "$blocksuite:internal:text$": true,
                "delta": [
                  {
                    "insert": "Medium Priority Tasks",
                    "attributes": {
                      "bold": true
                    }
                  },
                  {
                    "insert": ": [Insert Medium Priority Task]"
                  }
                ]
              },
              "checked": false,
              "collapsed": false,
              "order": null
            },
            "children": []
          },
          {
            "type": "block",
            "id": "zpn0IDueE2mwC264FiEZT",
            "flavour": "affine:list",
            "version": 1,
            "props": {
              "type": "bulleted",
              "text": {
                "$blocksuite:internal:text$": true,
                "delta": [
                  {
                    "insert": "Low Priority Tasks",
                    "attributes": {
                      "bold": true
                    }
                  },
                  {
                    "insert": ": [Insert Low Priority Task]"
                  }
                ]
              },
              "checked": false,
              "collapsed": false,
              "order": null
            },
            "children": []
          },
          {
            "type": "block",
            "id": "oN3t1BA7HCAmoZrNf0Nqh",
            "flavour": "affine:divider",
            "version": 1,
            "props": {},
            "children": []
          },
          {
            "type": "block",
            "id": "IWcFvc66_fQIfZQhhNAm1",
            "flavour": "affine:paragraph",
            "version": 1,
            "props": {
              "type": "h2",
              "text": {
                "$blocksuite:internal:text$": true,
                "delta": [
                  {
                    "insert": "4. Quarterly Review"
                  }
                ]
              }
            },
            "children": []
          },
          {
            "type": "block",
            "id": "Va-hYsHcSGgEAaK0NZvkI",
            "flavour": "affine:paragraph",
            "version": 1,
            "props": {
              "type": "h3",
              "text": {
                "$blocksuite:internal:text$": true,
                "delta": [
                  {
                    "insert": "4.1. Review Progress"
                  }
                ]
              }
            },
            "children": []
          },
          {
            "type": "block",
            "id": "fTGwm-m7KOgfYZEyRBhTb",
            "flavour": "affine:database",
            "version": 3,
            "props": {
              "views": [
                {
                  "id": "gOjqeO_vK7",
                  "name": "Table View",
                  "mode": "table",
                  "columns": [],
                  "filter": {
                    "type": "group",
                    "op": "and",
                    "conditions": []
                  },
                  "header": {
                    "titleColumn": "Jmay1CtWWY",
                    "iconColumn": "type"
                  }
                }
              ],
              "title": {
                "$blocksuite:internal:text$": true,
                "delta": []
              },
              "cells": {
                "xuOzluUfpwaEmDaHdob0D": {
                  "2xnsfWpolY": {
                    "columnId": "2xnsfWpolY",
                    "value": {
                      "$blocksuite:internal:text$": true,
                      "delta": [
                        {
                          "insert": "[Insert Achievement]"
                        }
                      ]
                    }
                  },
                  "2nqAnJLswl": {
                    "columnId": "2nqAnJLswl",
                    "value": {
                      "$blocksuite:internal:text$": true,
                      "delta": [
                        {
                          "insert": "[Insert Challenge]"
                        }
                      ]
                    }
                  },
                  "CpgNsldKC3": {
                    "columnId": "CpgNsldKC3",
                    "value": {
                      "$blocksuite:internal:text$": true,
                      "delta": [
                        {
                          "insert": "[Insert Adjustment]"
                        }
                      ]
                    }
                  }
                },
                "Hsm4_5YNARa-bgKrv9JZ8": {
                  "2xnsfWpolY": {
                    "columnId": "2xnsfWpolY",
                    "value": {
                      "$blocksuite:internal:text$": true,
                      "delta": [
                        {
                          "insert": "[Insert Achievement]"
                        }
                      ]
                    }
                  },
                  "2nqAnJLswl": {
                    "columnId": "2nqAnJLswl",
                    "value": {
                      "$blocksuite:internal:text$": true,
                      "delta": [
                        {
                          "insert": "[Insert Challenge]"
                        }
                      ]
                    }
                  },
                  "CpgNsldKC3": {
                    "columnId": "CpgNsldKC3",
                    "value": {
                      "$blocksuite:internal:text$": true,
                      "delta": [
                        {
                          "insert": "[Insert Adjustment]"
                        }
                      ]
                    }
                  }
                },
                "rytWrzI0xGM2z4jhT32Y6": {
                  "2xnsfWpolY": {
                    "columnId": "2xnsfWpolY",
                    "value": {
                      "$blocksuite:internal:text$": true,
                      "delta": [
                        {
                          "insert": "[Insert Achievement]"
                        }
                      ]
                    }
                  },
                  "2nqAnJLswl": {
                    "columnId": "2nqAnJLswl",
                    "value": {
                      "$blocksuite:internal:text$": true,
                      "delta": [
                        {
                          "insert": "[Insert Challenge]"
                        }
                      ]
                    }
                  },
                  "CpgNsldKC3": {
                    "columnId": "CpgNsldKC3",
                    "value": {
                      "$blocksuite:internal:text$": true,
                      "delta": [
                        {
                          "insert": "[Insert Adjustment]"
                        }
                      ]
                    }
                  }
                },
                "hJ5L1__GehLJaHVPamwIw": {
                  "2xnsfWpolY": {
                    "columnId": "2xnsfWpolY",
                    "value": {
                      "$blocksuite:internal:text$": true,
                      "delta": [
                        {
                          "insert": "[Insert Achievement]"
                        }
                      ]
                    }
                  },
                  "2nqAnJLswl": {
                    "columnId": "2nqAnJLswl",
                    "value": {
                      "$blocksuite:internal:text$": true,
                      "delta": [
                        {
                          "insert": "[Insert Challenge]"
                        }
                      ]
                    }
                  },
                  "CpgNsldKC3": {
                    "columnId": "CpgNsldKC3",
                    "value": {
                      "$blocksuite:internal:text$": true,
                      "delta": [
                        {
                          "insert": "[Insert Adjustment]"
                        }
                      ]
                    }
                  }
                }
              },
              "columns": [
                {
                  "type": "title",
                  "name": "Quarter",
                  "data": {},
                  "id": "Jmay1CtWWY"
                },
                {
                  "type": "rich-text",
                  "name": "Goals Achieved",
                  "data": {},
                  "id": "2xnsfWpolY"
                },
                {
                  "type": "rich-text",
                  "name": "Challenges Faced",
                  "data": {},
                  "id": "2nqAnJLswl"
                },
                {
                  "type": "rich-text",
                  "name": "Adjustments for Next Quarter",
                  "data": {},
                  "id": "CpgNsldKC3"
                }
              ]
            },
            "children": [
              {
                "type": "block",
                "id": "xuOzluUfpwaEmDaHdob0D",
                "flavour": "affine:paragraph",
                "version": 1,
                "props": {
                  "type": "text",
                  "text": {
                    "$blocksuite:internal:text$": true,
                    "delta": [
                      {
                        "insert": "Q1"
                      }
                    ]
                  }
                },
                "children": []
              },
              {
                "type": "block",
                "id": "Hsm4_5YNARa-bgKrv9JZ8",
                "flavour": "affine:paragraph",
                "version": 1,
                "props": {
                  "type": "text",
                  "text": {
                    "$blocksuite:internal:text$": true,
                    "delta": [
                      {
                        "insert": "Q2"
                      }
                    ]
                  }
                },
                "children": []
              },
              {
                "type": "block",
                "id": "rytWrzI0xGM2z4jhT32Y6",
                "flavour": "affine:paragraph",
                "version": 1,
                "props": {
                  "type": "text",
                  "text": {
                    "$blocksuite:internal:text$": true,
                    "delta": [
                      {
                        "insert": "Q3"
                      }
                    ]
                  }
                },
                "children": []
              },
              {
                "type": "block",
                "id": "hJ5L1__GehLJaHVPamwIw",
                "flavour": "affine:paragraph",
                "version": 1,
                "props": {
                  "type": "text",
                  "text": {
                    "$blocksuite:internal:text$": true,
                    "delta": [
                      {
                        "insert": "Q4"
                      }
                    ]
                  }
                },
                "children": []
              }
            ]
          },
          {
            "type": "block",
            "id": "TDExtp3hwiMoac2MPUyoF",
            "flavour": "affine:divider",
            "version": 1,
            "props": {},
            "children": []
          },
          {
            "type": "block",
            "id": "-HnstcxIltDzCj2ethPdy",
            "flavour": "affine:paragraph",
            "version": 1,
            "props": {
              "type": "h2",
              "text": {
                "$blocksuite:internal:text$": true,
                "delta": [
                  {
                    "insert": "5. Yearly Reflection"
                  }
                ]
              }
            },
            "children": []
          },
          {
            "type": "block",
            "id": "9GSEQUyLc5GY8IatVHyio",
            "flavour": "affine:paragraph",
            "version": 1,
            "props": {
              "type": "h3",
              "text": {
                "$blocksuite:internal:text$": true,
                "delta": [
                  {
                    "insert": "5.1. Year-End Review"
                  }
                ]
              }
            },
            "children": []
          },
          {
            "type": "block",
            "id": "RQK3YF8rJp0uAROkIp4XW",
            "flavour": "affine:list",
            "version": 1,
            "props": {
              "type": "bulleted",
              "text": {
                "$blocksuite:internal:text$": true,
                "delta": [
                  {
                    "insert": "Accomplishments",
                    "attributes": {
                      "bold": true
                    }
                  },
                  {
                    "insert": ": [Insert Accomplishments]"
                  }
                ]
              },
              "checked": false,
              "collapsed": false,
              "order": null
            },
            "children": []
          },
          {
            "type": "block",
            "id": "Vx_4CcSebmWb0womPdWc0",
            "flavour": "affine:list",
            "version": 1,
            "props": {
              "type": "bulleted",
              "text": {
                "$blocksuite:internal:text$": true,
                "delta": [
                  {
                    "insert": "Areas for Improvement",
                    "attributes": {
                      "bold": true
                    }
                  },
                  {
                    "insert": ": [Insert Areas for Improvement]"
                  }
                ]
              },
              "checked": false,
              "collapsed": false,
              "order": null
            },
            "children": []
          },
          {
            "type": "block",
            "id": "Dr3v88QdwshvVGeYJtpkP",
            "flavour": "affine:list",
            "version": 1,
            "props": {
              "type": "bulleted",
              "text": {
                "$blocksuite:internal:text$": true,
                "delta": [
                  {
                    "insert": "Goals for Next Year",
                    "attributes": {
                      "bold": true
                    }
                  },
                  {
                    "insert": ": [Insert New Year Goals]"
                  }
                ]
              },
              "checked": false,
              "collapsed": false,
              "order": null
            },
            "children": []
          },
          {
            "type": "block",
            "id": "gna_SdqieXGJggZD3WjTh",
            "flavour": "affine:divider",
            "version": 1,
            "props": {},
            "children": []
          },
          {
            "type": "block",
            "id": "Hlssk-xNIrpjX89pj_667",
            "flavour": "affine:paragraph",
            "version": 1,
            "props": {
              "type": "h2",
              "text": {
                "$blocksuite:internal:text$": true,
                "delta": [
                  {
                    "insert": "6. Notes and Ideas"
                  }
                ]
              }
            },
            "children": []
          },
          {
            "type": "block",
            "id": "UFyCSEKX4ehij2IvJ-Non",
            "flavour": "affine:list",
            "version": 1,
            "props": {
              "type": "bulleted",
              "text": {
                "$blocksuite:internal:text$": true,
                "delta": [
                  {
                    "insert": "Use this section to jot down any extra thoughts, creative ideas, or reminders throughout the year."
                  }
                ]
              },
              "checked": false,
              "collapsed": false,
              "order": null
            },
            "children": []
          },
          {
            "type": "block",
            "id": "HCDtB6hiWEoOZqiCob-nN",
            "flavour": "affine:divider",
            "version": 1,
            "props": {},
            "children": []
          }
        ]
      }
    ]
  }
}