{
  "type": "page",
  "meta": {
    "id": "KaleLT2bTNcs9sQ4o_Ke1",
    "title": "\nStandard operating procedure (Only)",
    "createDate": 1727425991060,
    "tags": []
  },
  "blocks": {
    "type": "block",
    "id": "oo2x5-P81-i4Kv26TGCyD",
    "flavour": "affine:page",
    "version": 2,
    "props": {
      "title": {
        "$blocksuite:internal:text$": true,
        "delta": [
          {
            "insert": "\nStandard operating procedure (Only)"
          }
        ]
      }
    },
    "children": [
      {
        "type": "block",
        "id": "FyHdDcvu15Ehvfcfv5hbU",
        "flavour": "affine:surface",
        "version": 5,
        "props": {
          "elements": {}
        },
        "children": []
      },
      {
        "type": "block",
        "id": "PI85NXqk11ndSLG78sLZI",
        "flavour": "affine:note",
        "version": 1,
        "props": {
          "xywh": "[26.12890625,32.671875,800,2116]",
          "background": "--affine-note-background-white",
          "index": "a0",
          "hidden": false,
          "displayMode": "both",
          "edgeless": {
            "style": {
              "borderSize": 4,
              "borderStyle": "none",
              "shadowType": "--affine-note-shadow-box",
              "borderRadius": 8
            }
          }
        },
        "children": [
          {
            "type": "block",
            "id": "AfmLwwXvqeB3Cy_0YrSAf",
            "flavour": "affine:paragraph",
            "version": 1,
            "props": {
              "type": "h2",
              "text": {
                "$blocksuite:internal:text$": true,
                "delta": [
                  {
                    "insert": "SOP Number:",
                    "attributes": {
                      "bold": true
                    }
                  },
                  {
                    "insert": " [Unique Identifier]"
                  }
                ]
              }
            },
            "children": []
          },
          {
            "type": "block",
            "id": "srLo4udSfAzopk1wPgVbL",
            "flavour": "affine:paragraph",
            "version": 1,
            "props": {
              "type": "text",
              "text": {
                "$blocksuite:internal:text$": true,
                "delta": [
                  {
                    "insert": "Title:",
                    "attributes": {
                      "bold": true
                    }
                  },
                  {
                    "insert": " [Procedure Title]"
                  }
                ]
              }
            },
            "children": []
          },
          {
            "type": "block",
            "id": "gmVEGBFOO0RFn1ePZAnKW",
            "flavour": "affine:paragraph",
            "version": 1,
            "props": {
              "type": "text",
              "text": {
                "$blocksuite:internal:text$": true,
                "delta": [
                  {
                    "insert": "Effective Date:",
                    "attributes": {
                      "bold": true
                    }
                  },
                  {
                    "insert": " [Date]"
                  }
                ]
              }
            },
            "children": []
          },
          {
            "type": "block",
            "id": "DM2t4WLoT51IEiyVv7xfr",
            "flavour": "affine:paragraph",
            "version": 1,
            "props": {
              "type": "text",
              "text": {
                "$blocksuite:internal:text$": true,
                "delta": [
                  {
                    "insert": "Review Date:",
                    "attributes": {
                      "bold": true
                    }
                  },
                  {
                    "insert": " [Date]"
                  }
                ]
              }
            },
            "children": []
          },
          {
            "type": "block",
            "id": "dErc9JOB0v1fthqV1X8no",
            "flavour": "affine:paragraph",
            "version": 1,
            "props": {
              "type": "text",
              "text": {
                "$blocksuite:internal:text$": true,
                "delta": [
                  {
                    "insert": "Version:",
                    "attributes": {
                      "bold": true
                    }
                  },
                  {
                    "insert": " [Version Number]"
                  }
                ]
              }
            },
            "children": []
          },
          {
            "type": "block",
            "id": "rwKyl8H1NfXZX4033-6af",
            "flavour": "affine:divider",
            "version": 1,
            "props": {},
            "children": []
          },
          {
            "type": "block",
            "id": "5-7ssLaSyrfwtGpM-5KPM",
            "flavour": "affine:paragraph",
            "version": 1,
            "props": {
              "type": "h5",
              "text": {
                "$blocksuite:internal:text$": true,
                "delta": [
                  {
                    "insert": "1. Purpose"
                  }
                ]
              }
            },
            "children": []
          },
          {
            "type": "block",
            "id": "dnC-75OuCXGhS72nIPJJL",
            "flavour": "affine:paragraph",
            "version": 1,
            "props": {
              "type": "text",
              "text": {
                "$blocksuite:internal:text$": true,
                "delta": [
                  {
                    "insert": "[Describe the purpose of the SOP. What does it aim to achieve?]"
                  }
                ]
              }
            },
            "children": []
          },
          {
            "type": "block",
            "id": "ZrOKm3WhnSpECy12PA7SA",
            "flavour": "affine:paragraph",
            "version": 1,
            "props": {
              "type": "text",
              "text": {
                "$blocksuite:internal:text$": true,
                "delta": []
              }
            },
            "children": []
          },
          {
            "type": "block",
            "id": "_qWYIeZshrgZ80HklI-xT",
            "flavour": "affine:paragraph",
            "version": 1,
            "props": {
              "type": "h5",
              "text": {
                "$blocksuite:internal:text$": true,
                "delta": [
                  {
                    "insert": "2. Scope"
                  }
                ]
              }
            },
            "children": []
          },
          {
            "type": "block",
            "id": "Jx-gEFaV-Gteq4D4FA1OO",
            "flavour": "affine:paragraph",
            "version": 1,
            "props": {
              "type": "text",
              "text": {
                "$blocksuite:internal:text$": true,
                "delta": [
                  {
                    "insert": "[Define the scope of the SOP. Which departments, roles, or processes does it apply to?]"
                  }
                ]
              }
            },
            "children": []
          },
          {
            "type": "block",
            "id": "EFi3S8LYEhEnQhat7J75M",
            "flavour": "affine:paragraph",
            "version": 1,
            "props": {
              "type": "text",
              "text": {
                "$blocksuite:internal:text$": true,
                "delta": []
              }
            },
            "children": []
          },
          {
            "type": "block",
            "id": "U0Cv5yF1-JOS8UtzGewO_",
            "flavour": "affine:paragraph",
            "version": 1,
            "props": {
              "type": "h5",
              "text": {
                "$blocksuite:internal:text$": true,
                "delta": [
                  {
                    "insert": "3. Responsibilities"
                  }
                ]
              }
            },
            "children": []
          },
          {
            "type": "block",
            "id": "Sn6ZPCvLFjqe6ygJ9E_h6",
            "flavour": "affine:list",
            "version": 1,
            "props": {
              "type": "bulleted",
              "text": {
                "$blocksuite:internal:text$": true,
                "delta": [
                  {
                    "insert": "[Role 1]:",
                    "attributes": {
                      "bold": true
                    }
                  },
                  {
                    "insert": " [Describe the responsibility of this role.]"
                  }
                ]
              },
              "checked": false,
              "collapsed": false,
              "order": null
            },
            "children": []
          },
          {
            "type": "block",
            "id": "wiE27Y3UlaI1EPVhWMHUW",
            "flavour": "affine:list",
            "version": 1,
            "props": {
              "type": "bulleted",
              "text": {
                "$blocksuite:internal:text$": true,
                "delta": [
                  {
                    "insert": "[Role 2]:",
                    "attributes": {
                      "bold": true
                    }
                  },
                  {
                    "insert": " [Describe the responsibility of this role.]"
                  }
                ]
              },
              "checked": false,
              "collapsed": false,
              "order": null
            },
            "children": []
          },
          {
            "type": "block",
            "id": "rxq39iy2uHJmKYSWsef14",
            "flavour": "affine:list",
            "version": 1,
            "props": {
              "type": "bulleted",
              "text": {
                "$blocksuite:internal:text$": true,
                "delta": [
                  {
                    "insert": "[Role 3]:",
                    "attributes": {
                      "bold": true
                    }
                  },
                  {
                    "insert": " [Describe the responsibility of this role.]"
                  }
                ]
              },
              "checked": false,
              "collapsed": false,
              "order": null
            },
            "children": []
          },
          {
            "type": "block",
            "id": "weTG3y3UawbRJzB1j3ETS",
            "flavour": "affine:paragraph",
            "version": 1,
            "props": {
              "type": "text",
              "text": {
                "$blocksuite:internal:text$": true,
                "delta": []
              }
            },
            "children": []
          },
          {
            "type": "block",
            "id": "l3kZ2aPh1svsniDa4WFpy",
            "flavour": "affine:paragraph",
            "version": 1,
            "props": {
              "type": "h5",
              "text": {
                "$blocksuite:internal:text$": true,
                "delta": [
                  {
                    "insert": "4. Procedure"
                  }
                ]
              }
            },
            "children": []
          },
          {
            "type": "block",
            "id": "OvmLMmasCUUda-uFIJ9yP",
            "flavour": "affine:paragraph",
            "version": 1,
            "props": {
              "type": "text",
              "text": {
                "$blocksuite:internal:text$": true,
                "delta": [
                  {
                    "insert": "Step 1: [Task Description]",
                    "attributes": {
                      "bold": true
                    }
                  }
                ]
              }
            },
            "children": []
          },
          {
            "type": "block",
            "id": "E48HmVHN3OM9DwMFtpmMm",
            "flavour": "affine:list",
            "version": 1,
            "props": {
              "type": "bulleted",
              "text": {
                "$blocksuite:internal:text$": true,
                "delta": [
                  {
                    "insert": "Action: [Detail the action to be performed.]"
                  }
                ]
              },
              "checked": false,
              "collapsed": false,
              "order": null
            },
            "children": []
          },
          {
            "type": "block",
            "id": "e72ao5wYstsEn9LHfA0V3",
            "flavour": "affine:list",
            "version": 1,
            "props": {
              "type": "bulleted",
              "text": {
                "$blocksuite:internal:text$": true,
                "delta": [
                  {
                    "insert": "Responsible: [Who performs this action.]"
                  }
                ]
              },
              "checked": false,
              "collapsed": false,
              "order": null
            },
            "children": []
          },
          {
            "type": "block",
            "id": "JZ9lENaQYKn5A0IX7bXkf",
            "flavour": "affine:list",
            "version": 1,
            "props": {
              "type": "bulleted",
              "text": {
                "$blocksuite:internal:text$": true,
                "delta": [
                  {
                    "insert": "Reference: [Documents, tools, or systems used.]"
                  }
                ]
              },
              "checked": false,
              "collapsed": false,
              "order": null
            },
            "children": []
          },
          {
            "type": "block",
            "id": "YKqbxM4kz3ZX_j34D75Z7",
            "flavour": "affine:paragraph",
            "version": 1,
            "props": {
              "type": "text",
              "text": {
                "$blocksuite:internal:text$": true,
                "delta": []
              }
            },
            "children": []
          },
          {
            "type": "block",
            "id": "T_vb4KOe0CbWqF7hSEV4C",
            "flavour": "affine:paragraph",
            "version": 1,
            "props": {
              "type": "text",
              "text": {
                "$blocksuite:internal:text$": true,
                "delta": [
                  {
                    "insert": "Step 2: [Task Description]",
                    "attributes": {
                      "bold": true
                    }
                  }
                ]
              }
            },
            "children": []
          },
          {
            "type": "block",
            "id": "2IPC9w1S6F6_arzE9L3Oq",
            "flavour": "affine:list",
            "version": 1,
            "props": {
              "type": "bulleted",
              "text": {
                "$blocksuite:internal:text$": true,
                "delta": [
                  {
                    "insert": "Action: [Detail the action to be performed.]"
                  }
                ]
              },
              "checked": false,
              "collapsed": false,
              "order": null
            },
            "children": []
          },
          {
            "type": "block",
            "id": "T1ONOQFMzIXScPOkscxfJ",
            "flavour": "affine:list",
            "version": 1,
            "props": {
              "type": "bulleted",
              "text": {
                "$blocksuite:internal:text$": true,
                "delta": [
                  {
                    "insert": "Responsible: [Who performs this action.]"
                  }
                ]
              },
              "checked": false,
              "collapsed": false,
              "order": null
            },
            "children": []
          },
          {
            "type": "block",
            "id": "zBID9XHlIV0A-B-pwBsQa",
            "flavour": "affine:list",
            "version": 1,
            "props": {
              "type": "bulleted",
              "text": {
                "$blocksuite:internal:text$": true,
                "delta": [
                  {
                    "insert": "Reference: [Documents, tools, or systems used.]"
                  }
                ]
              },
              "checked": false,
              "collapsed": false,
              "order": null
            },
            "children": []
          },
          {
            "type": "block",
            "id": "NJziT9p90BB56lSwgjKhj",
            "flavour": "affine:paragraph",
            "version": 1,
            "props": {
              "type": "text",
              "text": {
                "$blocksuite:internal:text$": true,
                "delta": []
              }
            },
            "children": []
          },
          {
            "type": "block",
            "id": "qYzp2E4vpmRuJAVa1ePLr",
            "flavour": "affine:paragraph",
            "version": 1,
            "props": {
              "type": "text",
              "text": {
                "$blocksuite:internal:text$": true,
                "delta": [
                  {
                    "insert": "(Add additional steps as necessary.)",
                    "attributes": {
                      "italic": true
                    }
                  }
                ]
              }
            },
            "children": []
          },
          {
            "type": "block",
            "id": "wH5YX6KX-KZZZDGLF7kZ8",
            "flavour": "affine:paragraph",
            "version": 1,
            "props": {
              "type": "text",
              "text": {
                "$blocksuite:internal:text$": true,
                "delta": []
              }
            },
            "children": []
          },
          {
            "type": "block",
            "id": "VYEAkBNxD9xFpim63ekv2",
            "flavour": "affine:paragraph",
            "version": 1,
            "props": {
              "type": "h5",
              "text": {
                "$blocksuite:internal:text$": true,
                "delta": [
                  {
                    "insert": "5. References"
                  }
                ]
              }
            },
            "children": []
          },
          {
            "type": "block",
            "id": "dDu8wypK1P3fRgZLXh-Ea",
            "flavour": "affine:paragraph",
            "version": 1,
            "props": {
              "type": "text",
              "text": {
                "$blocksuite:internal:text$": true,
                "delta": [
                  {
                    "insert": "[List any documents, manuals, or other SOPs that are referenced in this procedure.]"
                  }
                ]
              }
            },
            "children": []
          },
          {
            "type": "block",
            "id": "TQS1WEvZFoChDA4zBGnBO",
            "flavour": "affine:paragraph",
            "version": 1,
            "props": {
              "type": "text",
              "text": {
                "$blocksuite:internal:text$": true,
                "delta": []
              }
            },
            "children": []
          },
          {
            "type": "block",
            "id": "0sDY5Ki0Ta8qQb-T30sMX",
            "flavour": "affine:paragraph",
            "version": 1,
            "props": {
              "type": "h5",
              "text": {
                "$blocksuite:internal:text$": true,
                "delta": [
                  {
                    "insert": "6. Definitions"
                  }
                ]
              }
            },
            "children": []
          },
          {
            "type": "block",
            "id": "A2j1wFZjgudVa_iAbouWN",
            "flavour": "affine:paragraph",
            "version": 1,
            "props": {
              "type": "text",
              "text": {
                "$blocksuite:internal:text$": true,
                "delta": [
                  {
                    "insert": "[Define any specific terms, acronyms, or jargon used in the SOP.]"
                  }
                ]
              }
            },
            "children": []
          },
          {
            "type": "block",
            "id": "1YgfJ7CS5RLKPJiqYTVxd",
            "flavour": "affine:paragraph",
            "version": 1,
            "props": {
              "type": "text",
              "text": {
                "$blocksuite:internal:text$": true,
                "delta": []
              }
            },
            "children": []
          },
          {
            "type": "block",
            "id": "sSg4ibda-Fnf9jXbAXwgw",
            "flavour": "affine:database",
            "version": 3,
            "props": {
              "views": [
                {
                  "id": "Pz6Yd1mEOP",
                  "name": "Table View",
                  "mode": "table",
                  "columns": [],
                  "filter": {
                    "type": "group",
                    "op": "and",
                    "conditions": []
                  },
                  "header": {
                    "titleColumn": "a0kZOrM0KX",
                    "iconColumn": "type"
                  }
                }
              ],
              "title": {
                "$blocksuite:internal:text$": true,
                "delta": [
                  {
                    "insert": "7. Revision History"
                  }
                ]
              },
              "cells": {
                "w2R3PztetLsl3oJTR5nNd": {
                  "wg3ZMTjkUR": {
                    "columnId": "wg3ZMTjkUR",
                    "value": {
                      "$blocksuite:internal:text$": true,
                      "delta": [
                        {
                          "insert": "[Version]"
                        }
                      ]
                    }
                  },
                  "BzOopECqsY": {
                    "columnId": "BzOopECqsY",
                    "value": {
                      "$blocksuite:internal:text$": true,
                      "delta": [
                        {
                          "insert": "[Description of changes]"
                        }
                      ]
                    }
                  },
                  "hlJlqHFv7W": {
                    "columnId": "hlJlqHFv7W"
                  }
                }
              },
              "columns": [
                {
                  "type": "title",
                  "name": "Auther",
                  "data": {},
                  "id": "a0kZOrM0KX"
                },
                {
                  "type": "rich-text",
                  "name": "Version",
                  "data": {},
                  "id": "wg3ZMTjkUR"
                },
                {
                  "type": "rich-text",
                  "name": "Description of changes",
                  "data": {},
                  "id": "BzOopECqsY"
                },
                {
                  "type": "date",
                  "name": "Date",
                  "data": {},
                  "id": "hlJlqHFv7W"
                }
              ]
            },
            "children": [
              {
                "type": "block",
                "id": "w2R3PztetLsl3oJTR5nNd",
                "flavour": "affine:paragraph",
                "version": 1,
                "props": {
                  "type": "text",
                  "text": {
                    "$blocksuite:internal:text$": true,
                    "delta": [
                      {
                        "insert": "[Author]"
                      }
                    ]
                  }
                },
                "children": []
              }
            ]
          },
          {
            "type": "block",
            "id": "YlpVI1TjBUMv7teHFkMs-",
            "flavour": "affine:database",
            "version": 3,
            "props": {
              "views": [
                {
                  "id": "kairKNg242",
                  "name": "Table View",
                  "mode": "table",
                  "columns": [],
                  "filter": {
                    "type": "group",
                    "op": "and",
                    "conditions": []
                  },
                  "header": {
                    "titleColumn": "DTk-K8bTWC",
                    "iconColumn": "type"
                  }
                }
              ],
              "title": {
                "$blocksuite:internal:text$": true,
                "delta": [
                  {
                    "insert": "8. Approval"
                  }
                ]
              },
              "cells": {
                "5tjSWho69PpYl0nqvuq7d": {
                  "g8WzOWgmnm": {
                    "columnId": "g8WzOWgmnm",
                    "value": {
                      "$blocksuite:internal:text$": true,
                      "delta": [
                        {
                          "insert": "[Title]"
                        }
                      ]
                    }
                  },
                  "WDj8QJRbo3": {
                    "columnId": "WDj8QJRbo3",
                    "value": {
                      "$blocksuite:internal:text$": true,
                      "delta": [
                        {
                          "insert": "[Signature]"
                        }
                      ]
                    }
                  },
                  "nZcRfFQyyW": {
                    "columnId": "nZcRfFQyyW"
                  }
                },
                "XHp6duyltnpO9HHsI0yKz": {
                  "g8WzOWgmnm": {
                    "columnId": "g8WzOWgmnm",
                    "value": {
                      "$blocksuite:internal:text$": true,
                      "delta": [
                        {
                          "insert": "[Title]"
                        }
                      ]
                    }
                  },
                  "WDj8QJRbo3": {
                    "columnId": "WDj8QJRbo3",
                    "value": {
                      "$blocksuite:internal:text$": true,
                      "delta": [
                        {
                          "insert": "[Signature]"
                        }
                      ]
                    }
                  },
                  "nZcRfFQyyW": {
                    "columnId": "nZcRfFQyyW"
                  }
                }
              },
              "columns": [
                {
                  "type": "title",
                  "name": "Name",
                  "data": {},
                  "id": "DTk-K8bTWC"
                },
                {
                  "type": "rich-text",
                  "name": "Title",
                  "data": {},
                  "id": "g8WzOWgmnm"
                },
                {
                  "type": "rich-text",
                  "name": "Signature",
                  "data": {},
                  "id": "WDj8QJRbo3"
                },
                {
                  "type": "date",
                  "name": "Date",
                  "data": {},
                  "id": "nZcRfFQyyW"
                }
              ]
            },
            "children": [
              {
                "type": "block",
                "id": "5tjSWho69PpYl0nqvuq7d",
                "flavour": "affine:paragraph",
                "version": 1,
                "props": {
                  "type": "text",
                  "text": {
                    "$blocksuite:internal:text$": true,
                    "delta": [
                      {
                        "insert": "[Name]"
                      }
                    ]
                  }
                },
                "children": []
              },
              {
                "type": "block",
                "id": "XHp6duyltnpO9HHsI0yKz",
                "flavour": "affine:paragraph",
                "version": 1,
                "props": {
                  "type": "text",
                  "text": {
                    "$blocksuite:internal:text$": true,
                    "delta": [
                      {
                        "insert": "[Name]"
                      }
                    ]
                  }
                },
                "children": []
              }
            ]
          },
          {
            "type": "block",
            "id": "UEElHMR-AD11MSFgF_psm",
            "flavour": "affine:paragraph",
            "version": 1,
            "props": {
              "type": "text",
              "text": {
                "$blocksuite:internal:text$": true,
                "delta": []
              }
            },
            "children": []
          },
          {
            "type": "block",
            "id": "LjBGh9h0wzGBIX8oRLuMO",
            "flavour": "affine:paragraph",
            "version": 1,
            "props": {
              "type": "h5",
              "text": {
                "$blocksuite:internal:text$": true,
                "delta": [
                  {
                    "insert": "Appendices (if necessary)"
                  }
                ]
              }
            },
            "children": []
          },
          {
            "type": "block",
            "id": "sSGcuIKq0fPRJsYWKSuJE",
            "flavour": "affine:paragraph",
            "version": 1,
            "props": {
              "type": "text",
              "text": {
                "$blocksuite:internal:text$": true,
                "delta": [
                  {
                    "insert": "[Include any additional documents, forms, or diagrams that support the SOP.]"
                  }
                ]
              }
            },
            "children": []
          },
          {
            "type": "block",
            "id": "ZOAGFjsJu6sJEECe6Ez77",
            "flavour": "affine:divider",
            "version": 1,
            "props": {},
            "children": []
          },
          {
            "type": "block",
            "id": "R_1KroMkTTckt5ZMqnDu7",
            "flavour": "affine:paragraph",
            "version": 1,
            "props": {
              "type": "text",
              "text": {
                "$blocksuite:internal:text$": true,
                "delta": [
                  {
                    "insert": "This template is fully customizable to fit your specific needs. Each section can be modified or expanded as required."
                  }
                ]
              }
            },
            "children": []
          }
        ]
      }
    ]
  }
}