{
  "type": "page",
  "meta": {
    "id": "rLQBOFWnGP1yMQfln6xk3",
    "title": "Cornell Notes Template（Only）",
    "createDate": 1726054337092,
    "tags": []
  },
  "blocks": {
    "type": "block",
    "id": "kIsOH7nnaUUvjOeLjQmcI",
    "flavour": "affine:page",
    "version": 2,
    "props": {
      "title": {
        "$blocksuite:internal:text$": true,
        "delta": [
          {
            "insert": "Cornell Notes Template（Only）"
          }
        ]
      }
    },
    "children": [
      {
        "type": "block",
        "id": "BjcOyjND2wSj91zXF96z4",
        "flavour": "affine:surface",
        "version": 5,
        "props": {
          "elements": {
            "-1JXSkTV6S": {
              "index": "aQ",
              "seed": 1055844424,
              "color": "--affine-palette-line-black",
              "fillColor": {
                "normal": "#fff8f0ff"
              },
              "filled": true,
              "maxWidth": false,
              "padding": [
                10,
                20
              ],
              "radius": 0,
              "rotate": 0,
              "roughness": 1.4,
              "shadow": null,
              "shapeStyle": "General",
              "shapeType": "rect",
              "strokeColor": {
                "normal": "#efe3d8ff"
              },
              "strokeStyle": "solid",
              "strokeWidth": 4,
              "textResizing": 1,
              "xywh": "[-552.2133833291555,2470.885644532469,1633.7961536709909,306.58792305703616]",
              "type": "shape",
              "id": "-1JXSkTV6S"
            },
            "GQE8JAvz7g": {
              "index": "aR",
              "seed": 1212584147,
              "color": "--affine-palette-line-black",
              "fillColor": {
                "normal": "#f3fdf6ff"
              },
              "filled": true,
              "maxWidth": false,
              "padding": [
                10,
                20
              ],
              "radius": 0,
              "rotate": 0,
              "roughness": 1.4,
              "shadow": null,
              "shapeStyle": "General",
              "shapeType": "rect",
              "strokeColor": {
                "normal": "#d6e6d5ff"
              },
              "strokeStyle": "solid",
              "strokeWidth": 4,
              "textResizing": 1,
              "xywh": "[-555.3385290245424,1142.1785727763254,705.1722597626097,1295.0599528433625]",
              "type": "shape",
              "id": "GQE8JAvz7g"
            },
            "q2RqnLgcYV": {
              "index": "aS",
              "seed": 1055844424,
              "color": "--affine-palette-line-black",
              "fillColor": {
                "normal": "#fbf7ffff"
              },
              "filled": true,
              "maxWidth": false,
              "padding": [
                10,
                20
              ],
              "radius": 0,
              "rotate": 0,
              "roughness": 1.4,
              "shadow": null,
              "shapeStyle": "General",
              "shapeType": "rect",
              "strokeColor": {
                "normal": "#dad7e3ff"
              },
              "strokeStyle": "solid",
              "strokeWidth": 4,
              "textResizing": 1,
              "xywh": "[184.55152567440018,1142.1785727763254,897.4898755301583,1295.3443400065103]",
              "type": "shape",
              "id": "q2RqnLgcYV"
            },
            "qC8iRLXo5Y": {
              "index": "aT",
              "seed": 1055844424,
              "color": "--affine-palette-line-black",
              "fillColor": {
                "normal": "#fffcf1ff"
              },
              "filled": true,
              "fontFamily": "blocksuite:surface:Inter",
              "maxWidth": false,
              "padding": [
                10,
                20
              ],
              "radius": 0,
              "rotate": 0,
              "roughness": 1.4,
              "shadow": null,
              "shapeStyle": "General",
              "shapeType": "rect",
              "strokeColor": {
                "normal": "#ede4ddff"
              },
              "strokeStyle": "solid",
              "strokeWidth": 4,
              "textResizing": 1,
              "xywh": "[184.23478276081914,887.0870280931397,897.0312446674347,228]",
              "type": "shape",
              "id": "qC8iRLXo5Y"
            },
            "fAS0moJs7D": {
              "index": "aU",
              "seed": 1212584147,
              "color": "--affine-palette-line-black",
              "fillColor": {
                "normal": "#f5fbffff"
              },
              "filled": true,
              "maxWidth": false,
              "padding": [
                10,
                20
              ],
              "radius": 0,
              "rotate": 0,
              "roughness": 1.4,
              "shadow": null,
              "shapeStyle": "General",
              "shapeType": "rect",
              "strokeColor": {
                "normal": "#dae6ebff"
              },
              "strokeStyle": "solid",
              "strokeWidth": 4,
              "textResizing": 1,
              "xywh": "[-555.3385290245424,888.0236780431451,705.1722597626094,230.54428793917123]",
              "type": "shape",
              "id": "fAS0moJs7D"
            },
            "2lb4kcr_cy": {
              "index": "aa",
              "seed": 1684607668,
              "color": "--affine-palette-line-black",
              "fillColor": {
                "normal": "#fef7f6ff"
              },
              "filled": true,
              "fontFamily": "blocksuite:surface:Lora",
              "fontSize": 88,
              "fontStyle": "italic",
              "fontWeight": "600",
              "maxWidth": false,
              "padding": [
                10,
                20
              ],
              "radius": 0,
              "rotate": 0,
              "roughness": 1.4,
              "shadow": null,
              "shapeStyle": "General",
              "shapeType": "rect",
              "strokeColor": {
                "normal": "#f6e5e5ff"
              },
              "strokeStyle": "solid",
              "strokeWidth": 4,
              "text": {
                "affine:surface:text": true,
                "delta": [
                  {
                    "insert": "Cornell Notes Taking"
                  }
                ]
              },
              "textAlign": "center",
              "textResizing": 1,
              "xywh": "[-555.3385290245433,570.2519472102965,1631.903988498942,282]",
              "type": "shape",
              "id": "2lb4kcr_cy"
            }
          }
        },
        "children": [
          {
            "type": "block",
            "id": "-Q8AaMUbvVAxak7r_yE08",
            "flavour": "affine:edgeless-text",
            "version": 1,
            "props": {
              "xywh": "[217.47215421734472,1248.5179855271062,829.8146086120241,785.8867204871535]",
              "index": "aV",
              "color": {
                "normal": "#606060ff"
              },
              "fontFamily": "blocksuite:surface:Inter",
              "fontStyle": "normal",
              "fontWeight": "400",
              "textAlign": "left",
              "scale": 1.8276433455210932,
              "rotate": 0,
              "hasMaxWidth": true
            },
            "children": [
              {
                "type": "block",
                "id": "PgoaR-jw5IDvSMp_mMEGh",
                "flavour": "affine:paragraph",
                "version": 1,
                "props": {
                  "type": "text",
                  "text": {
                    "$blocksuite:internal:text$": true,
                    "delta": [
                      {
                        "insert": " 1. Record:Write down the important points, supporting facts, and key ideas in a note-taking column during your reading. Use short, concise sentences (telegraphic sentences) to capture the essence of the information."
                      }
                    ]
                  }
                },
                "children": []
              },
              {
                "type": "block",
                "id": "t5wxW1kxpEcrC9UCZc19k",
                "flavour": "affine:paragraph",
                "version": 1,
                "props": {
                  "type": "text",
                  "text": {
                    "$blocksuite:internal:text$": true,
                    "delta": [
                      {
                        "insert": " 2. Recite:After covering the note-taking column, practice recalling the information using only cue-words or questions from a separate column. This step reinforces memory and helps with understanding."
                      }
                    ]
                  }
                },
                "children": []
              },
              {
                "type": "block",
                "id": "V0EeZigkif-Hh0DqqI974",
                "flavour": "affine:paragraph",
                "version": 1,
                "props": {
                  "type": "text",
                  "text": {
                    "$blocksuite:internal:text$": true,
                    "delta": [
                      {
                        "insert": " 3. Reflect:Think deeply about the material. Ask yourself how the facts relate to other concepts, why they’re important, and how they might apply to practical situations or future knowledge."
                      }
                    ]
                  }
                },
                "children": []
              },
              {
                "type": "block",
                "id": "Bw8vsybbvDEs9muai7eu8",
                "flavour": "affine:paragraph",
                "version": 1,
                "props": {
                  "type": "text",
                  "text": {
                    "$blocksuite:internal:text$": true,
                    "delta": [
                      {
                        "insert": "4. Review:Regularly revisit your notes, preferably once a week, to keep the information fresh and ready for exams or practical application. Frequent review enhances long-term retention."
                      }
                    ]
                  }
                },
                "children": []
              }
            ]
          },
          {
            "type": "block",
            "id": "iTsXy000oX915g6QNzUWE",
            "flavour": "affine:edgeless-text",
            "version": 1,
            "props": {
              "xywh": "[217.47215421734472,1156.2440169766278,395.04731662118684,113.86764670220033]",
              "index": "aW",
              "color": "--affine-palette-line-black",
              "fontFamily": "blocksuite:surface:Inter",
              "fontStyle": "normal",
              "fontWeight": "600",
              "textAlign": "left",
              "scale": 2.07032075104319,
              "rotate": 0,
              "hasMaxWidth": true
            },
            "children": [
              {
                "type": "block",
                "id": "1ohsabASSMMHK-mB_NMdL",
                "flavour": "affine:paragraph",
                "version": 1,
                "props": {
                  "type": "text",
                  "text": {
                    "$blocksuite:internal:text$": true,
                    "delta": [
                      {
                        "insert": "Notes Taking Column:"
                      }
                    ]
                  }
                },
                "children": []
              }
            ]
          },
          {
            "type": "block",
            "id": "Slg7eiAqpEMC6QS6dXmy3",
            "flavour": "affine:edgeless-text",
            "version": 1,
            "props": {
              "xywh": "[-531.3057742911597,1248.5179855271062,662.8351090967117,539.154791033144]",
              "index": "aX",
              "color": {
                "normal": "#606060ff"
              },
              "fontFamily": "blocksuite:surface:Inter",
              "fontStyle": "normal",
              "fontWeight": "400",
              "textAlign": "left",
              "scale": 1.8276433455210932,
              "rotate": 0,
              "hasMaxWidth": true
            },
            "children": [
              {
                "type": "block",
                "id": "c5Tl3ykoMHWYhDZJHdf_D",
                "flavour": "affine:paragraph",
                "version": 1,
                "props": {
                  "type": "text",
                  "text": {
                    "$blocksuite:internal:text$": true,
                    "delta": [
                      {
                        "insert": "1.Jot down one to two words that are the main idea/vocab/etc of a passage. Leave space between each one."
                      }
                    ]
                  }
                },
                "children": []
              },
              {
                "type": "block",
                "id": "SH35-DTo_hBUw5gMK-epJ",
                "flavour": "affine:paragraph",
                "version": 1,
                "props": {
                  "type": "text",
                  "text": {
                    "$blocksuite:internal:text$": true,
                    "delta": [
                      {
                        "insert": "2.Questions: As soon after the reading as possible, formulate questions based on the notes in the right-hand column. Write one under each cue word. Writing questions helps to clarify meanings, reveal relationships, establish continuity, and strengthen memory. Also, the writing of questions sets up a perfect stage for exam-studying later."
                      }
                    ]
                  }
                },
                "children": []
              }
            ]
          },
          {
            "type": "block",
            "id": "bmwOleRxPEDz6JokZzqWW",
            "flavour": "affine:edgeless-text",
            "version": 1,
            "props": {
              "xywh": "[-531.3057742911597,1156.2440169766278,395.04731662118684,113.86764670220033]",
              "index": "aY",
              "color": "--affine-palette-line-black",
              "fontFamily": "blocksuite:surface:Inter",
              "fontStyle": "normal",
              "fontWeight": "600",
              "textAlign": "left",
              "scale": 2.07032075104319,
              "rotate": 0,
              "hasMaxWidth": true
            },
            "children": [
              {
                "type": "block",
                "id": "WGpfNO48IGcpg3qvvD3yw",
                "flavour": "affine:paragraph",
                "version": 1,
                "props": {
                  "type": "text",
                  "text": {
                    "$blocksuite:internal:text$": true,
                    "delta": [
                      {
                        "insert": "Questions and Cues:"
                      }
                    ]
                  }
                },
                "children": []
              }
            ]
          },
          {
            "type": "block",
            "id": "pdntGHePP8oSIBJYsWQAx",
            "flavour": "affine:edgeless-text",
            "version": 1,
            "props": {
              "xywh": "[217.47215421734472,904.4396126792756,833.5598197670652,182.18823472352054]",
              "index": "aZ",
              "color": "--affine-palette-line-black",
              "fontFamily": "blocksuite:surface:Inter",
              "fontStyle": "normal",
              "fontWeight": "600",
              "textAlign": "left",
              "scale": 2.07032075104319,
              "rotate": 0,
              "hasMaxWidth": true
            },
            "children": [
              {
                "type": "block",
                "id": "v3yOX56GX1TWvba5IfMkb",
                "flavour": "affine:paragraph",
                "version": 1,
                "props": {
                  "type": "text",
                  "text": {
                    "$blocksuite:internal:text$": true,
                    "delta": [
                      {
                        "insert": "Name:"
                      }
                    ]
                  }
                },
                "children": []
              },
              {
                "type": "block",
                "id": "QgVl2tD1D8Q_bfEkBGgaR",
                "flavour": "affine:paragraph",
                "version": 1,
                "props": {
                  "type": "text",
                  "text": {
                    "$blocksuite:internal:text$": true,
                    "delta": [
                      {
                        "insert": "Date:"
                      }
                    ]
                  }
                },
                "children": []
              }
            ]
          },
          {
            "type": "block",
            "id": "Ym4YPBhu-SDsrpfUfGUl6",
            "flavour": "affine:edgeless-text",
            "version": 1,
            "props": {
              "xywh": "[-531.3057742911597,904.4396126792756,657.6188824166893,113.86773285396335]",
              "index": "ab",
              "color": "--affine-palette-line-black",
              "fontFamily": "blocksuite:surface:Inter",
              "fontStyle": "normal",
              "fontWeight": "600",
              "textAlign": "left",
              "scale": 2.07032075104319,
              "rotate": 0,
              "hasMaxWidth": true
            },
            "children": [
              {
                "type": "block",
                "id": "Hucg70aT_6yPYDDhhNvJJ",
                "flavour": "affine:paragraph",
                "version": 1,
                "props": {
                  "type": "text",
                  "text": {
                    "$blocksuite:internal:text$": true,
                    "delta": [
                      {
                        "insert": "Topic:"
                      }
                    ]
                  }
                },
                "children": []
              }
            ]
          },
          {
            "type": "block",
            "id": "TzVDYGxkP_G9M4IduUjWO",
            "flavour": "affine:edgeless-text",
            "version": 1,
            "props": {
              "xywh": "[-531.3057742911587,2492.7650045966175,1589.4036273914728,113.86764670220033]",
              "index": "ac",
              "color": "--affine-palette-line-black",
              "fontFamily": "blocksuite:surface:Inter",
              "fontStyle": "normal",
              "fontWeight": "600",
              "textAlign": "left",
              "scale": 2.07032075104319,
              "rotate": 0,
              "hasMaxWidth": true
            },
            "children": [
              {
                "type": "block",
                "id": "JbQ5lYOvlEYZP37s4x2QJ",
                "flavour": "affine:paragraph",
                "version": 1,
                "props": {
                  "type": "text",
                  "text": {
                    "$blocksuite:internal:text$": true,
                    "delta": [
                      {
                        "insert": "Summary:"
                      }
                    ]
                  }
                },
                "children": []
              }
            ]
          }
        ]
      },
      {
        "type": "block",
        "id": "_r8quEtlXXn1c9hIR7Asr",
        "flavour": "affine:note",
        "version": 1,
        "props": {
          "xywh": "[0,0,800,553]",
          "background": "--affine-note-background-blue",
          "index": "a0",
          "hidden": false,
          "displayMode": "doc",
          "edgeless": {
            "style": {
              "borderRadius": 0,
              "borderSize": 4,
              "borderStyle": "none",
              "shadowType": "--affine-note-shadow-sticker"
            }
          }
        },
        "children": [
          {
            "type": "block",
            "id": "PoRPjnG3LbwHV8d_SSJ8X",
            "flavour": "affine:paragraph",
            "version": 1,
            "props": {
              "type": "text",
              "text": {
                "$blocksuite:internal:text$": true,
                "delta": [
                  {
                    "insert": "Gallery Cover"
                  }
                ]
              }
            },
            "children": []
          },
          {
            "type": "block",
            "id": "kQ1FJPTtDNVpysEJ5KJ0m",
            "flavour": "affine:image",
            "version": 1,
            "props": {
              "caption": "",
              "sourceId": "0WR6T-B-f7lVNO7hbi74r0Cv665M8O6sbS52MueCzPQ=",
              "width": 0,
              "height": 0,
              "index": "a0",
              "xywh": "[0,0,0,0]",
              "rotate": 0,
              "size": 15241
            },
            "children": []
          },
          {
            "type": "block",
            "id": "6Ylv4HXqKGunnH-vXK8Qe",
            "flavour": "affine:paragraph",
            "version": 1,
            "props": {
              "type": "text",
              "text": {
                "$blocksuite:internal:text$": true,
                "delta": []
              }
            },
            "children": []
          },
          {
            "type": "block",
            "id": "roG_zIcF9rp01aUFqrA1u",
            "flavour": "affine:paragraph",
            "version": 1,
            "props": {
              "type": "text",
              "text": {
                "$blocksuite:internal:text$": true,
                "delta": [
                  {
                    "insert": "Template Cover"
                  }
                ]
              }
            },
            "children": []
          },
          {
            "type": "block",
            "id": "rnpOxJnkW6qkZDkGALIDq",
            "flavour": "affine:image",
            "version": 1,
            "props": {
              "caption": "",
              "sourceId": "ewd_rYceSSati4AdSMm7-Wyt7NcPtCOvnoAGhddFXSs=",
              "width": 0,
              "height": 0,
              "index": "a0",
              "xywh": "[0,0,0,0]",
              "rotate": 0,
              "size": -1
            },
            "children": []
          },
          {
            "type": "block",
            "id": "MdUzaf1MZ5bF50vLRDQ9Z",
            "flavour": "affine:paragraph",
            "version": 1,
            "props": {
              "type": "text",
              "text": {
                "$blocksuite:internal:text$": true,
                "delta": []
              }
            },
            "children": []
          }
        ]
      }
    ]
  }
}