{
  "type": "page",
  "meta": {
    "id": "iNwZIejS3Q6c_rzJ-HNl8",
    "title": "Weekly Deep Cleaning Checklist (Only)",
    "createDate": 1727191102911,
    "tags": []
  },
  "blocks": {
    "type": "block",
    "id": "94wBU4UIy7OWX9aU17GGX",
    "flavour": "affine:page",
    "version": 2,
    "props": {
      "title": {
        "$blocksuite:internal:text$": true,
        "delta": [
          {
            "insert": "Weekly Deep Cleaning Checklist (Only)"
          }
        ]
      }
    },
    "children": [
      {
        "type": "block",
        "id": "eZMbwMbphlH90Ec43i0VZ",
        "flavour": "affine:surface",
        "version": 5,
        "props": {
          "elements": {
            "x12AUsl_Y7": {
              "index": "a6",
              "seed": 6044101,
              "color": "--affine-palette-line-black",
              "fillColor": {
                "normal": "#eaf6ffff"
              },
              "filled": true,
              "fontFamily": "blocksuite:surface:Lora",
              "fontSize": 40,
              "fontStyle": "normal",
              "fontWeight": "600",
              "maxWidth": false,
              "padding": [
                10,
                20
              ],
              "radius": 0.1,
              "rotate": 0,
              "roughness": 1.4,
              "shadow": null,
              "shapeStyle": "General",
              "shapeType": "rect",
              "strokeColor": {
                "normal": "#d2dde5ff"
              },
              "strokeStyle": "solid",
              "strokeWidth": 4,
              "text": {
                "affine:surface:text": true,
                "delta": [
                  {
                    "insert": "Weekly Deep Cleaning Checklist"
                  }
                ]
              },
              "textResizing": 1,
              "xywh": "[-1071.5817213964574,-582.6943885192793,1148.3095441519638,128.94601248122]",
              "type": "shape",
              "id": "x12AUsl_Y7"
            }
          }
        },
        "children": []
      },
      {
        "type": "block",
        "id": "t2zf95YKnnBT0dN9Gwpfb",
        "flavour": "affine:note",
        "version": 1,
        "props": {
          "xywh": "[-1071.5817213964574,-420.7541919815864,559.1837582104919,371]",
          "background": {
            "normal": "#eaf6ffff"
          },
          "index": "a0",
          "hidden": false,
          "displayMode": "both",
          "edgeless": {
            "style": {
              "borderRadius": 16,
              "borderSize": 4,
              "borderStyle": "solid",
              "shadowType": ""
            },
            "scale": 1,
            "collapse": false,
            "collapsedHeight": 371
          }
        },
        "children": [
          {
            "type": "block",
            "id": "QyJDff7ekY1V9h97h7JzT",
            "flavour": "affine:paragraph",
            "version": 1,
            "props": {
              "type": "h4",
              "text": {
                "$blocksuite:internal:text$": true,
                "delta": [
                  {
                    "insert": "1. Kitchen"
                  }
                ]
              }
            },
            "children": []
          },
          {
            "type": "block",
            "id": "k1gtf6ZGtOWE9ZhM76Tgk",
            "flavour": "affine:list",
            "version": 1,
            "props": {
              "type": "todo",
              "text": {
                "$blocksuite:internal:text$": true,
                "delta": [
                  {
                    "insert": "Clean and sanitize countertops"
                  }
                ]
              },
              "checked": false,
              "collapsed": false,
              "order": null
            },
            "children": []
          },
          {
            "type": "block",
            "id": "AacM-fNirR0BsCL-kcj8h",
            "flavour": "affine:list",
            "version": 1,
            "props": {
              "type": "todo",
              "text": {
                "$blocksuite:internal:text$": true,
                "delta": [
                  {
                    "insert": "Scrub the sink and faucet"
                  }
                ]
              },
              "checked": false,
              "collapsed": false,
              "order": null
            },
            "children": []
          },
          {
            "type": "block",
            "id": "PKYgEDoFD6s0ghV1WDjSz",
            "flavour": "affine:list",
            "version": 1,
            "props": {
              "type": "todo",
              "text": {
                "$blocksuite:internal:text$": true,
                "delta": [
                  {
                    "insert": "Deep clean stovetop and oven, including burners"
                  }
                ]
              },
              "checked": false,
              "collapsed": false,
              "order": null
            },
            "children": []
          },
          {
            "type": "block",
            "id": "sREJynjPFGPBzf5YsqUsC",
            "flavour": "affine:list",
            "version": 1,
            "props": {
              "type": "todo",
              "text": {
                "$blocksuite:internal:text$": true,
                "delta": [
                  {
                    "insert": "Clean the inside of the microwave"
                  }
                ]
              },
              "checked": false,
              "collapsed": false,
              "order": null
            },
            "children": []
          },
          {
            "type": "block",
            "id": "QQowYyYK8nJweqYG1kezV",
            "flavour": "affine:list",
            "version": 1,
            "props": {
              "type": "todo",
              "text": {
                "$blocksuite:internal:text$": true,
                "delta": [
                  {
                    "insert": "Clean and organize the refrigerator (including wiping down shelves)"
                  }
                ]
              },
              "checked": false,
              "collapsed": false,
              "order": null
            },
            "children": []
          },
          {
            "type": "block",
            "id": "Nf_Va11xY1Jx1JBWiCi8Q",
            "flavour": "affine:list",
            "version": 1,
            "props": {
              "type": "todo",
              "text": {
                "$blocksuite:internal:text$": true,
                "delta": [
                  {
                    "insert": "Sweep and mop the floor thoroughly"
                  }
                ]
              },
              "checked": false,
              "collapsed": false,
              "order": null
            },
            "children": []
          },
          {
            "type": "block",
            "id": "0k80OIqfa4-VMGMrASk-Z",
            "flavour": "affine:list",
            "version": 1,
            "props": {
              "type": "todo",
              "text": {
                "$blocksuite:internal:text$": true,
                "delta": [
                  {
                    "insert": "Empty and clean the trash can"
                  }
                ]
              },
              "checked": false,
              "collapsed": false,
              "order": null
            },
            "children": []
          },
          {
            "type": "block",
            "id": "YHxUnXyUWdF3bfCu6dn_q",
            "flavour": "affine:paragraph",
            "version": 1,
            "props": {
              "type": "text",
              "text": {
                "$blocksuite:internal:text$": true,
                "delta": []
              }
            },
            "children": []
          }
        ]
      },
      {
        "type": "block",
        "id": "zNRZrdb95Kzl1L5ljiM2H",
        "flavour": "affine:note",
        "version": 1,
        "props": {
          "xywh": "[-482.3940064787091,-420.7541919815864,559.1837582104919,371]",
          "background": {
            "normal": "#eaf6ffff"
          },
          "index": "a1",
          "hidden": false,
          "displayMode": "both",
          "edgeless": {
            "style": {
              "borderRadius": 16,
              "borderSize": 4,
              "borderStyle": "solid",
              "shadowType": ""
            },
            "scale": 1
          }
        },
        "children": [
          {
            "type": "block",
            "id": "scUkvjqFJeiG4Z8EH8Y2q",
            "flavour": "affine:paragraph",
            "version": 1,
            "props": {
              "type": "h4",
              "text": {
                "$blocksuite:internal:text$": true,
                "delta": [
                  {
                    "insert": "2. Living Room"
                  }
                ]
              }
            },
            "children": []
          },
          {
            "type": "block",
            "id": "VKwjOSswjLSxCe49L2mSI",
            "flavour": "affine:list",
            "version": 1,
            "props": {
              "type": "todo",
              "text": {
                "$blocksuite:internal:text$": true,
                "delta": [
                  {
                    "insert": "Dust all surfaces, including shelves, tables, and decor"
                  }
                ]
              },
              "checked": false,
              "collapsed": false,
              "order": null
            },
            "children": []
          },
          {
            "type": "block",
            "id": "zw9jYj0uuVdefW_NV7hwa",
            "flavour": "affine:list",
            "version": 1,
            "props": {
              "type": "todo",
              "text": {
                "$blocksuite:internal:text$": true,
                "delta": [
                  {
                    "insert": "Wipe down all electronics (TV, remote controls, etc.)"
                  }
                ]
              },
              "checked": false,
              "collapsed": false,
              "order": null
            },
            "children": []
          },
          {
            "type": "block",
            "id": "UQGZn33XGbayTLecSBlBb",
            "flavour": "affine:list",
            "version": 1,
            "props": {
              "type": "todo",
              "text": {
                "$blocksuite:internal:text$": true,
                "delta": [
                  {
                    "insert": "Clean and condition leather or fabric furniture"
                  }
                ]
              },
              "checked": false,
              "collapsed": false,
              "order": null
            },
            "children": []
          },
          {
            "type": "block",
            "id": "Ke5PlEpGijle1fRDcUYCn",
            "flavour": "affine:list",
            "version": 1,
            "props": {
              "type": "todo",
              "text": {
                "$blocksuite:internal:text$": true,
                "delta": [
                  {
                    "insert": "Vacuum under furniture (sofa, chairs, etc.)"
                  }
                ]
              },
              "checked": false,
              "collapsed": false,
              "order": null
            },
            "children": []
          },
          {
            "type": "block",
            "id": "vQuahrZQCCQqcm_1Jiar3",
            "flavour": "affine:list",
            "version": 1,
            "props": {
              "type": "todo",
              "text": {
                "$blocksuite:internal:text$": true,
                "delta": [
                  {
                    "insert": "Wash or vacuum throw pillows and blankets"
                  }
                ]
              },
              "checked": false,
              "collapsed": false,
              "order": null
            },
            "children": []
          },
          {
            "type": "block",
            "id": "eWy-wQcac-_StL9zD26Q9",
            "flavour": "affine:list",
            "version": 1,
            "props": {
              "type": "todo",
              "text": {
                "$blocksuite:internal:text$": true,
                "delta": [
                  {
                    "insert": "Dust and clean light fixtures and ceiling fans"
                  }
                ]
              },
              "checked": false,
              "collapsed": false,
              "order": null
            },
            "children": []
          },
          {
            "type": "block",
            "id": "3mikLlVhe8ouc6i-vbJII",
            "flavour": "affine:list",
            "version": 1,
            "props": {
              "type": "todo",
              "text": {
                "$blocksuite:internal:text$": true,
                "delta": [
                  {
                    "insert": "Clean windows and window sills"
                  }
                ]
              },
              "checked": false,
              "collapsed": false,
              "order": null
            },
            "children": []
          },
          {
            "type": "block",
            "id": "-QhJz7VzLFyj8KIckkqsZ",
            "flavour": "affine:paragraph",
            "version": 1,
            "props": {
              "type": "text",
              "text": {
                "$blocksuite:internal:text$": true,
                "delta": []
              }
            },
            "children": []
          }
        ]
      },
      {
        "type": "block",
        "id": "GdM6pIhff6KCZm6Bsfnwn",
        "flavour": "affine:note",
        "version": 1,
        "props": {
          "xywh": "[-1071.5817213964574,-16.760007925113598,559.1837582104919,371]",
          "background": {
            "normal": "#eaf6ffff"
          },
          "index": "a2",
          "hidden": false,
          "displayMode": "both",
          "edgeless": {
            "style": {
              "borderRadius": 16,
              "borderSize": 4,
              "borderStyle": "solid",
              "shadowType": ""
            },
            "scale": 1
          }
        },
        "children": [
          {
            "type": "block",
            "id": "NL31EBj_vpyHN54gSYkow",
            "flavour": "affine:paragraph",
            "version": 1,
            "props": {
              "type": "h4",
              "text": {
                "$blocksuite:internal:text$": true,
                "delta": [
                  {
                    "insert": "3. Bathrooms"
                  }
                ]
              }
            },
            "children": []
          },
          {
            "type": "block",
            "id": "7DBBvpcVJeIJ-9UMYK2Gq",
            "flavour": "affine:list",
            "version": 1,
            "props": {
              "type": "todo",
              "text": {
                "$blocksuite:internal:text$": true,
                "delta": [
                  {
                    "insert": "Scrub and disinfect the toilet, including the base"
                  }
                ]
              },
              "checked": false,
              "collapsed": false,
              "order": null
            },
            "children": []
          },
          {
            "type": "block",
            "id": "NaWO8a2Iax9eLb1g8rK4r",
            "flavour": "affine:list",
            "version": 1,
            "props": {
              "type": "todo",
              "text": {
                "$blocksuite:internal:text$": true,
                "delta": [
                  {
                    "insert": "Deep clean the shower and tub (remove soap scum, mold, etc.)"
                  }
                ]
              },
              "checked": false,
              "collapsed": false,
              "order": null
            },
            "children": []
          },
          {
            "type": "block",
            "id": "5PIre26CptufbdX6LfQ97",
            "flavour": "affine:list",
            "version": 1,
            "props": {
              "type": "todo",
              "text": {
                "$blocksuite:internal:text$": true,
                "delta": [
                  {
                    "insert": "Clean and disinfect the sink and countertops"
                  }
                ]
              },
              "checked": false,
              "collapsed": false,
              "order": null
            },
            "children": []
          },
          {
            "type": "block",
            "id": "DXs0ITxZkjO_lRlBnpN3O",
            "flavour": "affine:list",
            "version": 1,
            "props": {
              "type": "todo",
              "text": {
                "$blocksuite:internal:text$": true,
                "delta": [
                  {
                    "insert": "Wipe down mirrors and shower glass"
                  }
                ]
              },
              "checked": false,
              "collapsed": false,
              "order": null
            },
            "children": []
          },
          {
            "type": "block",
            "id": "BD51csFtFiTAmF5gYHp4p",
            "flavour": "affine:list",
            "version": 1,
            "props": {
              "type": "todo",
              "text": {
                "$blocksuite:internal:text$": true,
                "delta": [
                  {
                    "insert": "Scrub grout and tiles"
                  }
                ]
              },
              "checked": false,
              "collapsed": false,
              "order": null
            },
            "children": []
          },
          {
            "type": "block",
            "id": "7PELgGgQ92fY1aO2AH6o9",
            "flavour": "affine:list",
            "version": 1,
            "props": {
              "type": "todo",
              "text": {
                "$blocksuite:internal:text$": true,
                "delta": [
                  {
                    "insert": "Clean and sanitize bathroom floors"
                  }
                ]
              },
              "checked": false,
              "collapsed": false,
              "order": null
            },
            "children": []
          },
          {
            "type": "block",
            "id": "Z_nXSegpU-3CSW77gE3lt",
            "flavour": "affine:list",
            "version": 1,
            "props": {
              "type": "todo",
              "text": {
                "$blocksuite:internal:text$": true,
                "delta": [
                  {
                    "insert": "Replace towels and wash bathroom mats"
                  }
                ]
              },
              "checked": false,
              "collapsed": false,
              "order": null
            },
            "children": []
          },
          {
            "type": "block",
            "id": "bt1GLW8cu-fPAVKcblwp5",
            "flavour": "affine:paragraph",
            "version": 1,
            "props": {
              "type": "text",
              "text": {
                "$blocksuite:internal:text$": true,
                "delta": []
              }
            },
            "children": []
          }
        ]
      },
      {
        "type": "block",
        "id": "cDnm0p8C0TGDId8TPT3uv",
        "flavour": "affine:note",
        "version": 1,
        "props": {
          "xywh": "[-482.3940064787091,-16.760007925113484,559.1837582104919,371]",
          "background": {
            "normal": "#eaf6ffff"
          },
          "index": "a3",
          "hidden": false,
          "displayMode": "both",
          "edgeless": {
            "style": {
              "borderRadius": 16,
              "borderSize": 4,
              "borderStyle": "solid",
              "shadowType": ""
            },
            "scale": 1
          }
        },
        "children": [
          {
            "type": "block",
            "id": "6BUjVAOv5UCVb1TJFZsZO",
            "flavour": "affine:paragraph",
            "version": 1,
            "props": {
              "type": "h4",
              "text": {
                "$blocksuite:internal:text$": true,
                "delta": [
                  {
                    "insert": "4. Bedrooms"
                  }
                ]
              }
            },
            "children": []
          },
          {
            "type": "block",
            "id": "2hlWIUIuV6B9-RFGmEvUJ",
            "flavour": "affine:list",
            "version": 1,
            "props": {
              "type": "todo",
              "text": {
                "$blocksuite:internal:text$": true,
                "delta": [
                  {
                    "insert": "Dust all surfaces, including nightstands and dressers"
                  }
                ]
              },
              "checked": false,
              "collapsed": false,
              "order": null
            },
            "children": []
          },
          {
            "type": "block",
            "id": "b7h_zm3VCUlLZYG1AeL8M",
            "flavour": "affine:list",
            "version": 1,
            "props": {
              "type": "todo",
              "text": {
                "$blocksuite:internal:text$": true,
                "delta": [
                  {
                    "insert": "Vacuum or sweep under the bed and other furniture"
                  }
                ]
              },
              "checked": false,
              "collapsed": false,
              "order": null
            },
            "children": []
          },
          {
            "type": "block",
            "id": "kwuQgx6CcHgvaCnfPIq9i",
            "flavour": "affine:list",
            "version": 1,
            "props": {
              "type": "todo",
              "text": {
                "$blocksuite:internal:text$": true,
                "delta": [
                  {
                    "insert": "Wash and replace bed linens"
                  }
                ]
              },
              "checked": false,
              "collapsed": false,
              "order": null
            },
            "children": []
          },
          {
            "type": "block",
            "id": "evDYcQXpzumL1nKmi9niW",
            "flavour": "affine:list",
            "version": 1,
            "props": {
              "type": "todo",
              "text": {
                "$blocksuite:internal:text$": true,
                "delta": [
                  {
                    "insert": "Clean and organize closets and drawers"
                  }
                ]
              },
              "checked": false,
              "collapsed": false,
              "order": null
            },
            "children": []
          },
          {
            "type": "block",
            "id": "MjPf6VRad1eq5uSnwERzc",
            "flavour": "affine:list",
            "version": 1,
            "props": {
              "type": "todo",
              "text": {
                "$blocksuite:internal:text$": true,
                "delta": [
                  {
                    "insert": "Wipe down mirrors and windows"
                  }
                ]
              },
              "checked": false,
              "collapsed": false,
              "order": null
            },
            "children": []
          },
          {
            "type": "block",
            "id": "jI1cCXP23_XooDi5LpVhQ",
            "flavour": "affine:list",
            "version": 1,
            "props": {
              "type": "todo",
              "text": {
                "$blocksuite:internal:text$": true,
                "delta": [
                  {
                    "insert": "Dust and clean light fixtures and ceiling fans"
                  }
                ]
              },
              "checked": false,
              "collapsed": false,
              "order": null
            },
            "children": []
          },
          {
            "type": "block",
            "id": "pclv2MPABHrVksRvyhHIr",
            "flavour": "affine:list",
            "version": 1,
            "props": {
              "type": "todo",
              "text": {
                "$blocksuite:internal:text$": true,
                "delta": [
                  {
                    "insert": "Vacuum carpets or rugs"
                  }
                ]
              },
              "checked": false,
              "collapsed": false,
              "order": null
            },
            "children": []
          },
          {
            "type": "block",
            "id": "dYX7kQ1i8G8SsVCooNBAB",
            "flavour": "affine:paragraph",
            "version": 1,
            "props": {
              "type": "text",
              "text": {
                "$blocksuite:internal:text$": true,
                "delta": []
              }
            },
            "children": []
          }
        ]
      },
      {
        "type": "block",
        "id": "P-7FxIPU13_ykeN_XJI-6",
        "flavour": "affine:note",
        "version": 1,
        "props": {
          "xywh": "[-1071.5817213964574,387.2341761313593,559.1837582104919,337]",
          "background": {
            "normal": "#eaf6ffff"
          },
          "index": "a4",
          "hidden": false,
          "displayMode": "both",
          "edgeless": {
            "style": {
              "borderRadius": 16,
              "borderSize": 4,
              "borderStyle": "solid",
              "shadowType": ""
            },
            "scale": 1
          }
        },
        "children": [
          {
            "type": "block",
            "id": "G6ylB31Ff0y5AN7_26Gkx",
            "flavour": "affine:paragraph",
            "version": 1,
            "props": {
              "type": "h4",
              "text": {
                "$blocksuite:internal:text$": true,
                "delta": [
                  {
                    "insert": "5. Entryway/Hallways"
                  }
                ]
              }
            },
            "children": []
          },
          {
            "type": "block",
            "id": "hFyBBaI3IV_0jISDKuN3E",
            "flavour": "affine:list",
            "version": 1,
            "props": {
              "type": "todo",
              "text": {
                "$blocksuite:internal:text$": true,
                "delta": [
                  {
                    "insert": "Sweep and mop floors"
                  }
                ]
              },
              "checked": false,
              "collapsed": false,
              "order": null
            },
            "children": []
          },
          {
            "type": "block",
            "id": "q6HaaY7XWIP4MhZyfx8c8",
            "flavour": "affine:list",
            "version": 1,
            "props": {
              "type": "todo",
              "text": {
                "$blocksuite:internal:text$": true,
                "delta": [
                  {
                    "insert": "Wipe down walls and baseboards"
                  }
                ]
              },
              "checked": false,
              "collapsed": false,
              "order": null
            },
            "children": []
          },
          {
            "type": "block",
            "id": "__K6L29FsJHbuNlhf-RDH",
            "flavour": "affine:list",
            "version": 1,
            "props": {
              "type": "todo",
              "text": {
                "$blocksuite:internal:text$": true,
                "delta": [
                  {
                    "insert": "Clean and organize shoe racks or storage"
                  }
                ]
              },
              "checked": false,
              "collapsed": false,
              "order": null
            },
            "children": []
          },
          {
            "type": "block",
            "id": "iuxq0e2kplYwKpNwNBvtr",
            "flavour": "affine:list",
            "version": 1,
            "props": {
              "type": "todo",
              "text": {
                "$blocksuite:internal:text$": true,
                "delta": [
                  {
                    "insert": "Dust and clean light fixtures"
                  }
                ]
              },
              "checked": false,
              "collapsed": false,
              "order": null
            },
            "children": []
          },
          {
            "type": "block",
            "id": "MhMjWXhGWaiDxNfKxIQA5",
            "flavour": "affine:list",
            "version": 1,
            "props": {
              "type": "todo",
              "text": {
                "$blocksuite:internal:text$": true,
                "delta": [
                  {
                    "insert": "Clean and polish doors, handles, and knobs"
                  }
                ]
              },
              "checked": false,
              "collapsed": false,
              "order": null
            },
            "children": []
          },
          {
            "type": "block",
            "id": "iROFhYspCexBJ3uFtUYF0",
            "flavour": "affine:list",
            "version": 1,
            "props": {
              "type": "todo",
              "text": {
                "$blocksuite:internal:text$": true,
                "delta": [
                  {
                    "insert": "Remove cobwebs from corners and ceilings"
                  }
                ]
              },
              "checked": false,
              "collapsed": false,
              "order": null
            },
            "children": []
          },
          {
            "type": "block",
            "id": "CVVHyyC2RbNV-1m7ZBbkY",
            "flavour": "affine:paragraph",
            "version": 1,
            "props": {
              "type": "text",
              "text": {
                "$blocksuite:internal:text$": true,
                "delta": []
              }
            },
            "children": []
          }
        ]
      },
      {
        "type": "block",
        "id": "EkiUc0V69bf1UFwF8hiTf",
        "flavour": "affine:note",
        "version": 1,
        "props": {
          "xywh": "[-482.3940064787091,387.2341761313594,559.1837582104919,337]",
          "background": {
            "normal": "#eaf6ffff"
          },
          "index": "a5",
          "hidden": false,
          "displayMode": "both",
          "edgeless": {
            "style": {
              "borderRadius": 16,
              "borderSize": 4,
              "borderStyle": "solid",
              "shadowType": ""
            },
            "scale": 1
          }
        },
        "children": [
          {
            "type": "block",
            "id": "S3nd7zIS_5ulqG11LMpE4",
            "flavour": "affine:paragraph",
            "version": 1,
            "props": {
              "type": "h4",
              "text": {
                "$blocksuite:internal:text$": true,
                "delta": [
                  {
                    "insert": "6. Laundry Room"
                  }
                ]
              }
            },
            "children": []
          },
          {
            "type": "block",
            "id": "9pWAFml-SGG_jl45oC44F",
            "flavour": "affine:list",
            "version": 1,
            "props": {
              "type": "todo",
              "text": {
                "$blocksuite:internal:text$": true,
                "delta": [
                  {
                    "insert": "Wipe down washer and dryer (inside and out)"
                  }
                ]
              },
              "checked": false,
              "collapsed": false,
              "order": null
            },
            "children": []
          },
          {
            "type": "block",
            "id": "Qc1G5cfJXLUfOeOQVX-1t",
            "flavour": "affine:list",
            "version": 1,
            "props": {
              "type": "todo",
              "text": {
                "$blocksuite:internal:text$": true,
                "delta": [
                  {
                    "insert": "Clean the lint trap and surrounding area"
                  }
                ]
              },
              "checked": false,
              "collapsed": false,
              "order": null
            },
            "children": []
          },
          {
            "type": "block",
            "id": "QmxUQUVtrqYbinvqSSNvY",
            "flavour": "affine:list",
            "version": 1,
            "props": {
              "type": "todo",
              "text": {
                "$blocksuite:internal:text$": true,
                "delta": [
                  {
                    "insert": "Sweep and mop the floor"
                  }
                ]
              },
              "checked": false,
              "collapsed": false,
              "order": null
            },
            "children": []
          },
          {
            "type": "block",
            "id": "BPmUMIGv3Cx_c-PR1Kk6K",
            "flavour": "affine:list",
            "version": 1,
            "props": {
              "type": "todo",
              "text": {
                "$blocksuite:internal:text$": true,
                "delta": [
                  {
                    "insert": "Organize laundry supplies and wipe down shelves"
                  }
                ]
              },
              "checked": false,
              "collapsed": false,
              "order": null
            },
            "children": []
          },
          {
            "type": "block",
            "id": "pnqIc_aTbjeYAL_I5w62L",
            "flavour": "affine:list",
            "version": 1,
            "props": {
              "type": "todo",
              "text": {
                "$blocksuite:internal:text$": true,
                "delta": [
                  {
                    "insert": "Check and clean the washing machine filter"
                  }
                ]
              },
              "checked": false,
              "collapsed": false,
              "order": null
            },
            "children": []
          },
          {
            "type": "block",
            "id": "y_-aFR7cjG3jidT8GNUZ4",
            "flavour": "affine:list",
            "version": 1,
            "props": {
              "type": "todo",
              "text": {
                "$blocksuite:internal:text$": true,
                "delta": [
                  {
                    "insert": "Clean behind and under appliances"
                  }
                ]
              },
              "checked": false,
              "collapsed": false,
              "order": null
            },
            "children": []
          },
          {
            "type": "block",
            "id": "KqannK3-8PzYcjVZQPQ20",
            "flavour": "affine:paragraph",
            "version": 1,
            "props": {
              "type": "text",
              "text": {
                "$blocksuite:internal:text$": true,
                "delta": []
              }
            },
            "children": []
          }
        ]
      }
    ]
  }
}