{
  "type": "page",
  "meta": {
    "id": "eERRx7-Qwj7vYIBuJYMX_",
    "title": "Video Planner Free",
    "createDate": 1727530304055,
    "tags": []
  },
  "blocks": {
    "type": "block",
    "id": "BdqDq-5-nYUVc1lCMGY5m",
    "flavour": "affine:page",
    "version": 2,
    "props": {
      "title": {
        "$blocksuite:internal:text$": true,
        "delta": [
          {
            "insert": "Video Planner Free"
          }
        ]
      }
    },
    "children": [
      {
        "type": "block",
        "id": "TAzYMsLI61gcX9jPVAjsR",
        "flavour": "affine:surface",
        "version": 5,
        "props": {
          "elements": {}
        },
        "children": []
      },
      {
        "type": "block",
        "id": "sL_cW7a7Mzi8Rfd08Qv9O",
        "flavour": "affine:note",
        "version": 1,
        "props": {
          "xywh": "[0,0,800,95]",
          "background": "--affine-note-background-white",
          "index": "a0",
          "hidden": false,
          "displayMode": "both",
          "edgeless": {
            "style": {
              "borderRadius": 8,
              "borderSize": 4,
              "borderStyle": "none",
              "shadowType": "--affine-note-shadow-box"
            }
          }
        },
        "children": [
          {
            "type": "block",
            "id": "L48xXg1y5maCcQSe-WSj7",
            "flavour": "affine:paragraph",
            "version": 1,
            "props": {
              "type": "h2",
              "text": {
                "$blocksuite:internal:text$": true,
                "delta": [
                  {
                    "insert": "1. Video Overview"
                  }
                ]
              }
            },
            "children": []
          },
          {
            "type": "block",
            "id": "BbzrpopCnvcfFcbiXSnGp",
            "flavour": "affine:paragraph",
            "version": 1,
            "props": {
              "type": "h3",
              "text": {
                "$blocksuite:internal:text$": true,
                "delta": [
                  {
                    "insert": "Video Title: [Insert Title]"
                  }
                ]
              }
            },
            "children": []
          },
          {
            "type": "block",
            "id": "XMxtY7injPi0S_gU3GMC8",
            "flavour": "affine:paragraph",
            "version": 1,
            "props": {
              "type": "h3",
              "text": {
                "$blocksuite:internal:text$": true,
                "delta": [
                  {
                    "insert": "Concept/Theme: [Insert Concept]"
                  }
                ]
              }
            },
            "children": []
          },
          {
            "type": "block",
            "id": "c87ozPqx43BijonCC6sPA",
            "flavour": "affine:divider",
            "version": 1,
            "props": {},
            "children": []
          },
          {
            "type": "block",
            "id": "cfWcbDLfZ_ZSbVwsjORYr",
            "flavour": "affine:paragraph",
            "version": 1,
            "props": {
              "type": "h2",
              "text": {
                "$blocksuite:internal:text$": true,
                "delta": [
                  {
                    "insert": "2. Pre-Production Planning"
                  }
                ]
              }
            },
            "children": []
          },
          {
            "type": "block",
            "id": "p6_6AwsS8RpiEb6I7kUVK",
            "flavour": "affine:paragraph",
            "version": 1,
            "props": {
              "type": "h3",
              "text": {
                "$blocksuite:internal:text$": true,
                "delta": [
                  {
                    "insert": "2.1. Idea Brainstorming"
                  }
                ]
              }
            },
            "children": []
          },
          {
            "type": "block",
            "id": "MRTz56OWPEe6OAuS31kch",
            "flavour": "affine:list",
            "version": 1,
            "props": {
              "type": "bulleted",
              "text": {
                "$blocksuite:internal:text$": true,
                "delta": [
                  {
                    "insert": "Idea 1",
                    "attributes": {
                      "bold": true
                    }
                  },
                  {
                    "insert": ": [Insert Idea]"
                  }
                ]
              },
              "checked": false,
              "collapsed": false,
              "order": null
            },
            "children": []
          },
          {
            "type": "block",
            "id": "5lNXmWMEdNpjNh0Ucy6_e",
            "flavour": "affine:list",
            "version": 1,
            "props": {
              "type": "bulleted",
              "text": {
                "$blocksuite:internal:text$": true,
                "delta": [
                  {
                    "insert": "Idea 2",
                    "attributes": {
                      "bold": true
                    }
                  },
                  {
                    "insert": ": [Insert Idea]"
                  }
                ]
              },
              "checked": false,
              "collapsed": false,
              "order": null
            },
            "children": []
          },
          {
            "type": "block",
            "id": "fmQUOxELNAu0BHNkn3e0D",
            "flavour": "affine:list",
            "version": 1,
            "props": {
              "type": "bulleted",
              "text": {
                "$blocksuite:internal:text$": true,
                "delta": [
                  {
                    "insert": "Idea 3",
                    "attributes": {
                      "bold": true
                    }
                  },
                  {
                    "insert": ": [Insert Idea]"
                  }
                ]
              },
              "checked": false,
              "collapsed": false,
              "order": null
            },
            "children": []
          },
          {
            "type": "block",
            "id": "kabkR8FwRliv93U6CEi9l",
            "flavour": "affine:divider",
            "version": 1,
            "props": {},
            "children": []
          },
          {
            "type": "block",
            "id": "ZfAwxbgel7hlAX6HQazah",
            "flavour": "affine:paragraph",
            "version": 1,
            "props": {
              "type": "h3",
              "text": {
                "$blocksuite:internal:text$": true,
                "delta": [
                  {
                    "insert": "2.2. Script Outline"
                  }
                ]
              }
            },
            "children": []
          },
          {
            "type": "block",
            "id": "bY5K827GQ2OxJBG7_dMoB",
            "flavour": "affine:list",
            "version": 1,
            "props": {
              "type": "bulleted",
              "text": {
                "$blocksuite:internal:text$": true,
                "delta": [
                  {
                    "insert": "Scene 1",
                    "attributes": {
                      "bold": true
                    }
                  },
                  {
                    "insert": ": [Insert Description]"
                  }
                ]
              },
              "checked": false,
              "collapsed": false,
              "order": null
            },
            "children": []
          },
          {
            "type": "block",
            "id": "xnI0ACDoFh5s_nCGXcLfh",
            "flavour": "affine:list",
            "version": 1,
            "props": {
              "type": "bulleted",
              "text": {
                "$blocksuite:internal:text$": true,
                "delta": [
                  {
                    "insert": "Scene 2",
                    "attributes": {
                      "bold": true
                    }
                  },
                  {
                    "insert": ": [Insert Description]"
                  }
                ]
              },
              "checked": false,
              "collapsed": false,
              "order": null
            },
            "children": []
          },
          {
            "type": "block",
            "id": "JrFVYQNUIA-IM6uLFVPTc",
            "flavour": "affine:list",
            "version": 1,
            "props": {
              "type": "bulleted",
              "text": {
                "$blocksuite:internal:text$": true,
                "delta": [
                  {
                    "insert": "Scene 3",
                    "attributes": {
                      "bold": true
                    }
                  },
                  {
                    "insert": ": [Insert Description]"
                  }
                ]
              },
              "checked": false,
              "collapsed": false,
              "order": null
            },
            "children": []
          },
          {
            "type": "block",
            "id": "-cOOvL2iDx59FAGX5nNVz",
            "flavour": "affine:divider",
            "version": 1,
            "props": {},
            "children": []
          },
          {
            "type": "block",
            "id": "CKhKe6HTjNZsmZOryYiiA",
            "flavour": "affine:paragraph",
            "version": 1,
            "props": {
              "type": "h3",
              "text": {
                "$blocksuite:internal:text$": true,
                "delta": [
                  {
                    "insert": "2.3. Shot List"
                  }
                ]
              }
            },
            "children": []
          },
          {
            "type": "block",
            "id": "hWMkTB-F7mFqhHdP_BlIU",
            "flavour": "affine:database",
            "version": 3,
            "props": {
              "views": [
                {
                  "id": "HyRLb5VSnL",
                  "name": "Table View",
                  "mode": "table",
                  "columns": [],
                  "filter": {
                    "type": "group",
                    "op": "and",
                    "conditions": []
                  },
                  "header": {
                    "titleColumn": "Xj-_YAaLSi",
                    "iconColumn": "type"
                  }
                }
              ],
              "title": {
                "$blocksuite:internal:text$": true,
                "delta": []
              },
              "cells": {
                "X0QwvYvo5fBrYt2s7HFzk": {
                  "F5GGBUzlTn": {
                    "columnId": "F5GGBUzlTn",
                    "value": {
                      "$blocksuite:internal:text$": true,
                      "delta": [
                        {
                          "insert": "[Insert Shot]"
                        }
                      ]
                    }
                  },
                  "qu4APNE_nU": {
                    "columnId": "qu4APNE_nU",
                    "value": {
                      "$blocksuite:internal:text$": true,
                      "delta": [
                        {
                          "insert": "[Insert Location]"
                        }
                      ]
                    }
                  },
                  "Ezt_9gK-Gr": {
                    "columnId": "Ezt_9gK-Gr",
                    "value": {
                      "$blocksuite:internal:text$": true,
                      "delta": [
                        {
                          "insert": "[Insert Notes]"
                        }
                      ]
                    }
                  }
                },
                "iICglJTHktJ2yclobFUFg": {
                  "F5GGBUzlTn": {
                    "columnId": "F5GGBUzlTn",
                    "value": {
                      "$blocksuite:internal:text$": true,
                      "delta": [
                        {
                          "insert": "[Insert Shot]"
                        }
                      ]
                    }
                  },
                  "qu4APNE_nU": {
                    "columnId": "qu4APNE_nU",
                    "value": {
                      "$blocksuite:internal:text$": true,
                      "delta": [
                        {
                          "insert": "[Insert Location]"
                        }
                      ]
                    }
                  },
                  "Ezt_9gK-Gr": {
                    "columnId": "Ezt_9gK-Gr",
                    "value": {
                      "$blocksuite:internal:text$": true,
                      "delta": [
                        {
                          "insert": "[Insert Notes]"
                        }
                      ]
                    }
                  }
                }
              },
              "columns": [
                {
                  "type": "title",
                  "name": "Shot Number",
                  "data": {},
                  "id": "Xj-_YAaLSi"
                },
                {
                  "type": "rich-text",
                  "name": "Description",
                  "data": {},
                  "id": "F5GGBUzlTn"
                },
                {
                  "type": "rich-text",
                  "name": "Location",
                  "data": {},
                  "id": "qu4APNE_nU"
                },
                {
                  "type": "rich-text",
                  "name": "Notes",
                  "data": {},
                  "id": "Ezt_9gK-Gr"
                }
              ]
            },
            "children": [
              {
                "type": "block",
                "id": "X0QwvYvo5fBrYt2s7HFzk",
                "flavour": "affine:paragraph",
                "version": 1,
                "props": {
                  "type": "text",
                  "text": {
                    "$blocksuite:internal:text$": true,
                    "delta": [
                      {
                        "insert": "1"
                      }
                    ]
                  }
                },
                "children": []
              },
              {
                "type": "block",
                "id": "iICglJTHktJ2yclobFUFg",
                "flavour": "affine:paragraph",
                "version": 1,
                "props": {
                  "type": "text",
                  "text": {
                    "$blocksuite:internal:text$": true,
                    "delta": [
                      {
                        "insert": "2"
                      }
                    ]
                  }
                },
                "children": []
              }
            ]
          },
          {
            "type": "block",
            "id": "0nmF_4MSG3GI2cFrr9WRj",
            "flavour": "affine:divider",
            "version": 1,
            "props": {},
            "children": []
          },
          {
            "type": "block",
            "id": "tIFV1c8fiaoqdiEOoBS7j",
            "flavour": "affine:paragraph",
            "version": 1,
            "props": {
              "type": "h2",
              "text": {
                "$blocksuite:internal:text$": true,
                "delta": [
                  {
                    "insert": "3. Production Schedule"
                  }
                ]
              }
            },
            "children": []
          },
          {
            "type": "block",
            "id": "sP49ZcusGyXtOtQnuE_JE",
            "flavour": "affine:paragraph",
            "version": 1,
            "props": {
              "type": "h3",
              "text": {
                "$blocksuite:internal:text$": true,
                "delta": [
                  {
                    "insert": "Shooting Dates: [Insert Dates]"
                  }
                ]
              }
            },
            "children": []
          },
          {
            "type": "block",
            "id": "PHnKCkMEmXUiKmIgrNbsa",
            "flavour": "affine:database",
            "version": 3,
            "props": {
              "views": [
                {
                  "id": "Xwp--UptGY",
                  "name": "Table View",
                  "mode": "table",
                  "columns": [],
                  "filter": {
                    "type": "group",
                    "op": "and",
                    "conditions": []
                  },
                  "header": {
                    "titleColumn": "au_jj4HFeB",
                    "iconColumn": "type"
                  }
                }
              ],
              "title": {
                "$blocksuite:internal:text$": true,
                "delta": []
              },
              "cells": {
                "tG3CSEX8bxO5WlVFQkSi4": {
                  "yYomUIha5U": {
                    "columnId": "yYomUIha5U",
                    "value": {
                      "$blocksuite:internal:text$": true,
                      "delta": [
                        {
                          "insert": "[Insert Time]"
                        }
                      ]
                    }
                  },
                  "MUOUTiGV9P": {
                    "columnId": "MUOUTiGV9P",
                    "value": {
                      "$blocksuite:internal:text$": true,
                      "delta": [
                        {
                          "insert": "[Insert Location]"
                        }
                      ]
                    }
                  },
                  "trnrE1j76d": {
                    "columnId": "trnrE1j76d",
                    "value": {
                      "$blocksuite:internal:text$": true,
                      "delta": [
                        {
                          "insert": "[Insert Notes]"
                        }
                      ]
                    }
                  }
                },
                "2McaOCbgNqOCkTiEolO7M": {
                  "yYomUIha5U": {
                    "columnId": "yYomUIha5U",
                    "value": {
                      "$blocksuite:internal:text$": true,
                      "delta": [
                        {
                          "insert": "[Insert Time]"
                        }
                      ]
                    }
                  },
                  "MUOUTiGV9P": {
                    "columnId": "MUOUTiGV9P",
                    "value": {
                      "$blocksuite:internal:text$": true,
                      "delta": [
                        {
                          "insert": "[Insert Location]"
                        }
                      ]
                    }
                  },
                  "trnrE1j76d": {
                    "columnId": "trnrE1j76d",
                    "value": {
                      "$blocksuite:internal:text$": true,
                      "delta": [
                        {
                          "insert": "[Insert Notes]"
                        }
                      ]
                    }
                  }
                }
              },
              "columns": [
                {
                  "type": "title",
                  "name": "Date",
                  "data": {},
                  "id": "au_jj4HFeB"
                },
                {
                  "type": "rich-text",
                  "name": "Time",
                  "data": {},
                  "id": "yYomUIha5U"
                },
                {
                  "type": "rich-text",
                  "name": "Location",
                  "data": {},
                  "id": "MUOUTiGV9P"
                },
                {
                  "type": "rich-text",
                  "name": "Notes",
                  "data": {},
                  "id": "trnrE1j76d"
                }
              ]
            },
            "children": [
              {
                "type": "block",
                "id": "tG3CSEX8bxO5WlVFQkSi4",
                "flavour": "affine:paragraph",
                "version": 1,
                "props": {
                  "type": "text",
                  "text": {
                    "$blocksuite:internal:text$": true,
                    "delta": [
                      {
                        "insert": "[Insert Date]"
                      }
                    ]
                  }
                },
                "children": []
              },
              {
                "type": "block",
                "id": "2McaOCbgNqOCkTiEolO7M",
                "flavour": "affine:paragraph",
                "version": 1,
                "props": {
                  "type": "text",
                  "text": {
                    "$blocksuite:internal:text$": true,
                    "delta": [
                      {
                        "insert": "[Insert Date]"
                      }
                    ]
                  }
                },
                "children": []
              }
            ]
          },
          {
            "type": "block",
            "id": "ZP2wco164IEk5mMQ2NwNU",
            "flavour": "affine:divider",
            "version": 1,
            "props": {},
            "children": []
          },
          {
            "type": "block",
            "id": "7BZWlSqL_JGRFdRT2SgiY",
            "flavour": "affine:paragraph",
            "version": 1,
            "props": {
              "type": "h2",
              "text": {
                "$blocksuite:internal:text$": true,
                "delta": [
                  {
                    "insert": "4. Post-Production Tracking"
                  }
                ]
              }
            },
            "children": []
          },
          {
            "type": "block",
            "id": "Aa0aQSO-jKYGj03qRD16v",
            "flavour": "affine:paragraph",
            "version": 1,
            "props": {
              "type": "h3",
              "text": {
                "$blocksuite:internal:text$": true,
                "delta": [
                  {
                    "insert": "Editing Tasks"
                  }
                ]
              }
            },
            "children": []
          },
          {
            "type": "block",
            "id": "lms0PWodsq2qslbDYg4Tq",
            "flavour": "affine:database",
            "version": 3,
            "props": {
              "views": [
                {
                  "id": "NMtgyLCkdL",
                  "name": "Table View",
                  "mode": "table",
                  "columns": [],
                  "filter": {
                    "type": "group",
                    "op": "and",
                    "conditions": []
                  },
                  "header": {
                    "titleColumn": "yCf48llCSj",
                    "iconColumn": "type"
                  }
                }
              ],
              "title": {
                "$blocksuite:internal:text$": true,
                "delta": []
              },
              "cells": {
                "EXLTpDe7slWkVI7EqNXOg": {
                  "gaEjCsI5Vj": {
                    "columnId": "gaEjCsI5Vj",
                    "value": {
                      "$blocksuite:internal:text$": true,
                      "delta": [
                        {
                          "insert": "[Insert Name]"
                        }
                      ]
                    }
                  },
                  "HEfvxT_b5O": {
                    "columnId": "HEfvxT_b5O",
                    "value": {
                      "$blocksuite:internal:text$": true,
                      "delta": [
                        {
                          "insert": "[Insert Date]"
                        }
                      ]
                    }
                  },
                  "zuzP3R_w5U": {
                    "columnId": "zuzP3R_w5U",
                    "value": {
                      "$blocksuite:internal:text$": true,
                      "delta": [
                        {
                          "insert": "[Not Started/In Progress/Complete]"
                        }
                      ]
                    }
                  }
                },
                "pG4Qn7Da2sCGlVMpaZEad": {
                  "gaEjCsI5Vj": {
                    "columnId": "gaEjCsI5Vj",
                    "value": {
                      "$blocksuite:internal:text$": true,
                      "delta": [
                        {
                          "insert": "[Insert Name]"
                        }
                      ]
                    }
                  },
                  "HEfvxT_b5O": {
                    "columnId": "HEfvxT_b5O",
                    "value": {
                      "$blocksuite:internal:text$": true,
                      "delta": [
                        {
                          "insert": "[Insert Date]"
                        }
                      ]
                    }
                  },
                  "zuzP3R_w5U": {
                    "columnId": "zuzP3R_w5U",
                    "value": {
                      "$blocksuite:internal:text$": true,
                      "delta": [
                        {
                          "insert": "[Not Started/In Progress/Complete]"
                        }
                      ]
                    }
                  }
                }
              },
              "columns": [
                {
                  "type": "title",
                  "name": "Task",
                  "data": {},
                  "id": "yCf48llCSj"
                },
                {
                  "type": "rich-text",
                  "name": "Assigned To",
                  "data": {},
                  "id": "gaEjCsI5Vj"
                },
                {
                  "type": "rich-text",
                  "name": "Deadline",
                  "data": {},
                  "id": "HEfvxT_b5O"
                },
                {
                  "type": "rich-text",
                  "name": "Status (Not Started/In Progress/Complete)",
                  "data": {},
                  "id": "zuzP3R_w5U"
                }
              ]
            },
            "children": [
              {
                "type": "block",
                "id": "EXLTpDe7slWkVI7EqNXOg",
                "flavour": "affine:paragraph",
                "version": 1,
                "props": {
                  "type": "text",
                  "text": {
                    "$blocksuite:internal:text$": true,
                    "delta": [
                      {
                        "insert": "[Insert Task]"
                      }
                    ]
                  }
                },
                "children": []
              },
              {
                "type": "block",
                "id": "pG4Qn7Da2sCGlVMpaZEad",
                "flavour": "affine:paragraph",
                "version": 1,
                "props": {
                  "type": "text",
                  "text": {
                    "$blocksuite:internal:text$": true,
                    "delta": [
                      {
                        "insert": "[Insert Task]"
                      }
                    ]
                  }
                },
                "children": []
              }
            ]
          },
          {
            "type": "block",
            "id": "O8g295Iue0_CcxvMuolCw",
            "flavour": "affine:divider",
            "version": 1,
            "props": {},
            "children": []
          },
          {
            "type": "block",
            "id": "2qWyPJMJAlvymMR27dFSx",
            "flavour": "affine:paragraph",
            "version": 1,
            "props": {
              "type": "h2",
              "text": {
                "$blocksuite:internal:text$": true,
                "delta": [
                  {
                    "insert": "5. Marketing Plan"
                  }
                ]
              }
            },
            "children": []
          },
          {
            "type": "block",
            "id": "9-7P3zLQPOave--YWis1E",
            "flavour": "affine:paragraph",
            "version": 1,
            "props": {
              "type": "h3",
              "text": {
                "$blocksuite:internal:text$": true,
                "delta": [
                  {
                    "insert": "Distribution Strategy"
                  }
                ]
              }
            },
            "children": []
          },
          {
            "type": "block",
            "id": "0rH9dH1vqMwVU2-Qu3DAS",
            "flavour": "affine:list",
            "version": 1,
            "props": {
              "type": "bulleted",
              "text": {
                "$blocksuite:internal:text$": true,
                "delta": [
                  {
                    "insert": "Platform 1",
                    "attributes": {
                      "bold": true
                    }
                  },
                  {
                    "insert": ": [Insert Platform]"
                  }
                ]
              },
              "checked": false,
              "collapsed": false,
              "order": null
            },
            "children": []
          },
          {
            "type": "block",
            "id": "lsZx-QLrD2GKioUYYFjVk",
            "flavour": "affine:list",
            "version": 1,
            "props": {
              "type": "bulleted",
              "text": {
                "$blocksuite:internal:text$": true,
                "delta": [
                  {
                    "insert": "Platform 2",
                    "attributes": {
                      "bold": true
                    }
                  },
                  {
                    "insert": ": [Insert Platform]"
                  }
                ]
              },
              "checked": false,
              "collapsed": false,
              "order": null
            },
            "children": []
          },
          {
            "type": "block",
            "id": "ii0ZQI-FuJaJQhUozaNxl",
            "flavour": "affine:paragraph",
            "version": 1,
            "props": {
              "type": "h3",
              "text": {
                "$blocksuite:internal:text$": true,
                "delta": [
                  {
                    "insert": "Promotion Ideas"
                  }
                ]
              }
            },
            "children": []
          },
          {
            "type": "block",
            "id": "Q7gFl1DNL3Zg-r-xRWhoR",
            "flavour": "affine:list",
            "version": 1,
            "props": {
              "type": "bulleted",
              "text": {
                "$blocksuite:internal:text$": true,
                "delta": [
                  {
                    "insert": "[Insert Idea]"
                  }
                ]
              },
              "checked": false,
              "collapsed": false,
              "order": null
            },
            "children": []
          },
          {
            "type": "block",
            "id": "pVPsqnVxfv4CZtRQ90FBV",
            "flavour": "affine:list",
            "version": 1,
            "props": {
              "type": "bulleted",
              "text": {
                "$blocksuite:internal:text$": true,
                "delta": [
                  {
                    "insert": "[Insert Idea]"
                  }
                ]
              },
              "checked": false,
              "collapsed": false,
              "order": null
            },
            "children": []
          },
          {
            "type": "block",
            "id": "qBH7pX9Meny18vgaBqDDR",
            "flavour": "affine:divider",
            "version": 1,
            "props": {},
            "children": []
          },
          {
            "type": "block",
            "id": "03sVlJVeRH-OM7UwLTqVY",
            "flavour": "affine:paragraph",
            "version": 1,
            "props": {
              "type": "h2",
              "text": {
                "$blocksuite:internal:text$": true,
                "delta": [
                  {
                    "insert": "6. Reflection and Feedback"
                  }
                ]
              }
            },
            "children": []
          },
          {
            "type": "block",
            "id": "roifcy1Z5cuaxzgVmXJbc",
            "flavour": "affine:list",
            "version": 1,
            "props": {
              "type": "bulleted",
              "text": {
                "$blocksuite:internal:text$": true,
                "delta": [
                  {
                    "insert": "What Worked Well",
                    "attributes": {
                      "bold": true
                    }
                  },
                  {
                    "insert": ": [Insert Reflection]"
                  }
                ]
              },
              "checked": false,
              "collapsed": false,
              "order": null
            },
            "children": []
          },
          {
            "type": "block",
            "id": "rWe2ZNb5I0NgeRwsWsNqw",
            "flavour": "affine:list",
            "version": 1,
            "props": {
              "type": "bulleted",
              "text": {
                "$blocksuite:internal:text$": true,
                "delta": [
                  {
                    "insert": "Improvements for Next Video",
                    "attributes": {
                      "bold": true
                    }
                  },
                  {
                    "insert": ": [Insert Reflection]"
                  }
                ]
              },
              "checked": false,
              "collapsed": false,
              "order": null
            },
            "children": []
          },
          {
            "type": "block",
            "id": "s7OCy9ugWDHs8F9xwxgHm",
            "flavour": "affine:divider",
            "version": 1,
            "props": {},
            "children": []
          }
        ]
      }
    ]
  }
}