{
  "type": "page",
  "meta": {
    "id": "2aUTfRedEQbIYWp0G5Xs3",
    "title": "Wedding Planner Checklist",
    "createDate": 1728291634628,
    "tags": []
  },
  "blocks": {
    "type": "block",
    "id": "BdqDq-5-nYUVc1lCMGY5m",
    "flavour": "affine:page",
    "version": 2,
    "props": {
      "title": {
        "$blocksuite:internal:text$": true,
        "delta": [
          {
            "insert": "Wedding Planner Checklist"
          }
        ]
      }
    },
    "children": [
      {
        "type": "block",
        "id": "TAzYMsLI61gcX9jPVAjsR",
        "flavour": "affine:surface",
        "version": 5,
        "props": {
          "elements": {}
        },
        "children": []
      },
      {
        "type": "block",
        "id": "sL_cW7a7Mzi8Rfd08Qv9O",
        "flavour": "affine:note",
        "version": 1,
        "props": {
          "xywh": "[0,0,800,95]",
          "background": "--affine-note-background-white",
          "index": "a0",
          "hidden": false,
          "displayMode": "both",
          "edgeless": {
            "style": {
              "borderRadius": 8,
              "borderSize": 4,
              "borderStyle": "none",
              "shadowType": "--affine-note-shadow-box"
            }
          }
        },
        "children": [
          {
            "type": "block",
            "id": "I0e3ZJkg-elmQKqsoDMkX",
            "flavour": "affine:paragraph",
            "version": 1,
            "props": {
              "type": "h2",
              "text": {
                "$blocksuite:internal:text$": true,
                "delta": [
                  {
                    "insert": "1. 12+ Months Before the Wedding"
                  }
                ]
              }
            },
            "children": []
          },
          {
            "type": "block",
            "id": "TAHAvMQSd43EKSEUYyLYY",
            "flavour": "affine:list",
            "version": 1,
            "props": {
              "type": "bulleted",
              "text": {
                "$blocksuite:internal:text$": true,
                "delta": [
                  {
                    "insert": "Set Your Budget",
                    "attributes": {
                      "bold": true
                    }
                  },
                  {
                    "insert": ": Decide on the overall budget for the wedding."
                  }
                ]
              },
              "checked": false,
              "collapsed": false,
              "order": null
            },
            "children": []
          },
          {
            "type": "block",
            "id": "ZPCFVCDMk1TxPVLdW1KBb",
            "flavour": "affine:list",
            "version": 1,
            "props": {
              "type": "bulleted",
              "text": {
                "$blocksuite:internal:text$": true,
                "delta": [
                  {
                    "insert": "Create a Guest List",
                    "attributes": {
                      "bold": true
                    }
                  },
                  {
                    "insert": ": Start drafting your guest list."
                  }
                ]
              },
              "checked": false,
              "collapsed": false,
              "order": null
            },
            "children": []
          },
          {
            "type": "block",
            "id": "ZqBJu13nkupEfhvi8mxfY",
            "flavour": "affine:list",
            "version": 1,
            "props": {
              "type": "bulleted",
              "text": {
                "$blocksuite:internal:text$": true,
                "delta": [
                  {
                    "insert": "Choose Your Wedding Date",
                    "attributes": {
                      "bold": true
                    }
                  },
                  {
                    "insert": ": Select a few potential dates for your wedding."
                  }
                ]
              },
              "checked": false,
              "collapsed": false,
              "order": null
            },
            "children": []
          },
          {
            "type": "block",
            "id": "ccFcVvTsp2nm_hIInpRHv",
            "flavour": "affine:list",
            "version": 1,
            "props": {
              "type": "bulleted",
              "text": {
                "$blocksuite:internal:text$": true,
                "delta": [
                  {
                    "insert": "Book the Venue",
                    "attributes": {
                      "bold": true
                    }
                  },
                  {
                    "insert": ": Research and book the ceremony and reception venues."
                  }
                ]
              },
              "checked": false,
              "collapsed": false,
              "order": null
            },
            "children": []
          },
          {
            "type": "block",
            "id": "Aw7V_WByAPb0dZkg9T0sm",
            "flavour": "affine:list",
            "version": 1,
            "props": {
              "type": "bulleted",
              "text": {
                "$blocksuite:internal:text$": true,
                "delta": [
                  {
                    "insert": "Hire a Wedding Planner",
                    "attributes": {
                      "bold": true
                    }
                  },
                  {
                    "insert": " (optional): Consider hiring a planner to assist with the details."
                  }
                ]
              },
              "checked": false,
              "collapsed": false,
              "order": null
            },
            "children": []
          },
          {
            "type": "block",
            "id": "3Xf1BpDVyiRQep8zI0jNi",
            "flavour": "affine:divider",
            "version": 1,
            "props": {},
            "children": []
          },
          {
            "type": "block",
            "id": "d0JOp4i1__7fwNRXnDRoP",
            "flavour": "affine:paragraph",
            "version": 1,
            "props": {
              "type": "h2",
              "text": {
                "$blocksuite:internal:text$": true,
                "delta": [
                  {
                    "insert": "2. 9-12 Months Before the Wedding"
                  }
                ]
              }
            },
            "children": []
          },
          {
            "type": "block",
            "id": "Ys6uwv1YBMWgCWDUHJgkb",
            "flavour": "affine:list",
            "version": 1,
            "props": {
              "type": "bulleted",
              "text": {
                "$blocksuite:internal:text$": true,
                "delta": [
                  {
                    "insert": "Book Vendors",
                    "attributes": {
                      "bold": true
                    }
                  },
                  {
                    "insert": ": Secure important vendors (photographer, caterer, florist, etc.)."
                  }
                ]
              },
              "checked": false,
              "collapsed": false,
              "order": null
            },
            "children": []
          },
          {
            "type": "block",
            "id": "2I0yxuZIqDTlMODG3jFsH",
            "flavour": "affine:list",
            "version": 1,
            "props": {
              "type": "bulleted",
              "text": {
                "$blocksuite:internal:text$": true,
                "delta": [
                  {
                    "insert": "Select Your Bridal Party",
                    "attributes": {
                      "bold": true
                    }
                  },
                  {
                    "insert": ": Choose bridesmaids, groomsmen, and other key roles."
                  }
                ]
              },
              "checked": false,
              "collapsed": false,
              "order": null
            },
            "children": []
          },
          {
            "type": "block",
            "id": "Vepg80vv3fM-HhT38lfe4",
            "flavour": "affine:list",
            "version": 1,
            "props": {
              "type": "bulleted",
              "text": {
                "$blocksuite:internal:text$": true,
                "delta": [
                  {
                    "insert": "Start Dress Shopping",
                    "attributes": {
                      "bold": true
                    }
                  },
                  {
                    "insert": ": Begin shopping for the wedding dress."
                  }
                ]
              },
              "checked": false,
              "collapsed": false,
              "order": null
            },
            "children": []
          },
          {
            "type": "block",
            "id": "5guWXtaIE1D-7dVu_-PQZ",
            "flavour": "affine:list",
            "version": 1,
            "props": {
              "type": "bulleted",
              "text": {
                "$blocksuite:internal:text$": true,
                "delta": [
                  {
                    "insert": "Send Save-the-Dates",
                    "attributes": {
                      "bold": true
                    }
                  },
                  {
                    "insert": ": Send out save-the-date cards to guests."
                  }
                ]
              },
              "checked": false,
              "collapsed": false,
              "order": null
            },
            "children": []
          },
          {
            "type": "block",
            "id": "Gci5s15M7rfPU4pSqIqQ0",
            "flavour": "affine:list",
            "version": 1,
            "props": {
              "type": "bulleted",
              "text": {
                "$blocksuite:internal:text$": true,
                "delta": [
                  {
                    "insert": "Engagement Photos",
                    "attributes": {
                      "bold": true
                    }
                  },
                  {
                    "insert": ": Schedule and take engagement photos."
                  }
                ]
              },
              "checked": false,
              "collapsed": false,
              "order": null
            },
            "children": []
          },
          {
            "type": "block",
            "id": "anx4s6yYoJScu40ej2FRA",
            "flavour": "affine:divider",
            "version": 1,
            "props": {},
            "children": []
          },
          {
            "type": "block",
            "id": "UMompjKKZ1dyBaufhelg0",
            "flavour": "affine:paragraph",
            "version": 1,
            "props": {
              "type": "h2",
              "text": {
                "$blocksuite:internal:text$": true,
                "delta": [
                  {
                    "insert": "3. 6-9 Months Before the Wedding"
                  }
                ]
              }
            },
            "children": []
          },
          {
            "type": "block",
            "id": "j79uuQ2NAyGh0A-c8hHwL",
            "flavour": "affine:list",
            "version": 1,
            "props": {
              "type": "bulleted",
              "text": {
                "$blocksuite:internal:text$": true,
                "delta": [
                  {
                    "insert": "Finalize Guest List",
                    "attributes": {
                      "bold": true
                    }
                  },
                  {
                    "insert": ": Confirm the final guest count."
                  }
                ]
              },
              "checked": false,
              "collapsed": false,
              "order": null
            },
            "children": []
          },
          {
            "type": "block",
            "id": "k5OgFqq8Yxj_E4seOEIzO",
            "flavour": "affine:list",
            "version": 1,
            "props": {
              "type": "bulleted",
              "text": {
                "$blocksuite:internal:text$": true,
                "delta": [
                  {
                    "insert": "Choose Invitations",
                    "attributes": {
                      "bold": true
                    }
                  },
                  {
                    "insert": ": Select and order wedding invitations."
                  }
                ]
              },
              "checked": false,
              "collapsed": false,
              "order": null
            },
            "children": []
          },
          {
            "type": "block",
            "id": "lX7XJql22DH73rQacMVM-",
            "flavour": "affine:list",
            "version": 1,
            "props": {
              "type": "bulleted",
              "text": {
                "$blocksuite:internal:text$": true,
                "delta": [
                  {
                    "insert": "Plan the Honeymoon",
                    "attributes": {
                      "bold": true
                    }
                  },
                  {
                    "insert": ": Research and book your honeymoon destination."
                  }
                ]
              },
              "checked": false,
              "collapsed": false,
              "order": null
            },
            "children": []
          },
          {
            "type": "block",
            "id": "fusHkifAz3wge804Z4i8-",
            "flavour": "affine:list",
            "version": 1,
            "props": {
              "type": "bulleted",
              "text": {
                "$blocksuite:internal:text$": true,
                "delta": [
                  {
                    "insert": "Choose Attire for Bridal Party",
                    "attributes": {
                      "bold": true
                    }
                  },
                  {
                    "insert": ": Select dresses and suits for bridesmaids and groomsmen."
                  }
                ]
              },
              "checked": false,
              "collapsed": false,
              "order": null
            },
            "children": []
          },
          {
            "type": "block",
            "id": "OSqLyWcmKCd9qh54nZRwk",
            "flavour": "affine:divider",
            "version": 1,
            "props": {},
            "children": []
          },
          {
            "type": "block",
            "id": "FtaTJk-1rUFisbENSUJW1",
            "flavour": "affine:paragraph",
            "version": 1,
            "props": {
              "type": "h2",
              "text": {
                "$blocksuite:internal:text$": true,
                "delta": [
                  {
                    "insert": "4. 3-6 Months Before the Wedding"
                  }
                ]
              }
            },
            "children": []
          },
          {
            "type": "block",
            "id": "wVoYMw_80yW5cpO0kbOqQ",
            "flavour": "affine:list",
            "version": 1,
            "props": {
              "type": "bulleted",
              "text": {
                "$blocksuite:internal:text$": true,
                "delta": [
                  {
                    "insert": "Send Invitations",
                    "attributes": {
                      "bold": true
                    }
                  },
                  {
                    "insert": ": Mail wedding invitations."
                  }
                ]
              },
              "checked": false,
              "collapsed": false,
              "order": null
            },
            "children": []
          },
          {
            "type": "block",
            "id": "Z2fAzbo9_hluvCIeVS0S8",
            "flavour": "affine:list",
            "version": 1,
            "props": {
              "type": "bulleted",
              "text": {
                "$blocksuite:internal:text$": true,
                "delta": [
                  {
                    "insert": "Book Transportation",
                    "attributes": {
                      "bold": true
                    }
                  },
                  {
                    "insert": ": Arrange transportation for the wedding day."
                  }
                ]
              },
              "checked": false,
              "collapsed": false,
              "order": null
            },
            "children": []
          },
          {
            "type": "block",
            "id": "gQdn55TPHbKoFlud8awIF",
            "flavour": "affine:list",
            "version": 1,
            "props": {
              "type": "bulleted",
              "text": {
                "$blocksuite:internal:text$": true,
                "delta": [
                  {
                    "insert": "Order Wedding Cake",
                    "attributes": {
                      "bold": true
                    }
                  },
                  {
                    "insert": ": Choose and order your wedding cake."
                  }
                ]
              },
              "checked": false,
              "collapsed": false,
              "order": null
            },
            "children": []
          },
          {
            "type": "block",
            "id": "JB-oBRVWTkkfyvKlgm4bk",
            "flavour": "affine:list",
            "version": 1,
            "props": {
              "type": "bulleted",
              "text": {
                "$blocksuite:internal:text$": true,
                "delta": [
                  {
                    "insert": "Finalize Ceremony Details",
                    "attributes": {
                      "bold": true
                    }
                  },
                  {
                    "insert": ": Plan the ceremony structure and vows."
                  }
                ]
              },
              "checked": false,
              "collapsed": false,
              "order": null
            },
            "children": []
          },
          {
            "type": "block",
            "id": "TkgW5MFEM8W6UBVDigg0h",
            "flavour": "affine:list",
            "version": 1,
            "props": {
              "type": "bulleted",
              "text": {
                "$blocksuite:internal:text$": true,
                "delta": [
                  {
                    "insert": "Finalize Music Selections",
                    "attributes": {
                      "bold": true
                    }
                  },
                  {
                    "insert": ": Confirm songs for the ceremony and reception."
                  }
                ]
              },
              "checked": false,
              "collapsed": false,
              "order": null
            },
            "children": []
          },
          {
            "type": "block",
            "id": "HPr0xesilv8o-KmcJCf7q",
            "flavour": "affine:divider",
            "version": 1,
            "props": {},
            "children": []
          },
          {
            "type": "block",
            "id": "fF6nqajVS4x0EdJe8FRfx",
            "flavour": "affine:paragraph",
            "version": 1,
            "props": {
              "type": "h2",
              "text": {
                "$blocksuite:internal:text$": true,
                "delta": [
                  {
                    "insert": "5. 1-3 Months Before the Wedding"
                  }
                ]
              }
            },
            "children": []
          },
          {
            "type": "block",
            "id": "JyvXLrloaCtcajBnqYXFU",
            "flavour": "affine:list",
            "version": 1,
            "props": {
              "type": "bulleted",
              "text": {
                "$blocksuite:internal:text$": true,
                "delta": [
                  {
                    "insert": "Confirm Details with Vendors",
                    "attributes": {
                      "bold": true
                    }
                  },
                  {
                    "insert": ": Reconfirm all bookings and details with vendors."
                  }
                ]
              },
              "checked": false,
              "collapsed": false,
              "order": null
            },
            "children": []
          },
          {
            "type": "block",
            "id": "l8T_wh7fNVxfsRCeqx41L",
            "flavour": "affine:list",
            "version": 1,
            "props": {
              "type": "bulleted",
              "text": {
                "$blocksuite:internal:text$": true,
                "delta": [
                  {
                    "insert": "Get Marriage License",
                    "attributes": {
                      "bold": true
                    }
                  },
                  {
                    "insert": ": Apply for your marriage license."
                  }
                ]
              },
              "checked": false,
              "collapsed": false,
              "order": null
            },
            "children": []
          },
          {
            "type": "block",
            "id": "0BQPXiuiw3bCMcdNaNjYb",
            "flavour": "affine:list",
            "version": 1,
            "props": {
              "type": "bulleted",
              "text": {
                "$blocksuite:internal:text$": true,
                "delta": [
                  {
                    "insert": "Attend Final Dress Fitting",
                    "attributes": {
                      "bold": true
                    }
                  },
                  {
                    "insert": ": Schedule your last dress fitting."
                  }
                ]
              },
              "checked": false,
              "collapsed": false,
              "order": null
            },
            "children": []
          },
          {
            "type": "block",
            "id": "XESgpyDerYWndSTh9gXlr",
            "flavour": "affine:list",
            "version": 1,
            "props": {
              "type": "bulleted",
              "text": {
                "$blocksuite:internal:text$": true,
                "delta": [
                  {
                    "insert": "Create a Seating Chart",
                    "attributes": {
                      "bold": true
                    }
                  },
                  {
                    "insert": ": Organize where guests will be seated."
                  }
                ]
              },
              "checked": false,
              "collapsed": false,
              "order": null
            },
            "children": []
          },
          {
            "type": "block",
            "id": "RN2DYTT6sWDuetXCslg6T",
            "flavour": "affine:list",
            "version": 1,
            "props": {
              "type": "bulleted",
              "text": {
                "$blocksuite:internal:text$": true,
                "delta": [
                  {
                    "insert": "Plan the Rehearsal Dinner",
                    "attributes": {
                      "bold": true
                    }
                  },
                  {
                    "insert": ": Confirm venue and details for the rehearsal dinner."
                  }
                ]
              },
              "checked": false,
              "collapsed": false,
              "order": null
            },
            "children": []
          },
          {
            "type": "block",
            "id": "6BeRy2o-G3q9jQYFHoOaF",
            "flavour": "affine:divider",
            "version": 1,
            "props": {},
            "children": []
          },
          {
            "type": "block",
            "id": "fE-ABImAm8fAX_AntIYoE",
            "flavour": "affine:paragraph",
            "version": 1,
            "props": {
              "type": "h2",
              "text": {
                "$blocksuite:internal:text$": true,
                "delta": [
                  {
                    "insert": "6. 1-2 Weeks Before the Wedding"
                  }
                ]
              }
            },
            "children": []
          },
          {
            "type": "block",
            "id": "hHRYXeP6uSpaAHulq8zBB",
            "flavour": "affine:list",
            "version": 1,
            "props": {
              "type": "bulleted",
              "text": {
                "$blocksuite:internal:text$": true,
                "delta": [
                  {
                    "insert": "Finalize Headcount",
                    "attributes": {
                      "bold": true
                    }
                  },
                  {
                    "insert": ": Give the final guest count to your vendors."
                  }
                ]
              },
              "checked": false,
              "collapsed": false,
              "order": null
            },
            "children": []
          },
          {
            "type": "block",
            "id": "9U_r33zMbkaw_QypX1wZ-",
            "flavour": "affine:list",
            "version": 1,
            "props": {
              "type": "bulleted",
              "text": {
                "$blocksuite:internal:text$": true,
                "delta": [
                  {
                    "insert": "Pack for Honeymoon",
                    "attributes": {
                      "bold": true
                    }
                  },
                  {
                    "insert": ": Start packing for your honeymoon."
                  }
                ]
              },
              "checked": false,
              "collapsed": false,
              "order": null
            },
            "children": []
          },
          {
            "type": "block",
            "id": "pA8ZR17Qj1EC07a2KKOHW",
            "flavour": "affine:list",
            "version": 1,
            "props": {
              "type": "bulleted",
              "text": {
                "$blocksuite:internal:text$": true,
                "delta": [
                  {
                    "insert": "Break in Wedding Shoes",
                    "attributes": {
                      "bold": true
                    }
                  },
                  {
                    "insert": ": Wear your shoes around the house to break them in."
                  }
                ]
              },
              "checked": false,
              "collapsed": false,
              "order": null
            },
            "children": []
          },
          {
            "type": "block",
            "id": "YpV3mK9vLPXcUMhW5Px3u",
            "flavour": "affine:list",
            "version": 1,
            "props": {
              "type": "bulleted",
              "text": {
                "$blocksuite:internal:text$": true,
                "delta": [
                  {
                    "insert": "Create a Wedding Day Timeline",
                    "attributes": {
                      "bold": true
                    }
                  },
                  {
                    "insert": ": Plan a detailed schedule for the big day."
                  }
                ]
              },
              "checked": false,
              "collapsed": false,
              "order": null
            },
            "children": []
          },
          {
            "type": "block",
            "id": "LxtV2JaVFrQgB0ZUOrJ60",
            "flavour": "affine:list",
            "version": 1,
            "props": {
              "type": "bulleted",
              "text": {
                "$blocksuite:internal:text$": true,
                "delta": [
                  {
                    "insert": "Confirm Bridal Party Responsibilities",
                    "attributes": {
                      "bold": true
                    }
                  },
                  {
                    "insert": ": Ensure everyone knows their roles."
                  }
                ]
              },
              "checked": false,
              "collapsed": false,
              "order": null
            },
            "children": []
          },
          {
            "type": "block",
            "id": "Opi85JuTDPIBfyvZW67sJ",
            "flavour": "affine:divider",
            "version": 1,
            "props": {},
            "children": []
          },
          {
            "type": "block",
            "id": "eEc683bKV-V57ZiRNDInq",
            "flavour": "affine:paragraph",
            "version": 1,
            "props": {
              "type": "h2",
              "text": {
                "$blocksuite:internal:text$": true,
                "delta": [
                  {
                    "insert": "7. Wedding Day"
                  }
                ]
              }
            },
            "children": []
          },
          {
            "type": "block",
            "id": "VzA4vjwOjHbGXf2O-xBnL",
            "flavour": "affine:list",
            "version": 1,
            "props": {
              "type": "bulleted",
              "text": {
                "$blocksuite:internal:text$": true,
                "delta": [
                  {
                    "insert": "Enjoy Every Moment",
                    "attributes": {
                      "bold": true
                    }
                  },
                  {
                    "insert": ": Relax and enjoy your special day!"
                  }
                ]
              },
              "checked": false,
              "collapsed": false,
              "order": null
            },
            "children": []
          },
          {
            "type": "block",
            "id": "RWiqov7yfNSl_5JlyFx78",
            "flavour": "affine:list",
            "version": 1,
            "props": {
              "type": "bulleted",
              "text": {
                "$blocksuite:internal:text$": true,
                "delta": [
                  {
                    "insert": "Get Ready with Bridal Party",
                    "attributes": {
                      "bold": true
                    }
                  },
                  {
                    "insert": ": Spend time getting ready with your closest friends."
                  }
                ]
              },
              "checked": false,
              "collapsed": false,
              "order": null
            },
            "children": []
          },
          {
            "type": "block",
            "id": "EYZ3MIXb-fIPiHgKe3uuU",
            "flavour": "affine:list",
            "version": 1,
            "props": {
              "type": "bulleted",
              "text": {
                "$blocksuite:internal:text$": true,
                "delta": [
                  {
                    "insert": "Ensure Vendors Arrive on Time",
                    "attributes": {
                      "bold": true
                    }
                  },
                  {
                    "insert": ": Check that all vendors are present and ready."
                  }
                ]
              },
              "checked": false,
              "collapsed": false,
              "order": null
            },
            "children": []
          },
          {
            "type": "block",
            "id": "pVhyjB7itPlrZFhg4-XTl",
            "flavour": "affine:list",
            "version": 1,
            "props": {
              "type": "bulleted",
              "text": {
                "$blocksuite:internal:text$": true,
                "delta": [
                  {
                    "insert": "Walk Down the Aisle",
                    "attributes": {
                      "bold": true
                    }
                  },
                  {
                    "insert": ": Time to say \"I do\"!"
                  }
                ]
              },
              "checked": false,
              "collapsed": false,
              "order": null
            },
            "children": []
          },
          {
            "type": "block",
            "id": "4AB2ICw-4o8bQ8AMQBsRs",
            "flavour": "affine:divider",
            "version": 1,
            "props": {},
            "children": []
          },
          {
            "type": "block",
            "id": "8z5c9pzP1GjMz4zpchFxT",
            "flavour": "affine:paragraph",
            "version": 1,
            "props": {
              "type": "h2",
              "text": {
                "$blocksuite:internal:text$": true,
                "delta": [
                  {
                    "insert": "8. Post-Wedding"
                  }
                ]
              }
            },
            "children": []
          },
          {
            "type": "block",
            "id": "eGgETdvXz3qfeHXDtbWRe",
            "flavour": "affine:list",
            "version": 1,
            "props": {
              "type": "bulleted",
              "text": {
                "$blocksuite:internal:text$": true,
                "delta": [
                  {
                    "insert": "Send Thank-You Notes",
                    "attributes": {
                      "bold": true
                    }
                  },
                  {
                    "insert": ": Thank your guests and vendors for being part of your special day."
                  }
                ]
              },
              "checked": false,
              "collapsed": false,
              "order": null
            },
            "children": []
          },
          {
            "type": "block",
            "id": "gj0k_qTprVyYm6j2Dm7jU",
            "flavour": "affine:list",
            "version": 1,
            "props": {
              "type": "bulleted",
              "text": {
                "$blocksuite:internal:text$": true,
                "delta": [
                  {
                    "insert": "Review Photos & Videos",
                    "attributes": {
                      "bold": true
                    }
                  },
                  {
                    "insert": ": Select your favorite images and videos for your album."
                  }
                ]
              },
              "checked": false,
              "collapsed": false,
              "order": null
            },
            "children": []
          },
          {
            "type": "block",
            "id": "bQG9E2vRl8O13Mnmq18V5",
            "flavour": "affine:list",
            "version": 1,
            "props": {
              "type": "bulleted",
              "text": {
                "$blocksuite:internal:text$": true,
                "delta": [
                  {
                    "insert": "Preserve Your Wedding Dress",
                    "attributes": {
                      "bold": true
                    }
                  },
                  {
                    "insert": ": Arrange for dress preservation if desired."
                  }
                ]
              },
              "checked": false,
              "collapsed": false,
              "order": null
            },
            "children": []
          },
          {
            "type": "block",
            "id": "YJWTWhadThCizuvpWe8O1",
            "flavour": "affine:list",
            "version": 1,
            "props": {
              "type": "bulleted",
              "text": {
                "$blocksuite:internal:text$": true,
                "delta": [
                  {
                    "insert": "Relax on Your Honeymoon",
                    "attributes": {
                      "bold": true
                    }
                  },
                  {
                    "insert": ": Enjoy your honeymoon and celebrate your new life together!"
                  }
                ]
              },
              "checked": false,
              "collapsed": false,
              "order": null
            },
            "children": []
          }
        ]
      }
    ]
  }
}