{
  "type": "page",
  "meta": {
    "id": "2PPo1GdSrLtIf1IRDli4h",
    "title": "Simple Planner",
    "createDate": 1728531730915,
    "tags": []
  },
  "blocks": {
    "type": "block",
    "id": "BdqDq-5-nYUVc1lCMGY5m",
    "flavour": "affine:page",
    "version": 2,
    "props": {
      "title": {
        "$blocksuite:internal:text$": true,
        "delta": [
          {
            "insert": "Simple Planner"
          }
        ]
      }
    },
    "children": [
      {
        "type": "block",
        "id": "TAzYMsLI61gcX9jPVAjsR",
        "flavour": "affine:surface",
        "version": 5,
        "props": {
          "elements": {}
        },
        "children": []
      },
      {
        "type": "block",
        "id": "sL_cW7a7Mzi8Rfd08Qv9O",
        "flavour": "affine:note",
        "version": 1,
        "props": {
          "xywh": "[0,0,800,95]",
          "background": "--affine-note-background-white",
          "index": "a0",
          "hidden": false,
          "displayMode": "both",
          "edgeless": {
            "style": {
              "borderRadius": 8,
              "borderSize": 4,
              "borderStyle": "none",
              "shadowType": "--affine-note-shadow-box"
            }
          }
        },
        "children": [
          {
            "type": "block",
            "id": "ILICSGq564GiGTlOD4AzP",
            "flavour": "affine:paragraph",
            "version": 1,
            "props": {
              "type": "h2",
              "text": {
                "$blocksuite:internal:text$": true,
                "delta": [
                  {
                    "insert": "Week of: [Enter Week Dates]"
                  }
                ]
              }
            },
            "children": []
          },
          {
            "type": "block",
            "id": "2OAfvc2MCbIV6P5G_q7LM",
            "flavour": "affine:divider",
            "version": 1,
            "props": {},
            "children": []
          },
          {
            "type": "block",
            "id": "WuGuktojYiY4p9ebREsR8",
            "flavour": "affine:paragraph",
            "version": 1,
            "props": {
              "type": "h2",
              "text": {
                "$blocksuite:internal:text$": true,
                "delta": [
                  {
                    "insert": "Weekly Overview"
                  }
                ]
              }
            },
            "children": []
          },
          {
            "type": "block",
            "id": "oD2HNSpfY_xevvW63R_82",
            "flavour": "affine:paragraph",
            "version": 1,
            "props": {
              "type": "h3",
              "text": {
                "$blocksuite:internal:text$": true,
                "delta": [
                  {
                    "insert": "Top Priorities"
                  }
                ]
              }
            },
            "children": []
          },
          {
            "type": "block",
            "id": "Qx2Nx2VrrPII_mFOUCRXG",
            "flavour": "affine:list",
            "version": 1,
            "props": {
              "type": "numbered",
              "text": {
                "$blocksuite:internal:text$": true,
                "delta": [
                  {
                    "insert": "Priority 1",
                    "attributes": {
                      "bold": true
                    }
                  },
                  {
                    "insert": ": [e.g., Complete project report]"
                  }
                ]
              },
              "checked": false,
              "collapsed": false,
              "order": 1
            },
            "children": []
          },
          {
            "type": "block",
            "id": "R7Du_sBT5W4tifxSz_iHL",
            "flavour": "affine:list",
            "version": 1,
            "props": {
              "type": "numbered",
              "text": {
                "$blocksuite:internal:text$": true,
                "delta": [
                  {
                    "insert": "Priority 2",
                    "attributes": {
                      "bold": true
                    }
                  },
                  {
                    "insert": ": [e.g., Prepare for meeting]"
                  }
                ]
              },
              "checked": false,
              "collapsed": false,
              "order": 2
            },
            "children": []
          },
          {
            "type": "block",
            "id": "OUZ-MPE7eOiL-K3YlnIs_",
            "flavour": "affine:paragraph",
            "version": 1,
            "props": {
              "type": "h3",
              "text": {
                "$blocksuite:internal:text$": true,
                "delta": [
                  {
                    "insert": "Important Events"
                  }
                ]
              }
            },
            "children": []
          },
          {
            "type": "block",
            "id": "d5EqzM8VzGnmRCGEDiBk9",
            "flavour": "affine:list",
            "version": 1,
            "props": {
              "type": "bulleted",
              "text": {
                "$blocksuite:internal:text$": true,
                "delta": [
                  {
                    "insert": "Event 1",
                    "attributes": {
                      "bold": true
                    }
                  },
                  {
                    "insert": ": [e.g., Meeting with team - 10 AM, Monday]"
                  }
                ]
              },
              "checked": false,
              "collapsed": false,
              "order": null
            },
            "children": []
          },
          {
            "type": "block",
            "id": "iIwOa1y-unSW6WHLqUXAE",
            "flavour": "affine:list",
            "version": 1,
            "props": {
              "type": "bulleted",
              "text": {
                "$blocksuite:internal:text$": true,
                "delta": [
                  {
                    "insert": "Event 2",
                    "attributes": {
                      "bold": true
                    }
                  },
                  {
                    "insert": ": [e.g., Doctor's appointment - 3 PM, Wednesday]"
                  }
                ]
              },
              "checked": false,
              "collapsed": false,
              "order": null
            },
            "children": []
          },
          {
            "type": "block",
            "id": "rr3pLFxHEOt-9ka3VGLdF",
            "flavour": "affine:divider",
            "version": 1,
            "props": {},
            "children": []
          },
          {
            "type": "block",
            "id": "gmsVWvH5UPQy4gnrdPwms",
            "flavour": "affine:paragraph",
            "version": 1,
            "props": {
              "type": "h2",
              "text": {
                "$blocksuite:internal:text$": true,
                "delta": [
                  {
                    "insert": "Daily Planner"
                  }
                ]
              }
            },
            "children": []
          },
          {
            "type": "block",
            "id": "wyH6eyNOORNEjgBpFmoFV",
            "flavour": "affine:paragraph",
            "version": 1,
            "props": {
              "type": "h3",
              "text": {
                "$blocksuite:internal:text$": true,
                "delta": [
                  {
                    "insert": "Monday"
                  }
                ]
              }
            },
            "children": []
          },
          {
            "type": "block",
            "id": "n03VVkn6dsvmn8cGUst-s",
            "flavour": "affine:list",
            "version": 1,
            "props": {
              "type": "todo",
              "text": {
                "$blocksuite:internal:text$": true,
                "delta": [
                  {
                    "insert": "Task 1",
                    "attributes": {
                      "bold": true
                    }
                  },
                  {
                    "insert": ": [e.g., Respond to emails]"
                  }
                ]
              },
              "checked": false,
              "collapsed": false,
              "order": null
            },
            "children": []
          },
          {
            "type": "block",
            "id": "o42jmJnu_mWpwbFUkN67s",
            "flavour": "affine:list",
            "version": 1,
            "props": {
              "type": "todo",
              "text": {
                "$blocksuite:internal:text$": true,
                "delta": [
                  {
                    "insert": "Task 2",
                    "attributes": {
                      "bold": true
                    }
                  },
                  {
                    "insert": ": [e.g., Draft new proposal]"
                  }
                ]
              },
              "checked": false,
              "collapsed": false,
              "order": null
            },
            "children": []
          },
          {
            "type": "block",
            "id": "kkja0lXkfuevfNzih7h-j",
            "flavour": "affine:list",
            "version": 1,
            "props": {
              "type": "bulleted",
              "text": {
                "$blocksuite:internal:text$": true,
                "delta": [
                  {
                    "insert": "Notes",
                    "attributes": {
                      "bold": true
                    }
                  },
                  {
                    "insert": ": [Additional notes for the day]"
                  }
                ]
              },
              "checked": false,
              "collapsed": false,
              "order": null
            },
            "children": []
          },
          {
            "type": "block",
            "id": "uoEvq05cVjEW7nfzbjjIT",
            "flavour": "affine:paragraph",
            "version": 1,
            "props": {
              "type": "h3",
              "text": {
                "$blocksuite:internal:text$": true,
                "delta": [
                  {
                    "insert": "Tuesday"
                  }
                ]
              }
            },
            "children": []
          },
          {
            "type": "block",
            "id": "fN-fN1wsk-wttruyA1bNT",
            "flavour": "affine:list",
            "version": 1,
            "props": {
              "type": "todo",
              "text": {
                "$blocksuite:internal:text$": true,
                "delta": [
                  {
                    "insert": "Task 1",
                    "attributes": {
                      "bold": true
                    }
                  },
                  {
                    "insert": ":"
                  }
                ]
              },
              "checked": false,
              "collapsed": false,
              "order": null
            },
            "children": []
          },
          {
            "type": "block",
            "id": "rBqraG1vrt3e4uwvplbfu",
            "flavour": "affine:list",
            "version": 1,
            "props": {
              "type": "todo",
              "text": {
                "$blocksuite:internal:text$": true,
                "delta": [
                  {
                    "insert": "Task 2",
                    "attributes": {
                      "bold": true
                    }
                  },
                  {
                    "insert": ":"
                  }
                ]
              },
              "checked": false,
              "collapsed": false,
              "order": null
            },
            "children": []
          },
          {
            "type": "block",
            "id": "dBIku3a2Gde6I0ZmAmZ4R",
            "flavour": "affine:list",
            "version": 1,
            "props": {
              "type": "bulleted",
              "text": {
                "$blocksuite:internal:text$": true,
                "delta": [
                  {
                    "insert": "Notes",
                    "attributes": {
                      "bold": true
                    }
                  },
                  {
                    "insert": ":"
                  }
                ]
              },
              "checked": false,
              "collapsed": false,
              "order": null
            },
            "children": []
          },
          {
            "type": "block",
            "id": "7qNWbyE3SAXWGUWHOXPh9",
            "flavour": "affine:paragraph",
            "version": 1,
            "props": {
              "type": "h3",
              "text": {
                "$blocksuite:internal:text$": true,
                "delta": [
                  {
                    "insert": "Wednesday"
                  }
                ]
              }
            },
            "children": []
          },
          {
            "type": "block",
            "id": "zBM6PzYHmPAhVahSRKESZ",
            "flavour": "affine:list",
            "version": 1,
            "props": {
              "type": "todo",
              "text": {
                "$blocksuite:internal:text$": true,
                "delta": [
                  {
                    "insert": "Task 1",
                    "attributes": {
                      "bold": true
                    }
                  },
                  {
                    "insert": ":"
                  }
                ]
              },
              "checked": false,
              "collapsed": false,
              "order": null
            },
            "children": []
          },
          {
            "type": "block",
            "id": "tz2GEh2FTJORzslZ_w2Ir",
            "flavour": "affine:list",
            "version": 1,
            "props": {
              "type": "todo",
              "text": {
                "$blocksuite:internal:text$": true,
                "delta": [
                  {
                    "insert": "Task 2",
                    "attributes": {
                      "bold": true
                    }
                  },
                  {
                    "insert": ":"
                  }
                ]
              },
              "checked": false,
              "collapsed": false,
              "order": null
            },
            "children": []
          },
          {
            "type": "block",
            "id": "H80gE2Pjv7vd1FbKY4vrJ",
            "flavour": "affine:list",
            "version": 1,
            "props": {
              "type": "bulleted",
              "text": {
                "$blocksuite:internal:text$": true,
                "delta": [
                  {
                    "insert": "Notes",
                    "attributes": {
                      "bold": true
                    }
                  },
                  {
                    "insert": ":"
                  }
                ]
              },
              "checked": false,
              "collapsed": false,
              "order": null
            },
            "children": []
          },
          {
            "type": "block",
            "id": "C4kxLDTgPP0qRXOYFUZdY",
            "flavour": "affine:paragraph",
            "version": 1,
            "props": {
              "type": "h3",
              "text": {
                "$blocksuite:internal:text$": true,
                "delta": [
                  {
                    "insert": "Thursday"
                  }
                ]
              }
            },
            "children": []
          },
          {
            "type": "block",
            "id": "RuEu4g6_yZLhSLRzHT7gh",
            "flavour": "affine:list",
            "version": 1,
            "props": {
              "type": "todo",
              "text": {
                "$blocksuite:internal:text$": true,
                "delta": [
                  {
                    "insert": "Task 1",
                    "attributes": {
                      "bold": true
                    }
                  },
                  {
                    "insert": ":"
                  }
                ]
              },
              "checked": false,
              "collapsed": false,
              "order": null
            },
            "children": []
          },
          {
            "type": "block",
            "id": "TW9YvM7WLU6xUUo4PdQVp",
            "flavour": "affine:list",
            "version": 1,
            "props": {
              "type": "todo",
              "text": {
                "$blocksuite:internal:text$": true,
                "delta": [
                  {
                    "insert": "Task 2",
                    "attributes": {
                      "bold": true
                    }
                  },
                  {
                    "insert": ":"
                  }
                ]
              },
              "checked": false,
              "collapsed": false,
              "order": null
            },
            "children": []
          },
          {
            "type": "block",
            "id": "HreZG7KqVVjEfaUQCpCQs",
            "flavour": "affine:list",
            "version": 1,
            "props": {
              "type": "bulleted",
              "text": {
                "$blocksuite:internal:text$": true,
                "delta": [
                  {
                    "insert": "Notes",
                    "attributes": {
                      "bold": true
                    }
                  },
                  {
                    "insert": ":"
                  }
                ]
              },
              "checked": false,
              "collapsed": false,
              "order": null
            },
            "children": []
          },
          {
            "type": "block",
            "id": "VnZe5u4RD_nG9972JtVB1",
            "flavour": "affine:paragraph",
            "version": 1,
            "props": {
              "type": "h3",
              "text": {
                "$blocksuite:internal:text$": true,
                "delta": [
                  {
                    "insert": "Friday"
                  }
                ]
              }
            },
            "children": []
          },
          {
            "type": "block",
            "id": "FsiDCh8Gyz-8tXT1JNkL6",
            "flavour": "affine:list",
            "version": 1,
            "props": {
              "type": "todo",
              "text": {
                "$blocksuite:internal:text$": true,
                "delta": [
                  {
                    "insert": "Task 1",
                    "attributes": {
                      "bold": true
                    }
                  },
                  {
                    "insert": ":"
                  }
                ]
              },
              "checked": false,
              "collapsed": false,
              "order": null
            },
            "children": []
          },
          {
            "type": "block",
            "id": "V69f9vRxrhH3K_uUaJ98G",
            "flavour": "affine:list",
            "version": 1,
            "props": {
              "type": "todo",
              "text": {
                "$blocksuite:internal:text$": true,
                "delta": [
                  {
                    "insert": "Task 2",
                    "attributes": {
                      "bold": true
                    }
                  },
                  {
                    "insert": ":"
                  }
                ]
              },
              "checked": false,
              "collapsed": false,
              "order": null
            },
            "children": []
          },
          {
            "type": "block",
            "id": "XztSdOhh67I3BS0u7hZbC",
            "flavour": "affine:list",
            "version": 1,
            "props": {
              "type": "bulleted",
              "text": {
                "$blocksuite:internal:text$": true,
                "delta": [
                  {
                    "insert": "Notes",
                    "attributes": {
                      "bold": true
                    }
                  },
                  {
                    "insert": ":"
                  }
                ]
              },
              "checked": false,
              "collapsed": false,
              "order": null
            },
            "children": []
          },
          {
            "type": "block",
            "id": "64kKN3KGtwaMXLkUdoDQh",
            "flavour": "affine:paragraph",
            "version": 1,
            "props": {
              "type": "h3",
              "text": {
                "$blocksuite:internal:text$": true,
                "delta": [
                  {
                    "insert": "Saturday"
                  }
                ]
              }
            },
            "children": []
          },
          {
            "type": "block",
            "id": "1d4mOarCBbQnmy5e8_hT5",
            "flavour": "affine:list",
            "version": 1,
            "props": {
              "type": "todo",
              "text": {
                "$blocksuite:internal:text$": true,
                "delta": [
                  {
                    "insert": "Task 1",
                    "attributes": {
                      "bold": true
                    }
                  },
                  {
                    "insert": ": [e.g., Grocery shopping]"
                  }
                ]
              },
              "checked": false,
              "collapsed": false,
              "order": null
            },
            "children": []
          },
          {
            "type": "block",
            "id": "gu69huc2gfjY-Q9IxfWJr",
            "flavour": "affine:list",
            "version": 1,
            "props": {
              "type": "todo",
              "text": {
                "$blocksuite:internal:text$": true,
                "delta": [
                  {
                    "insert": "Task 2",
                    "attributes": {
                      "bold": true
                    }
                  },
                  {
                    "insert": ": [e.g., Clean the house]"
                  }
                ]
              },
              "checked": false,
              "collapsed": false,
              "order": null
            },
            "children": []
          },
          {
            "type": "block",
            "id": "i-hB_I2NF7AoBuPX0SWTe",
            "flavour": "affine:list",
            "version": 1,
            "props": {
              "type": "bulleted",
              "text": {
                "$blocksuite:internal:text$": true,
                "delta": [
                  {
                    "insert": "Notes",
                    "attributes": {
                      "bold": true
                    }
                  },
                  {
                    "insert": ":"
                  }
                ]
              },
              "checked": false,
              "collapsed": false,
              "order": null
            },
            "children": []
          },
          {
            "type": "block",
            "id": "DlaEK0f_-PBE7JBOaursO",
            "flavour": "affine:paragraph",
            "version": 1,
            "props": {
              "type": "h3",
              "text": {
                "$blocksuite:internal:text$": true,
                "delta": [
                  {
                    "insert": "Sunday"
                  }
                ]
              }
            },
            "children": []
          },
          {
            "type": "block",
            "id": "GaW2mVDCqiAVWJnvpdZmL",
            "flavour": "affine:list",
            "version": 1,
            "props": {
              "type": "todo",
              "text": {
                "$blocksuite:internal:text$": true,
                "delta": [
                  {
                    "insert": "Task 1",
                    "attributes": {
                      "bold": true
                    }
                  },
                  {
                    "insert": ": [e.g., Plan next week]"
                  }
                ]
              },
              "checked": false,
              "collapsed": false,
              "order": null
            },
            "children": []
          },
          {
            "type": "block",
            "id": "2O7vgUzU8GsmW_l6Ul_-Z",
            "flavour": "affine:list",
            "version": 1,
            "props": {
              "type": "todo",
              "text": {
                "$blocksuite:internal:text$": true,
                "delta": [
                  {
                    "insert": "Task 2",
                    "attributes": {
                      "bold": true
                    }
                  },
                  {
                    "insert": ": [e.g., Rest and recharge]"
                  }
                ]
              },
              "checked": false,
              "collapsed": false,
              "order": null
            },
            "children": []
          },
          {
            "type": "block",
            "id": "VNhA0X_sGK6ZG9HUMsu-5",
            "flavour": "affine:list",
            "version": 1,
            "props": {
              "type": "bulleted",
              "text": {
                "$blocksuite:internal:text$": true,
                "delta": [
                  {
                    "insert": "Notes",
                    "attributes": {
                      "bold": true
                    }
                  },
                  {
                    "insert": ":"
                  }
                ]
              },
              "checked": false,
              "collapsed": false,
              "order": null
            },
            "children": []
          },
          {
            "type": "block",
            "id": "MwTxhJ5RahUmv9kpjZUQs",
            "flavour": "affine:divider",
            "version": 1,
            "props": {},
            "children": []
          },
          {
            "type": "block",
            "id": "BE4RDL3GKmXLa9Pfz4yHZ",
            "flavour": "affine:paragraph",
            "version": 1,
            "props": {
              "type": "h2",
              "text": {
                "$blocksuite:internal:text$": true,
                "delta": [
                  {
                    "insert": "Notes Section"
                  }
                ]
              }
            },
            "children": []
          },
          {
            "type": "block",
            "id": "mV3Wug38R7oV298aTknSL",
            "flavour": "affine:paragraph",
            "version": 1,
            "props": {
              "type": "text",
              "text": {
                "$blocksuite:internal:text$": true,
                "delta": [
                  {
                    "insert": "[Use this space for additional notes, thoughts, or reflections]"
                  }
                ]
              }
            },
            "children": []
          },
          {
            "type": "block",
            "id": "FRIR-bUQMrZ3aIqb9GSY7",
            "flavour": "affine:divider",
            "version": 1,
            "props": {},
            "children": []
          },
          {
            "type": "block",
            "id": "mSa9MlXnscQaZCkzQlNTS",
            "flavour": "affine:paragraph",
            "version": 1,
            "props": {
              "type": "h2",
              "text": {
                "$blocksuite:internal:text$": true,
                "delta": [
                  {
                    "insert": "Weekly Reflection"
                  }
                ]
              }
            },
            "children": []
          },
          {
            "type": "block",
            "id": "82KF309CEy_IL0TjHhFN8",
            "flavour": "affine:paragraph",
            "version": 1,
            "props": {
              "type": "h3",
              "text": {
                "$blocksuite:internal:text$": true,
                "delta": [
                  {
                    "insert": "What Went Well"
                  }
                ]
              }
            },
            "children": []
          },
          {
            "type": "block",
            "id": "o1v0bxeP0HdCggESnZCrA",
            "flavour": "affine:list",
            "version": 1,
            "props": {
              "type": "bulleted",
              "text": {
                "$blocksuite:internal:text$": true,
                "delta": [
                  {
                    "insert": "Highlight 1",
                    "attributes": {
                      "bold": true
                    }
                  },
                  {
                    "insert": ": [e.g., Completed all tasks ahead of time]"
                  }
                ]
              },
              "checked": false,
              "collapsed": false,
              "order": null
            },
            "children": []
          },
          {
            "type": "block",
            "id": "lpE3Daoyl30q_bNvd45xO",
            "flavour": "affine:list",
            "version": 1,
            "props": {
              "type": "bulleted",
              "text": {
                "$blocksuite:internal:text$": true,
                "delta": [
                  {
                    "insert": "Highlight 2",
                    "attributes": {
                      "bold": true
                    }
                  },
                  {
                    "insert": ":"
                  }
                ]
              },
              "checked": false,
              "collapsed": false,
              "order": null
            },
            "children": []
          },
          {
            "type": "block",
            "id": "t8EJ34gyU239YPWUc2HBr",
            "flavour": "affine:paragraph",
            "version": 1,
            "props": {
              "type": "h3",
              "text": {
                "$blocksuite:internal:text$": true,
                "delta": [
                  {
                    "insert": "Areas for Improvement"
                  }
                ]
              }
            },
            "children": []
          },
          {
            "type": "block",
            "id": "SLo4nDtncqg1yKyJfoctg",
            "flavour": "affine:list",
            "version": 1,
            "props": {
              "type": "bulleted",
              "text": {
                "$blocksuite:internal:text$": true,
                "delta": [
                  {
                    "insert": "Area 1",
                    "attributes": {
                      "bold": true
                    }
                  },
                  {
                    "insert": ": [e.g., Manage time better during meetings]"
                  }
                ]
              },
              "checked": false,
              "collapsed": false,
              "order": null
            },
            "children": []
          },
          {
            "type": "block",
            "id": "yPQNcse23FwkAnN9nF_YL",
            "flavour": "affine:list",
            "version": 1,
            "props": {
              "type": "bulleted",
              "text": {
                "$blocksuite:internal:text$": true,
                "delta": [
                  {
                    "insert": "Area 2",
                    "attributes": {
                      "bold": true
                    }
                  },
                  {
                    "insert": ":"
                  }
                ]
              },
              "checked": false,
              "collapsed": false,
              "order": null
            },
            "children": []
          }
        ]
      }
    ]
  }
}