{
  "type": "page",
  "meta": {
    "id": "N7MKnXvfE3XlrJLtraUna",
    "title": "Monthly Planner",
    "createDate": 1727537514732,
    "tags": []
  },
  "blocks": {
    "type": "block",
    "id": "BdqDq-5-nYUVc1lCMGY5m",
    "flavour": "affine:page",
    "version": 2,
    "props": {
      "title": {
        "$blocksuite:internal:text$": true,
        "delta": [
          {
            "insert": "Monthly Planner"
          }
        ]
      }
    },
    "children": [
      {
        "type": "block",
        "id": "TAzYMsLI61gcX9jPVAjsR",
        "flavour": "affine:surface",
        "version": 5,
        "props": {
          "elements": {}
        },
        "children": []
      },
      {
        "type": "block",
        "id": "sL_cW7a7Mzi8Rfd08Qv9O",
        "flavour": "affine:note",
        "version": 1,
        "props": {
          "xywh": "[0,0,800,95]",
          "background": "--affine-note-background-white",
          "index": "a0",
          "hidden": false,
          "displayMode": "both",
          "edgeless": {
            "style": {
              "borderRadius": 8,
              "borderSize": 4,
              "borderStyle": "none",
              "shadowType": "--affine-note-shadow-box"
            }
          }
        },
        "children": [
          {
            "type": "block",
            "id": "iv4fY5s8jT2DZNlL3hDtG",
            "flavour": "affine:paragraph",
            "version": 1,
            "props": {
              "type": "text",
              "text": {
                "$blocksuite:internal:text$": true,
                "delta": []
              }
            },
            "children": []
          },
          {
            "type": "block",
            "id": "zCd6WyGFZGMDTUcEDyq6b",
            "flavour": "affine:paragraph",
            "version": 1,
            "props": {
              "type": "h2",
              "text": {
                "$blocksuite:internal:text$": true,
                "delta": [
                  {
                    "insert": "Month: [Month Name]"
                  }
                ]
              }
            },
            "children": []
          },
          {
            "type": "block",
            "id": "MP6fUtLMDDxIhDNYBnobC",
            "flavour": "affine:divider",
            "version": 1,
            "props": {},
            "children": []
          },
          {
            "type": "block",
            "id": "vnOH0A7VIyD853OKC-jha",
            "flavour": "affine:paragraph",
            "version": 1,
            "props": {
              "type": "h2",
              "text": {
                "$blocksuite:internal:text$": true,
                "delta": [
                  {
                    "insert": "Monthly Overview"
                  }
                ]
              }
            },
            "children": []
          },
          {
            "type": "block",
            "id": "tHy0ZCaJepevxtep7Y5HY",
            "flavour": "affine:database",
            "version": 3,
            "props": {
              "views": [
                {
                  "id": "OJ_iraCDbb",
                  "name": "Table View",
                  "mode": "table",
                  "columns": [],
                  "filter": {
                    "type": "group",
                    "op": "and",
                    "conditions": []
                  },
                  "header": {
                    "titleColumn": "bcdmPGqfe1",
                    "iconColumn": "type"
                  }
                }
              ],
              "title": {
                "$blocksuite:internal:text$": true,
                "delta": []
              },
              "cells": {
                "5-W-z03z67joUXA8GqroF": {
                  "D3jt9FXLTN": {
                    "columnId": "D3jt9FXLTN",
                    "value": {
                      "$blocksuite:internal:text$": true,
                      "delta": []
                    }
                  },
                  "MUZMOGn-6i": {
                    "columnId": "MUZMOGn-6i",
                    "value": {
                      "$blocksuite:internal:text$": true,
                      "delta": []
                    }
                  },
                  "ShNBWs2WGD": {
                    "columnId": "ShNBWs2WGD",
                    "value": {
                      "$blocksuite:internal:text$": true,
                      "delta": []
                    }
                  },
                  "twuPE4l4iK": {
                    "columnId": "twuPE4l4iK",
                    "value": {
                      "$blocksuite:internal:text$": true,
                      "delta": []
                    }
                  },
                  "6RoWUyTZY_": {
                    "columnId": "6RoWUyTZY_",
                    "value": {
                      "$blocksuite:internal:text$": true,
                      "delta": []
                    }
                  },
                  "IbXWwY85BM": {
                    "columnId": "IbXWwY85BM",
                    "value": {
                      "$blocksuite:internal:text$": true,
                      "delta": []
                    }
                  },
                  "SUjB8Qu8E5": {
                    "columnId": "SUjB8Qu8E5",
                    "value": {
                      "$blocksuite:internal:text$": true,
                      "delta": []
                    }
                  }
                },
                "7MZSadEtzIzrBUTxZVFX7": {
                  "D3jt9FXLTN": {
                    "columnId": "D3jt9FXLTN",
                    "value": {
                      "$blocksuite:internal:text$": true,
                      "delta": []
                    }
                  },
                  "MUZMOGn-6i": {
                    "columnId": "MUZMOGn-6i",
                    "value": {
                      "$blocksuite:internal:text$": true,
                      "delta": []
                    }
                  },
                  "ShNBWs2WGD": {
                    "columnId": "ShNBWs2WGD",
                    "value": {
                      "$blocksuite:internal:text$": true,
                      "delta": []
                    }
                  },
                  "twuPE4l4iK": {
                    "columnId": "twuPE4l4iK",
                    "value": {
                      "$blocksuite:internal:text$": true,
                      "delta": []
                    }
                  },
                  "6RoWUyTZY_": {
                    "columnId": "6RoWUyTZY_",
                    "value": {
                      "$blocksuite:internal:text$": true,
                      "delta": []
                    }
                  },
                  "IbXWwY85BM": {
                    "columnId": "IbXWwY85BM",
                    "value": {
                      "$blocksuite:internal:text$": true,
                      "delta": []
                    }
                  },
                  "SUjB8Qu8E5": {
                    "columnId": "SUjB8Qu8E5",
                    "value": {
                      "$blocksuite:internal:text$": true,
                      "delta": []
                    }
                  }
                },
                "X6IL8WySEADYuZRfXfGRY": {
                  "D3jt9FXLTN": {
                    "columnId": "D3jt9FXLTN",
                    "value": {
                      "$blocksuite:internal:text$": true,
                      "delta": []
                    }
                  },
                  "MUZMOGn-6i": {
                    "columnId": "MUZMOGn-6i",
                    "value": {
                      "$blocksuite:internal:text$": true,
                      "delta": []
                    }
                  },
                  "ShNBWs2WGD": {
                    "columnId": "ShNBWs2WGD",
                    "value": {
                      "$blocksuite:internal:text$": true,
                      "delta": []
                    }
                  },
                  "twuPE4l4iK": {
                    "columnId": "twuPE4l4iK",
                    "value": {
                      "$blocksuite:internal:text$": true,
                      "delta": []
                    }
                  },
                  "6RoWUyTZY_": {
                    "columnId": "6RoWUyTZY_",
                    "value": {
                      "$blocksuite:internal:text$": true,
                      "delta": []
                    }
                  },
                  "IbXWwY85BM": {
                    "columnId": "IbXWwY85BM",
                    "value": {
                      "$blocksuite:internal:text$": true,
                      "delta": []
                    }
                  },
                  "SUjB8Qu8E5": {
                    "columnId": "SUjB8Qu8E5",
                    "value": {
                      "$blocksuite:internal:text$": true,
                      "delta": []
                    }
                  }
                },
                "DjUVxPyIYLtdF-DfCccMl": {
                  "D3jt9FXLTN": {
                    "columnId": "D3jt9FXLTN",
                    "value": {
                      "$blocksuite:internal:text$": true,
                      "delta": []
                    }
                  },
                  "MUZMOGn-6i": {
                    "columnId": "MUZMOGn-6i",
                    "value": {
                      "$blocksuite:internal:text$": true,
                      "delta": []
                    }
                  },
                  "ShNBWs2WGD": {
                    "columnId": "ShNBWs2WGD",
                    "value": {
                      "$blocksuite:internal:text$": true,
                      "delta": []
                    }
                  },
                  "twuPE4l4iK": {
                    "columnId": "twuPE4l4iK",
                    "value": {
                      "$blocksuite:internal:text$": true,
                      "delta": []
                    }
                  },
                  "6RoWUyTZY_": {
                    "columnId": "6RoWUyTZY_",
                    "value": {
                      "$blocksuite:internal:text$": true,
                      "delta": []
                    }
                  },
                  "IbXWwY85BM": {
                    "columnId": "IbXWwY85BM",
                    "value": {
                      "$blocksuite:internal:text$": true,
                      "delta": []
                    }
                  },
                  "SUjB8Qu8E5": {
                    "columnId": "SUjB8Qu8E5",
                    "value": {
                      "$blocksuite:internal:text$": true,
                      "delta": []
                    }
                  }
                },
                "WkM7OQOmeae2n--HLjDvG": {
                  "D3jt9FXLTN": {
                    "columnId": "D3jt9FXLTN",
                    "value": {
                      "$blocksuite:internal:text$": true,
                      "delta": []
                    }
                  },
                  "MUZMOGn-6i": {
                    "columnId": "MUZMOGn-6i",
                    "value": {
                      "$blocksuite:internal:text$": true,
                      "delta": []
                    }
                  },
                  "ShNBWs2WGD": {
                    "columnId": "ShNBWs2WGD",
                    "value": {
                      "$blocksuite:internal:text$": true,
                      "delta": []
                    }
                  },
                  "twuPE4l4iK": {
                    "columnId": "twuPE4l4iK",
                    "value": {
                      "$blocksuite:internal:text$": true,
                      "delta": []
                    }
                  },
                  "6RoWUyTZY_": {
                    "columnId": "6RoWUyTZY_",
                    "value": {
                      "$blocksuite:internal:text$": true,
                      "delta": []
                    }
                  },
                  "IbXWwY85BM": {
                    "columnId": "IbXWwY85BM",
                    "value": {
                      "$blocksuite:internal:text$": true,
                      "delta": []
                    }
                  },
                  "SUjB8Qu8E5": {
                    "columnId": "SUjB8Qu8E5",
                    "value": {
                      "$blocksuite:internal:text$": true,
                      "delta": []
                    }
                  }
                }
              },
              "columns": [
                {
                  "type": "title",
                  "name": "Week",
                  "data": {},
                  "id": "bcdmPGqfe1"
                },
                {
                  "type": "rich-text",
                  "name": "Monday",
                  "data": {},
                  "id": "D3jt9FXLTN"
                },
                {
                  "type": "rich-text",
                  "name": "Tuesday",
                  "data": {},
                  "id": "MUZMOGn-6i"
                },
                {
                  "type": "rich-text",
                  "name": "Wednesday",
                  "data": {},
                  "id": "ShNBWs2WGD"
                },
                {
                  "type": "rich-text",
                  "name": "Thursday",
                  "data": {},
                  "id": "twuPE4l4iK"
                },
                {
                  "type": "rich-text",
                  "name": "Friday",
                  "data": {},
                  "id": "6RoWUyTZY_"
                },
                {
                  "type": "rich-text",
                  "name": "Saturday",
                  "data": {},
                  "id": "IbXWwY85BM"
                },
                {
                  "type": "rich-text",
                  "name": "Sunday",
                  "data": {},
                  "id": "SUjB8Qu8E5"
                }
              ]
            },
            "children": [
              {
                "type": "block",
                "id": "5-W-z03z67joUXA8GqroF",
                "flavour": "affine:paragraph",
                "version": 1,
                "props": {
                  "type": "text",
                  "text": {
                    "$blocksuite:internal:text$": true,
                    "delta": [
                      {
                        "insert": "Week 1"
                      }
                    ]
                  }
                },
                "children": []
              },
              {
                "type": "block",
                "id": "7MZSadEtzIzrBUTxZVFX7",
                "flavour": "affine:paragraph",
                "version": 1,
                "props": {
                  "type": "text",
                  "text": {
                    "$blocksuite:internal:text$": true,
                    "delta": [
                      {
                        "insert": "Week 2"
                      }
                    ]
                  }
                },
                "children": []
              },
              {
                "type": "block",
                "id": "X6IL8WySEADYuZRfXfGRY",
                "flavour": "affine:paragraph",
                "version": 1,
                "props": {
                  "type": "text",
                  "text": {
                    "$blocksuite:internal:text$": true,
                    "delta": [
                      {
                        "insert": "Week 3"
                      }
                    ]
                  }
                },
                "children": []
              },
              {
                "type": "block",
                "id": "DjUVxPyIYLtdF-DfCccMl",
                "flavour": "affine:paragraph",
                "version": 1,
                "props": {
                  "type": "text",
                  "text": {
                    "$blocksuite:internal:text$": true,
                    "delta": [
                      {
                        "insert": "Week 4"
                      }
                    ]
                  }
                },
                "children": []
              },
              {
                "type": "block",
                "id": "WkM7OQOmeae2n--HLjDvG",
                "flavour": "affine:paragraph",
                "version": 1,
                "props": {
                  "type": "text",
                  "text": {
                    "$blocksuite:internal:text$": true,
                    "delta": [
                      {
                        "insert": "Week 5"
                      }
                    ]
                  }
                },
                "children": []
              }
            ]
          },
          {
            "type": "block",
            "id": "_1n_z17c23G6kDs5Y372C",
            "flavour": "affine:divider",
            "version": 1,
            "props": {},
            "children": []
          },
          {
            "type": "block",
            "id": "Ytn4iNHZN5xSU72JQrZpW",
            "flavour": "affine:paragraph",
            "version": 1,
            "props": {
              "type": "h2",
              "text": {
                "$blocksuite:internal:text$": true,
                "delta": [
                  {
                    "insert": "Monthly Goals"
                  }
                ]
              }
            },
            "children": []
          },
          {
            "type": "block",
            "id": "B1O_ITYODouIoWulGKkF-",
            "flavour": "affine:list",
            "version": 1,
            "props": {
              "type": "todo",
              "text": {
                "$blocksuite:internal:text$": true,
                "delta": [
                  {
                    "insert": "Primary Goal:"
                  }
                ]
              },
              "checked": false,
              "collapsed": false,
              "order": null
            },
            "children": []
          },
          {
            "type": "block",
            "id": "mwsyWYhLDrHg0mvE83ZgF",
            "flavour": "affine:list",
            "version": 1,
            "props": {
              "type": "todo",
              "text": {
                "$blocksuite:internal:text$": true,
                "delta": [
                  {
                    "insert": "Secondary Goal:"
                  }
                ]
              },
              "checked": false,
              "collapsed": false,
              "order": null
            },
            "children": []
          },
          {
            "type": "block",
            "id": "TSjUb-8PxEv9nUOKXmdXj",
            "flavour": "affine:list",
            "version": 1,
            "props": {
              "type": "todo",
              "text": {
                "$blocksuite:internal:text$": true,
                "delta": [
                  {
                    "insert": "Other Important Goals:"
                  }
                ]
              },
              "checked": false,
              "collapsed": false,
              "order": null
            },
            "children": []
          },
          {
            "type": "block",
            "id": "7CQy8-OJ3C_yuUwcfKC1o",
            "flavour": "affine:divider",
            "version": 1,
            "props": {},
            "children": []
          },
          {
            "type": "block",
            "id": "L6ygq5QsDksYDNXb4c1o-",
            "flavour": "affine:paragraph",
            "version": 1,
            "props": {
              "type": "h2",
              "text": {
                "$blocksuite:internal:text$": true,
                "delta": [
                  {
                    "insert": "Important Dates"
                  }
                ]
              }
            },
            "children": []
          },
          {
            "type": "block",
            "id": "--zdUuclsPLrEFvarnD4O",
            "flavour": "affine:list",
            "version": 1,
            "props": {
              "type": "todo",
              "text": {
                "$blocksuite:internal:text$": true,
                "delta": [
                  {
                    "insert": "Date 1:"
                  }
                ]
              },
              "checked": false,
              "collapsed": false,
              "order": null
            },
            "children": []
          },
          {
            "type": "block",
            "id": "TmzwPiQMCS6738lo9HVyb",
            "flavour": "affine:list",
            "version": 1,
            "props": {
              "type": "todo",
              "text": {
                "$blocksuite:internal:text$": true,
                "delta": [
                  {
                    "insert": "Date 2:"
                  }
                ]
              },
              "checked": false,
              "collapsed": false,
              "order": null
            },
            "children": []
          },
          {
            "type": "block",
            "id": "JGE_zbvQztuy5S8rJsqMa",
            "flavour": "affine:list",
            "version": 1,
            "props": {
              "type": "todo",
              "text": {
                "$blocksuite:internal:text$": true,
                "delta": [
                  {
                    "insert": "Date 3:"
                  }
                ]
              },
              "checked": false,
              "collapsed": false,
              "order": null
            },
            "children": []
          },
          {
            "type": "block",
            "id": "t1ubQzR-Ydup6-gubTHhq",
            "flavour": "affine:divider",
            "version": 1,
            "props": {},
            "children": []
          },
          {
            "type": "block",
            "id": "fpljsZPGmnLsWy6g3qmmI",
            "flavour": "affine:paragraph",
            "version": 1,
            "props": {
              "type": "h2",
              "text": {
                "$blocksuite:internal:text$": true,
                "delta": [
                  {
                    "insert": "Notes and Reflection"
                  }
                ]
              }
            },
            "children": []
          },
          {
            "type": "block",
            "id": "CzyxbqTM5pyzatilZOWt-",
            "flavour": "affine:list",
            "version": 1,
            "props": {
              "type": "bulleted",
              "text": {
                "$blocksuite:internal:text$": true,
                "delta": [
                  {
                    "insert": "Achievements:"
                  }
                ]
              },
              "checked": false,
              "collapsed": false,
              "order": null
            },
            "children": []
          },
          {
            "type": "block",
            "id": "eb8DqUpl4VUXg94l9AW_e",
            "flavour": "affine:list",
            "version": 1,
            "props": {
              "type": "bulleted",
              "text": {
                "$blocksuite:internal:text$": true,
                "delta": [
                  {
                    "insert": "Challenges​⬤"
                  }
                ]
              },
              "checked": false,
              "collapsed": false,
              "order": null
            },
            "children": []
          }
        ]
      }
    ]
  }
}