{
  "type": "page",
  "meta": {
    "id": "yRnAWd2pnRQDTM-QVJFqm",
    "title": "Life Planner",
    "createDate": 1727270871766,
    "tags": []
  },
  "blocks": {
    "type": "block",
    "id": "BdqDq-5-nYUVc1lCMGY5m",
    "flavour": "affine:page",
    "version": 2,
    "props": {
      "title": {
        "$blocksuite:internal:text$": true,
        "delta": [
          {
            "insert": "Life Planner"
          }
        ]
      }
    },
    "children": [
      {
        "type": "block",
        "id": "TAzYMsLI61gcX9jPVAjsR",
        "flavour": "affine:surface",
        "version": 5,
        "props": {
          "elements": {}
        },
        "children": []
      },
      {
        "type": "block",
        "id": "sL_cW7a7Mzi8Rfd08Qv9O",
        "flavour": "affine:note",
        "version": 1,
        "props": {
          "xywh": "[0,0,800,95]",
          "background": "--affine-note-background-white",
          "index": "a0",
          "hidden": false,
          "displayMode": "both",
          "edgeless": {
            "style": {
              "borderRadius": 8,
              "borderSize": 4,
              "borderStyle": "none",
              "shadowType": "--affine-note-shadow-box"
            }
          }
        },
        "children": [
          {
            "type": "block",
            "id": "Y310YH9eyqwAPnG1XO0DG",
            "flavour": "affine:paragraph",
            "version": 1,
            "props": {
              "type": "h2",
              "text": {
                "$blocksuite:internal:text$": true,
                "delta": [
                  {
                    "insert": "Month: [Enter Month]"
                  }
                ]
              }
            },
            "children": []
          },
          {
            "type": "block",
            "id": "I6s1s_QJtKWfFb6coJXoO",
            "flavour": "affine:divider",
            "version": 1,
            "props": {},
            "children": []
          },
          {
            "type": "block",
            "id": "M41X3TpPzYbmVS4rAHsy1",
            "flavour": "affine:paragraph",
            "version": 1,
            "props": {
              "type": "h2",
              "text": {
                "$blocksuite:internal:text$": true,
                "delta": [
                  {
                    "insert": "Long-Term Goals"
                  }
                ]
              }
            },
            "children": []
          },
          {
            "type": "block",
            "id": "cBPABdbLCuZUQgOC_1tTI",
            "flavour": "affine:list",
            "version": 1,
            "props": {
              "type": "todo",
              "text": {
                "$blocksuite:internal:text$": true,
                "delta": [
                  {
                    "insert": "Personal Goal:"
                  }
                ]
              },
              "checked": false,
              "collapsed": false,
              "order": null
            },
            "children": []
          },
          {
            "type": "block",
            "id": "CFmEMGqOXhoy6hvNhSCqC",
            "flavour": "affine:list",
            "version": 1,
            "props": {
              "type": "todo",
              "text": {
                "$blocksuite:internal:text$": true,
                "delta": [
                  {
                    "insert": "Professional Goal:"
                  }
                ]
              },
              "checked": false,
              "collapsed": false,
              "order": null
            },
            "children": []
          },
          {
            "type": "block",
            "id": "UC0diwnPP7zj_7k_zxpNI",
            "flavour": "affine:list",
            "version": 1,
            "props": {
              "type": "todo",
              "text": {
                "$blocksuite:internal:text$": true,
                "delta": [
                  {
                    "insert": "Wellness Goal:"
                  }
                ]
              },
              "checked": false,
              "collapsed": false,
              "order": null
            },
            "children": []
          },
          {
            "type": "block",
            "id": "_4V9b_8nYFRBIzKeE4Ju1",
            "flavour": "affine:divider",
            "version": 1,
            "props": {},
            "children": []
          },
          {
            "type": "block",
            "id": "A8acQba_d5AVOsI777K16",
            "flavour": "affine:paragraph",
            "version": 1,
            "props": {
              "type": "h2",
              "text": {
                "$blocksuite:internal:text$": true,
                "delta": [
                  {
                    "insert": "Weekly Goals (Week of: [Enter Week Dates])"
                  }
                ]
              }
            },
            "children": []
          },
          {
            "type": "block",
            "id": "j15q-hy2HCkMC04qZGxQi",
            "flavour": "affine:list",
            "version": 1,
            "props": {
              "type": "todo",
              "text": {
                "$blocksuite:internal:text$": true,
                "delta": [
                  {
                    "insert": "Personal Goal:"
                  }
                ]
              },
              "checked": false,
              "collapsed": false,
              "order": null
            },
            "children": []
          },
          {
            "type": "block",
            "id": "plRn8oCHfmhYggS6Q978-",
            "flavour": "affine:list",
            "version": 1,
            "props": {
              "type": "todo",
              "text": {
                "$blocksuite:internal:text$": true,
                "delta": [
                  {
                    "insert": "Professional Goal:"
                  }
                ]
              },
              "checked": false,
              "collapsed": false,
              "order": null
            },
            "children": []
          },
          {
            "type": "block",
            "id": "xKnhNkawvpIV2fkB72qJU",
            "flavour": "affine:list",
            "version": 1,
            "props": {
              "type": "todo",
              "text": {
                "$blocksuite:internal:text$": true,
                "delta": [
                  {
                    "insert": "Wellness Goal:"
                  }
                ]
              },
              "checked": false,
              "collapsed": false,
              "order": null
            },
            "children": []
          },
          {
            "type": "block",
            "id": "Sk25ZuZz7f8x-J0qucdzA",
            "flavour": "affine:list",
            "version": 1,
            "props": {
              "type": "todo",
              "text": {
                "$blocksuite:internal:text$": true,
                "delta": [
                  {
                    "insert": "Other Important Tasks:"
                  }
                ]
              },
              "checked": false,
              "collapsed": false,
              "order": null
            },
            "children": []
          },
          {
            "type": "block",
            "id": "LHTG-fUehlc560q3N4wA4",
            "flavour": "affine:divider",
            "version": 1,
            "props": {},
            "children": []
          },
          {
            "type": "block",
            "id": "b4cSlrN8eZtCX1wccaQKL",
            "flavour": "affine:paragraph",
            "version": 1,
            "props": {
              "type": "h2",
              "text": {
                "$blocksuite:internal:text$": true,
                "delta": [
                  {
                    "insert": "Daily Planner"
                  }
                ]
              }
            },
            "children": []
          },
          {
            "type": "block",
            "id": "FsIRQTz0gV6JcY-Sx5vHC",
            "flavour": "affine:paragraph",
            "version": 1,
            "props": {
              "type": "h3",
              "text": {
                "$blocksuite:internal:text$": true,
                "delta": [
                  {
                    "insert": "Morning Routine"
                  }
                ]
              }
            },
            "children": []
          },
          {
            "type": "block",
            "id": "GEGcHxZurLVuqy9UnBAL-",
            "flavour": "affine:list",
            "version": 1,
            "props": {
              "type": "todo",
              "text": {
                "$blocksuite:internal:text$": true,
                "delta": [
                  {
                    "insert": "Exercise:"
                  }
                ]
              },
              "checked": false,
              "collapsed": false,
              "order": null
            },
            "children": []
          },
          {
            "type": "block",
            "id": "V9zxYWokaiIhDEftahyaI",
            "flavour": "affine:list",
            "version": 1,
            "props": {
              "type": "todo",
              "text": {
                "$blocksuite:internal:text$": true,
                "delta": [
                  {
                    "insert": "Meditation/Mindfulness:"
                  }
                ]
              },
              "checked": false,
              "collapsed": false,
              "order": null
            },
            "children": []
          },
          {
            "type": "block",
            "id": "Pqlqn7e_iXEX0eTUNmW6X",
            "flavour": "affine:list",
            "version": 1,
            "props": {
              "type": "todo",
              "text": {
                "$blocksuite:internal:text$": true,
                "delta": [
                  {
                    "insert": "Journal/Gratitude:"
                  }
                ]
              },
              "checked": false,
              "collapsed": false,
              "order": null
            },
            "children": []
          },
          {
            "type": "block",
            "id": "IcFF4V_epy0iBXwdUJOhR",
            "flavour": "affine:paragraph",
            "version": 1,
            "props": {
              "type": "h3",
              "text": {
                "$blocksuite:internal:text$": true,
                "delta": [
                  {
                    "insert": "Daily Tasks"
                  }
                ]
              }
            },
            "children": []
          },
          {
            "type": "block",
            "id": "t93ZlHt23KA2Jb5HC5pEt",
            "flavour": "affine:list",
            "version": 1,
            "props": {
              "type": "bulleted",
              "text": {
                "$blocksuite:internal:text$": true,
                "delta": [
                  {
                    "insert": "Top Priority",
                    "attributes": {
                      "bold": true
                    }
                  },
                  {
                    "insert": ":"
                  }
                ]
              },
              "checked": false,
              "collapsed": false,
              "order": null
            },
            "children": []
          },
          {
            "type": "block",
            "id": "kSIql0ep1MJ6WYa0QEklH",
            "flavour": "affine:list",
            "version": 1,
            "props": {
              "type": "todo",
              "text": {
                "$blocksuite:internal:text$": true,
                "delta": [
                  {
                    "insert": "Task 1:"
                  }
                ]
              },
              "checked": false,
              "collapsed": false,
              "order": null
            },
            "children": []
          },
          {
            "type": "block",
            "id": "a2D1RPrab4Ig0hYt-IzYb",
            "flavour": "affine:list",
            "version": 1,
            "props": {
              "type": "todo",
              "text": {
                "$blocksuite:internal:text$": true,
                "delta": [
                  {
                    "insert": "Task 2:"
                  }
                ]
              },
              "checked": false,
              "collapsed": false,
              "order": null
            },
            "children": []
          },
          {
            "type": "block",
            "id": "YMxllRKnFhkN0Ha9QoHmp",
            "flavour": "affine:list",
            "version": 1,
            "props": {
              "type": "todo",
              "text": {
                "$blocksuite:internal:text$": true,
                "delta": [
                  {
                    "insert": "Task 3:"
                  }
                ]
              },
              "checked": false,
              "collapsed": false,
              "order": null
            },
            "children": []
          },
          {
            "type": "block",
            "id": "rbfkkL4QYrNhCHw-t4Zvf",
            "flavour": "affine:list",
            "version": 1,
            "props": {
              "type": "todo",
              "text": {
                "$blocksuite:internal:text$": true,
                "delta": [
                  {
                    "insert": "Task 4:"
                  }
                ]
              },
              "checked": false,
              "collapsed": false,
              "order": null
            },
            "children": []
          },
          {
            "type": "block",
            "id": "3VYqnVvfKMFxT6CJzUb_I",
            "flavour": "affine:paragraph",
            "version": 1,
            "props": {
              "type": "h3",
              "text": {
                "$blocksuite:internal:text$": true,
                "delta": [
                  {
                    "insert": "Evening Routine"
                  }
                ]
              }
            },
            "children": []
          },
          {
            "type": "block",
            "id": "DCvqtvAGGiqJBW8nZZH0a",
            "flavour": "affine:list",
            "version": 1,
            "props": {
              "type": "todo",
              "text": {
                "$blocksuite:internal:text$": true,
                "delta": [
                  {
                    "insert": "Reflection:"
                  }
                ]
              },
              "checked": false,
              "collapsed": false,
              "order": null
            },
            "children": []
          },
          {
            "type": "block",
            "id": "kCqh3sGyHLkzZ8usqMCQh",
            "flavour": "affine:list",
            "version": 1,
            "props": {
              "type": "todo",
              "text": {
                "$blocksuite:internal:text$": true,
                "delta": [
                  {
                    "insert": "Plan for Tomorrow:"
                  }
                ]
              },
              "checked": false,
              "collapsed": false,
              "order": null
            },
            "children": []
          },
          {
            "type": "block",
            "id": "Mv9gQMULE9c2_UhuiJPBd",
            "flavour": "affine:list",
            "version": 1,
            "props": {
              "type": "todo",
              "text": {
                "$blocksuite:internal:text$": true,
                "delta": [
                  {
                    "insert": "Relax/Unwind:"
                  }
                ]
              },
              "checked": false,
              "collapsed": false,
              "order": null
            },
            "children": []
          },
          {
            "type": "block",
            "id": "gJQviFa6cvo_xa0-A73YL",
            "flavour": "affine:divider",
            "version": 1,
            "props": {},
            "children": []
          },
          {
            "type": "block",
            "id": "lt-rfm1uHeJzSosHDPZ1J",
            "flavour": "affine:paragraph",
            "version": 1,
            "props": {
              "type": "h2",
              "text": {
                "$blocksuite:internal:text$": true,
                "delta": [
                  {
                    "insert": "Habit Tracker (Daily/Weekly)"
                  }
                ]
              }
            },
            "children": []
          },
          {
            "type": "block",
            "id": "O37yJ09hQnRTEWX2-53--",
            "flavour": "affine:database",
            "version": 3,
            "props": {
              "views": [
                {
                  "id": "5o4TGEqrlC",
                  "name": "Table View",
                  "mode": "table",
                  "columns": [],
                  "filter": {
                    "type": "group",
                    "op": "and",
                    "conditions": []
                  },
                  "header": {
                    "titleColumn": "_AEsvYLKjW",
                    "iconColumn": "type"
                  }
                }
              ],
              "title": {
                "$blocksuite:internal:text$": true,
                "delta": []
              },
              "cells": {
                "H9f3LrUpjae4UBsSInNPq": {
                  "fEZDmLkgtf": {
                    "columnId": "fEZDmLkgtf",
                    "value": {
                      "$blocksuite:internal:text$": true,
                      "delta": []
                    }
                  },
                  "KkA8A28vLx": {
                    "columnId": "KkA8A28vLx",
                    "value": {
                      "$blocksuite:internal:text$": true,
                      "delta": []
                    }
                  },
                  "iFmrFzNcE8": {
                    "columnId": "iFmrFzNcE8",
                    "value": {
                      "$blocksuite:internal:text$": true,
                      "delta": []
                    }
                  },
                  "o52BhWxLZv": {
                    "columnId": "o52BhWxLZv",
                    "value": {
                      "$blocksuite:internal:text$": true,
                      "delta": []
                    }
                  },
                  "PPFbUvYWTq": {
                    "columnId": "PPFbUvYWTq",
                    "value": {
                      "$blocksuite:internal:text$": true,
                      "delta": []
                    }
                  },
                  "ZZeAJg_Zon": {
                    "columnId": "ZZeAJg_Zon",
                    "value": {
                      "$blocksuite:internal:text$": true,
                      "delta": []
                    }
                  },
                  "Y-yLcUnM4v": {
                    "columnId": "Y-yLcUnM4v",
                    "value": {
                      "$blocksuite:internal:text$": true,
                      "delta": []
                    }
                  }
                },
                "K-DG9H6hj_8vZSv8Y35zg": {
                  "fEZDmLkgtf": {
                    "columnId": "fEZDmLkgtf",
                    "value": {
                      "$blocksuite:internal:text$": true,
                      "delta": []
                    }
                  },
                  "KkA8A28vLx": {
                    "columnId": "KkA8A28vLx",
                    "value": {
                      "$blocksuite:internal:text$": true,
                      "delta": []
                    }
                  },
                  "iFmrFzNcE8": {
                    "columnId": "iFmrFzNcE8",
                    "value": {
                      "$blocksuite:internal:text$": true,
                      "delta": []
                    }
                  },
                  "o52BhWxLZv": {
                    "columnId": "o52BhWxLZv",
                    "value": {
                      "$blocksuite:internal:text$": true,
                      "delta": []
                    }
                  },
                  "PPFbUvYWTq": {
                    "columnId": "PPFbUvYWTq",
                    "value": {
                      "$blocksuite:internal:text$": true,
                      "delta": []
                    }
                  },
                  "ZZeAJg_Zon": {
                    "columnId": "ZZeAJg_Zon",
                    "value": {
                      "$blocksuite:internal:text$": true,
                      "delta": []
                    }
                  },
                  "Y-yLcUnM4v": {
                    "columnId": "Y-yLcUnM4v",
                    "value": {
                      "$blocksuite:internal:text$": true,
                      "delta": []
                    }
                  }
                },
                "HEZWnfNyFU6o4sRnOYga2": {
                  "fEZDmLkgtf": {
                    "columnId": "fEZDmLkgtf",
                    "value": {
                      "$blocksuite:internal:text$": true,
                      "delta": []
                    }
                  },
                  "KkA8A28vLx": {
                    "columnId": "KkA8A28vLx",
                    "value": {
                      "$blocksuite:internal:text$": true,
                      "delta": []
                    }
                  },
                  "iFmrFzNcE8": {
                    "columnId": "iFmrFzNcE8",
                    "value": {
                      "$blocksuite:internal:text$": true,
                      "delta": []
                    }
                  },
                  "o52BhWxLZv": {
                    "columnId": "o52BhWxLZv",
                    "value": {
                      "$blocksuite:internal:text$": true,
                      "delta": []
                    }
                  },
                  "PPFbUvYWTq": {
                    "columnId": "PPFbUvYWTq",
                    "value": {
                      "$blocksuite:internal:text$": true,
                      "delta": []
                    }
                  },
                  "ZZeAJg_Zon": {
                    "columnId": "ZZeAJg_Zon",
                    "value": {
                      "$blocksuite:internal:text$": true,
                      "delta": []
                    }
                  },
                  "Y-yLcUnM4v": {
                    "columnId": "Y-yLcUnM4v",
                    "value": {
                      "$blocksuite:internal:text$": true,
                      "delta": []
                    }
                  }
                },
                "kTjLKvZ9z1hbV6sOPQvAv": {
                  "fEZDmLkgtf": {
                    "columnId": "fEZDmLkgtf",
                    "value": {
                      "$blocksuite:internal:text$": true,
                      "delta": []
                    }
                  },
                  "KkA8A28vLx": {
                    "columnId": "KkA8A28vLx",
                    "value": {
                      "$blocksuite:internal:text$": true,
                      "delta": []
                    }
                  },
                  "iFmrFzNcE8": {
                    "columnId": "iFmrFzNcE8",
                    "value": {
                      "$blocksuite:internal:text$": true,
                      "delta": []
                    }
                  },
                  "o52BhWxLZv": {
                    "columnId": "o52BhWxLZv",
                    "value": {
                      "$blocksuite:internal:text$": true,
                      "delta": []
                    }
                  },
                  "PPFbUvYWTq": {
                    "columnId": "PPFbUvYWTq",
                    "value": {
                      "$blocksuite:internal:text$": true,
                      "delta": []
                    }
                  },
                  "ZZeAJg_Zon": {
                    "columnId": "ZZeAJg_Zon",
                    "value": {
                      "$blocksuite:internal:text$": true,
                      "delta": []
                    }
                  },
                  "Y-yLcUnM4v": {
                    "columnId": "Y-yLcUnM4v",
                    "value": {
                      "$blocksuite:internal:text$": true,
                      "delta": []
                    }
                  }
                }
              },
              "columns": [
                {
                  "type": "title",
                  "name": "Habit",
                  "data": {},
                  "id": "_AEsvYLKjW"
                },
                {
                  "type": "rich-text",
                  "name": "Mon",
                  "data": {},
                  "id": "fEZDmLkgtf"
                },
                {
                  "type": "rich-text",
                  "name": "Tue",
                  "data": {},
                  "id": "KkA8A28vLx"
                },
                {
                  "type": "rich-text",
                  "name": "Wed",
                  "data": {},
                  "id": "iFmrFzNcE8"
                },
                {
                  "type": "rich-text",
                  "name": "Thu",
                  "data": {},
                  "id": "o52BhWxLZv"
                },
                {
                  "type": "rich-text",
                  "name": "Fri",
                  "data": {},
                  "id": "PPFbUvYWTq"
                },
                {
                  "type": "rich-text",
                  "name": "Sat",
                  "data": {},
                  "id": "ZZeAJg_Zon"
                },
                {
                  "type": "rich-text",
                  "name": "Sun",
                  "data": {},
                  "id": "Y-yLcUnM4v"
                }
              ]
            },
            "children": [
              {
                "type": "block",
                "id": "H9f3LrUpjae4UBsSInNPq",
                "flavour": "affine:paragraph",
                "version": 1,
                "props": {
                  "type": "text",
                  "text": {
                    "$blocksuite:internal:text$": true,
                    "delta": [
                      {
                        "insert": "Exercise"
                      }
                    ]
                  }
                },
                "children": []
              },
              {
                "type": "block",
                "id": "K-DG9H6hj_8vZSv8Y35zg",
                "flavour": "affine:paragraph",
                "version": 1,
                "props": {
                  "type": "text",
                  "text": {
                    "$blocksuite:internal:text$": true,
                    "delta": [
                      {
                        "insert": "Meditation"
                      }
                    ]
                  }
                },
                "children": []
              },
              {
                "type": "block",
                "id": "HEZWnfNyFU6o4sRnOYga2",
                "flavour": "affine:paragraph",
                "version": 1,
                "props": {
                  "type": "text",
                  "text": {
                    "$blocksuite:internal:text$": true,
                    "delta": [
                      {
                        "insert": "Reading"
                      }
                    ]
                  }
                },
                "children": []
              },
              {
                "type": "block",
                "id": "kTjLKvZ9z1hbV6sOPQvAv",
                "flavour": "affine:paragraph",
                "version": 1,
                "props": {
                  "type": "text",
                  "text": {
                    "$blocksuite:internal:text$": true,
                    "delta": [
                      {
                        "insert": "Other [Your Habit]"
                      }
                    ]
                  }
                },
                "children": []
              }
            ]
          },
          {
            "type": "block",
            "id": "Zp2K3BV8iwHL0AVNWyTvN",
            "flavour": "affine:divider",
            "version": 1,
            "props": {},
            "children": []
          },
          {
            "type": "block",
            "id": "9eWs6RfvGdlauvwyPFUa5",
            "flavour": "affine:paragraph",
            "version": 1,
            "props": {
              "type": "h2",
              "text": {
                "$blocksuite:internal:text$": true,
                "delta": [
                  {
                    "insert": "Monthly Reflection"
                  }
                ]
              }
            },
            "children": []
          },
          {
            "type": "block",
            "id": "54HK0RkalVPCkZYl7Zpkv",
            "flavour": "affine:list",
            "version": 1,
            "props": {
              "type": "bulleted",
              "text": {
                "$blocksuite:internal:text$": true,
                "delta": [
                  {
                    "insert": "Wins:"
                  }
                ]
              },
              "checked": false,
              "collapsed": false,
              "order": null
            },
            "children": []
          },
          {
            "type": "block",
            "id": "IyeyXfH69a1UWPOU9__UL",
            "flavour": "affine:list",
            "version": 1,
            "props": {
              "type": "bulleted",
              "text": {
                "$blocksuite:internal:text$": true,
                "delta": [
                  {
                    "insert": "Challenges:"
                  }
                ]
              },
              "checked": false,
              "collapsed": false,
              "order": null
            },
            "children": []
          },
          {
            "type": "block",
            "id": "z9FxIw3Oka1PlRuDFNn5t",
            "flavour": "affine:list",
            "version": 1,
            "props": {
              "type": "bulleted",
              "text": {
                "$blocksuite:internal:text$": true,
                "delta": [
                  {
                    "insert": "Lessons Learned:"
                  }
                ]
              },
              "checked": false,
              "collapsed": false,
              "order": null
            },
            "children": []
          },
          {
            "type": "block",
            "id": "DfTHt79yH8--fQt026Fbi",
            "flavour": "affine:list",
            "version": 1,
            "props": {
              "type": "bulleted",
              "text": {
                "$blocksuite:internal:text$": true,
                "delta": [
                  {
                    "insert": "Goals for Next Month:"
                  }
                ]
              },
              "checked": false,
              "collapsed": false,
              "order": null
            },
            "children": []
          },
          {
            "type": "block",
            "id": "l9sTYzyh-6Nfcc_smnyny",
            "flavour": "affine:divider",
            "version": 1,
            "props": {},
            "children": []
          },
          {
            "type": "block",
            "id": "0GvdTOLGlupMCwOCgyiiq",
            "flavour": "affine:paragraph",
            "version": 1,
            "props": {
              "type": "h2",
              "text": {
                "$blocksuite:internal:text$": true,
                "delta": [
                  {
                    "insert": "Notes and Ideas"
                  }
                ]
              }
            },
            "children": []
          },
          {
            "type": "block",
            "id": "lck6irsspyd5uY8AFRrNi",
            "flavour": "affine:list",
            "version": 1,
            "props": {
              "type": "bulleted",
              "text": {
                "$blocksuite:internal:text$": true,
                "delta": []
              },
              "checked": false,
              "collapsed": false,
              "order": null
            },
            "children": []
          }
        ]
      }
    ]
  }
}