{
  "type": "page",
  "meta": {
    "id": "En_9cpjHcPbDINvIpivDC",
    "title": "Hour By Hour Planner",
    "createDate": 1728531731180,
    "tags": []
  },
  "blocks": {
    "type": "block",
    "id": "BdqDq-5-nYUVc1lCMGY5m",
    "flavour": "affine:page",
    "version": 2,
    "props": {
      "title": {
        "$blocksuite:internal:text$": true,
        "delta": [
          {
            "insert": "Hour By Hour Planner"
          }
        ]
      }
    },
    "children": [
      {
        "type": "block",
        "id": "TAzYMsLI61gcX9jPVAjsR",
        "flavour": "affine:surface",
        "version": 5,
        "props": {
          "elements": {}
        },
        "children": []
      },
      {
        "type": "block",
        "id": "sL_cW7a7Mzi8Rfd08Qv9O",
        "flavour": "affine:note",
        "version": 1,
        "props": {
          "xywh": "[0,0,800,95]",
          "background": "--affine-note-background-white",
          "index": "a0",
          "hidden": false,
          "displayMode": "both",
          "edgeless": {
            "style": {
              "borderRadius": 8,
              "borderSize": 4,
              "borderStyle": "none",
              "shadowType": "--affine-note-shadow-box"
            }
          }
        },
        "children": [
          {
            "type": "block",
            "id": "cw3ZHnxqb3Jc1y8-YFFhA",
            "flavour": "affine:paragraph",
            "version": 1,
            "props": {
              "type": "h2",
              "text": {
                "$blocksuite:internal:text$": true,
                "delta": [
                  {
                    "insert": "Date: [Insert Date]"
                  }
                ]
              }
            },
            "children": []
          },
          {
            "type": "block",
            "id": "M1zWiPu-7fZCs22sjQM_e",
            "flavour": "affine:divider",
            "version": 1,
            "props": {},
            "children": []
          },
          {
            "type": "block",
            "id": "xlEpMis0BSFgM5a6pm85c",
            "flavour": "affine:paragraph",
            "version": 1,
            "props": {
              "type": "h2",
              "text": {
                "$blocksuite:internal:text$": true,
                "delta": [
                  {
                    "insert": "1. Daily Overview"
                  }
                ]
              }
            },
            "children": []
          },
          {
            "type": "block",
            "id": "qhxImjwA6aC5IMCpwRtLY",
            "flavour": "affine:database",
            "version": 3,
            "props": {
              "views": [
                {
                  "id": "hz2ZSiBB4h",
                  "name": "Table View",
                  "mode": "table",
                  "columns": [],
                  "filter": {
                    "type": "group",
                    "op": "and",
                    "conditions": []
                  },
                  "header": {
                    "titleColumn": "EUUJmhfEJe",
                    "iconColumn": "type"
                  }
                }
              ],
              "title": {
                "$blocksuite:internal:text$": true,
                "delta": []
              },
              "cells": {
                "Bq64WONPTRdFAy2Ghf3EA": {
                  "wN7vdoOZ8H": {
                    "columnId": "wN7vdoOZ8H",
                    "value": {
                      "$blocksuite:internal:text$": true,
                      "delta": [
                        {
                          "insert": "[Insert Task]"
                        }
                      ]
                    }
                  },
                  "UXIa_5qtGX": {
                    "columnId": "UXIa_5qtGX",
                    "value": {
                      "$blocksuite:internal:text$": true,
                      "delta": [
                        {
                          "insert": "[High/Medium/Low]"
                        }
                      ]
                    }
                  },
                  "HIdxyuSfjc": {
                    "columnId": "HIdxyuSfjc",
                    "value": {
                      "$blocksuite:internal:text$": true,
                      "delta": [
                        {
                          "insert": "[Not Started/In Progress/Complete]"
                        }
                      ]
                    }
                  }
                },
                "uIiTZRRGsz69cLaTe9D1j": {
                  "wN7vdoOZ8H": {
                    "columnId": "wN7vdoOZ8H",
                    "value": {
                      "$blocksuite:internal:text$": true,
                      "delta": [
                        {
                          "insert": "[Insert Task]"
                        }
                      ]
                    }
                  },
                  "UXIa_5qtGX": {
                    "columnId": "UXIa_5qtGX",
                    "value": {
                      "$blocksuite:internal:text$": true,
                      "delta": [
                        {
                          "insert": "[High/Medium/Low]"
                        }
                      ]
                    }
                  },
                  "HIdxyuSfjc": {
                    "columnId": "HIdxyuSfjc",
                    "value": {
                      "$blocksuite:internal:text$": true,
                      "delta": [
                        {
                          "insert": "[Not Started/In Progress/Complete]"
                        }
                      ]
                    }
                  }
                },
                "bjkTLfptTQPKFDqQuHA6x": {
                  "wN7vdoOZ8H": {
                    "columnId": "wN7vdoOZ8H",
                    "value": {
                      "$blocksuite:internal:text$": true,
                      "delta": [
                        {
                          "insert": "[Insert Task]"
                        }
                      ]
                    }
                  },
                  "UXIa_5qtGX": {
                    "columnId": "UXIa_5qtGX",
                    "value": {
                      "$blocksuite:internal:text$": true,
                      "delta": [
                        {
                          "insert": "[High/Medium/Low]"
                        }
                      ]
                    }
                  },
                  "HIdxyuSfjc": {
                    "columnId": "HIdxyuSfjc",
                    "value": {
                      "$blocksuite:internal:text$": true,
                      "delta": [
                        {
                          "insert": "[Not Started/In Progress/Complete]"
                        }
                      ]
                    }
                  }
                },
                "XIZ3GF13PXHYwX6MtLxcy": {
                  "wN7vdoOZ8H": {
                    "columnId": "wN7vdoOZ8H",
                    "value": {
                      "$blocksuite:internal:text$": true,
                      "delta": [
                        {
                          "insert": "[Insert Task]"
                        }
                      ]
                    }
                  },
                  "UXIa_5qtGX": {
                    "columnId": "UXIa_5qtGX",
                    "value": {
                      "$blocksuite:internal:text$": true,
                      "delta": [
                        {
                          "insert": "[High/Medium/Low]"
                        }
                      ]
                    }
                  },
                  "HIdxyuSfjc": {
                    "columnId": "HIdxyuSfjc",
                    "value": {
                      "$blocksuite:internal:text$": true,
                      "delta": [
                        {
                          "insert": "[Not Started/In Progress/Complete]"
                        }
                      ]
                    }
                  }
                },
                "Jo2VM9VjtFivFzBwYsxsC": {
                  "wN7vdoOZ8H": {
                    "columnId": "wN7vdoOZ8H",
                    "value": {
                      "$blocksuite:internal:text$": true,
                      "delta": [
                        {
                          "insert": "[Insert Task]"
                        }
                      ]
                    }
                  },
                  "UXIa_5qtGX": {
                    "columnId": "UXIa_5qtGX",
                    "value": {
                      "$blocksuite:internal:text$": true,
                      "delta": [
                        {
                          "insert": "[High/Medium/Low]"
                        }
                      ]
                    }
                  },
                  "HIdxyuSfjc": {
                    "columnId": "HIdxyuSfjc",
                    "value": {
                      "$blocksuite:internal:text$": true,
                      "delta": [
                        {
                          "insert": "[Not Started/In Progress/Complete]"
                        }
                      ]
                    }
                  }
                },
                "njctAo1vUa7b_cYom1ITB": {
                  "wN7vdoOZ8H": {
                    "columnId": "wN7vdoOZ8H",
                    "value": {
                      "$blocksuite:internal:text$": true,
                      "delta": [
                        {
                          "insert": "..."
                        }
                      ]
                    }
                  },
                  "UXIa_5qtGX": {
                    "columnId": "UXIa_5qtGX",
                    "value": {
                      "$blocksuite:internal:text$": true,
                      "delta": [
                        {
                          "insert": "..."
                        }
                      ]
                    }
                  },
                  "HIdxyuSfjc": {
                    "columnId": "HIdxyuSfjc",
                    "value": {
                      "$blocksuite:internal:text$": true,
                      "delta": [
                        {
                          "insert": "..."
                        }
                      ]
                    }
                  }
                },
                "AryMsPSxvcubPDT6qFhuO": {
                  "wN7vdoOZ8H": {
                    "columnId": "wN7vdoOZ8H",
                    "value": {
                      "$blocksuite:internal:text$": true,
                      "delta": [
                        {
                          "insert": "[Insert Task]"
                        }
                      ]
                    }
                  },
                  "UXIa_5qtGX": {
                    "columnId": "UXIa_5qtGX",
                    "value": {
                      "$blocksuite:internal:text$": true,
                      "delta": [
                        {
                          "insert": "[High/Medium/Low]"
                        }
                      ]
                    }
                  },
                  "HIdxyuSfjc": {
                    "columnId": "HIdxyuSfjc",
                    "value": {
                      "$blocksuite:internal:text$": true,
                      "delta": [
                        {
                          "insert": "[Not Started/In Progress/Complete]"
                        }
                      ]
                    }
                  }
                }
              },
              "columns": [
                {
                  "type": "title",
                  "name": "Time",
                  "data": {},
                  "id": "EUUJmhfEJe"
                },
                {
                  "type": "rich-text",
                  "name": "Task/Activity",
                  "data": {},
                  "id": "wN7vdoOZ8H"
                },
                {
                  "type": "rich-text",
                  "name": "Priority Level (High/Medium/Low)",
                  "data": {},
                  "id": "UXIa_5qtGX"
                },
                {
                  "type": "rich-text",
                  "name": "Status (Not Started/In Progress/Complete)",
                  "data": {},
                  "id": "HIdxyuSfjc"
                }
              ]
            },
            "children": [
              {
                "type": "block",
                "id": "Bq64WONPTRdFAy2Ghf3EA",
                "flavour": "affine:paragraph",
                "version": 1,
                "props": {
                  "type": "text",
                  "text": {
                    "$blocksuite:internal:text$": true,
                    "delta": [
                      {
                        "insert": "6:00 AM"
                      }
                    ]
                  }
                },
                "children": []
              },
              {
                "type": "block",
                "id": "uIiTZRRGsz69cLaTe9D1j",
                "flavour": "affine:paragraph",
                "version": 1,
                "props": {
                  "type": "text",
                  "text": {
                    "$blocksuite:internal:text$": true,
                    "delta": [
                      {
                        "insert": "7:00 AM"
                      }
                    ]
                  }
                },
                "children": []
              },
              {
                "type": "block",
                "id": "bjkTLfptTQPKFDqQuHA6x",
                "flavour": "affine:paragraph",
                "version": 1,
                "props": {
                  "type": "text",
                  "text": {
                    "$blocksuite:internal:text$": true,
                    "delta": [
                      {
                        "insert": "8:00 AM"
                      }
                    ]
                  }
                },
                "children": []
              },
              {
                "type": "block",
                "id": "XIZ3GF13PXHYwX6MtLxcy",
                "flavour": "affine:paragraph",
                "version": 1,
                "props": {
                  "type": "text",
                  "text": {
                    "$blocksuite:internal:text$": true,
                    "delta": [
                      {
                        "insert": "9:00 AM"
                      }
                    ]
                  }
                },
                "children": []
              },
              {
                "type": "block",
                "id": "Jo2VM9VjtFivFzBwYsxsC",
                "flavour": "affine:paragraph",
                "version": 1,
                "props": {
                  "type": "text",
                  "text": {
                    "$blocksuite:internal:text$": true,
                    "delta": [
                      {
                        "insert": "10:00 AM"
                      }
                    ]
                  }
                },
                "children": []
              },
              {
                "type": "block",
                "id": "njctAo1vUa7b_cYom1ITB",
                "flavour": "affine:paragraph",
                "version": 1,
                "props": {
                  "type": "text",
                  "text": {
                    "$blocksuite:internal:text$": true,
                    "delta": [
                      {
                        "insert": "..."
                      }
                    ]
                  }
                },
                "children": []
              },
              {
                "type": "block",
                "id": "AryMsPSxvcubPDT6qFhuO",
                "flavour": "affine:paragraph",
                "version": 1,
                "props": {
                  "type": "text",
                  "text": {
                    "$blocksuite:internal:text$": true,
                    "delta": [
                      {
                        "insert": "5:00 PM"
                      }
                    ]
                  }
                },
                "children": []
              }
            ]
          },
          {
            "type": "block",
            "id": "dyBQ1smeyK7CnKFK7ItZ-",
            "flavour": "affine:divider",
            "version": 1,
            "props": {},
            "children": []
          },
          {
            "type": "block",
            "id": "rbDmlAzK8jfo7j1vCsZUi",
            "flavour": "affine:paragraph",
            "version": 1,
            "props": {
              "type": "h2",
              "text": {
                "$blocksuite:internal:text$": true,
                "delta": [
                  {
                    "insert": "2. Task Prioritization"
                  }
                ]
              }
            },
            "children": []
          },
          {
            "type": "block",
            "id": "yDyprVL_hINdC9gjp8Qv9",
            "flavour": "affine:paragraph",
            "version": 1,
            "props": {
              "type": "h3",
              "text": {
                "$blocksuite:internal:text$": true,
                "delta": [
                  {
                    "insert": "2.1. High Priority Tasks"
                  }
                ]
              }
            },
            "children": []
          },
          {
            "type": "block",
            "id": "AOfdyDNVgOq1GXoqeFDmv",
            "flavour": "affine:list",
            "version": 1,
            "props": {
              "type": "bulleted",
              "text": {
                "$blocksuite:internal:text$": true,
                "delta": [
                  {
                    "insert": "Task 1",
                    "attributes": {
                      "bold": true
                    }
                  },
                  {
                    "insert": ": [Insert High Priority Task]"
                  }
                ]
              },
              "checked": false,
              "collapsed": false,
              "order": null
            },
            "children": []
          },
          {
            "type": "block",
            "id": "3-9riFwuJWnuwIYVQqJSG",
            "flavour": "affine:list",
            "version": 1,
            "props": {
              "type": "bulleted",
              "text": {
                "$blocksuite:internal:text$": true,
                "delta": [
                  {
                    "insert": "Task 2",
                    "attributes": {
                      "bold": true
                    }
                  },
                  {
                    "insert": ": [Insert High Priority Task]"
                  }
                ]
              },
              "checked": false,
              "collapsed": false,
              "order": null
            },
            "children": []
          },
          {
            "type": "block",
            "id": "8gHRvdPu7Yvrk2U0toGrG",
            "flavour": "affine:paragraph",
            "version": 1,
            "props": {
              "type": "h3",
              "text": {
                "$blocksuite:internal:text$": true,
                "delta": [
                  {
                    "insert": "2.2. Medium Priority Tasks"
                  }
                ]
              }
            },
            "children": []
          },
          {
            "type": "block",
            "id": "IkYq5JBwJVnDUNkIGNWEM",
            "flavour": "affine:list",
            "version": 1,
            "props": {
              "type": "bulleted",
              "text": {
                "$blocksuite:internal:text$": true,
                "delta": [
                  {
                    "insert": "Task 1",
                    "attributes": {
                      "bold": true
                    }
                  },
                  {
                    "insert": ": [Insert Medium Priority Task]"
                  }
                ]
              },
              "checked": false,
              "collapsed": false,
              "order": null
            },
            "children": []
          },
          {
            "type": "block",
            "id": "pgjeplWSlmYN1UUDlu2si",
            "flavour": "affine:list",
            "version": 1,
            "props": {
              "type": "bulleted",
              "text": {
                "$blocksuite:internal:text$": true,
                "delta": [
                  {
                    "insert": "Task 2",
                    "attributes": {
                      "bold": true
                    }
                  },
                  {
                    "insert": ": [Insert Medium Priority Task]"
                  }
                ]
              },
              "checked": false,
              "collapsed": false,
              "order": null
            },
            "children": []
          },
          {
            "type": "block",
            "id": "8-4KxMB8oPfGp9nTaMvwa",
            "flavour": "affine:paragraph",
            "version": 1,
            "props": {
              "type": "h3",
              "text": {
                "$blocksuite:internal:text$": true,
                "delta": [
                  {
                    "insert": "2.3. Low Priority Tasks"
                  }
                ]
              }
            },
            "children": []
          },
          {
            "type": "block",
            "id": "7hYzPkbFg6F7q7PKGkkex",
            "flavour": "affine:list",
            "version": 1,
            "props": {
              "type": "bulleted",
              "text": {
                "$blocksuite:internal:text$": true,
                "delta": [
                  {
                    "insert": "Task 1",
                    "attributes": {
                      "bold": true
                    }
                  },
                  {
                    "insert": ": [Insert Low Priority Task]"
                  }
                ]
              },
              "checked": false,
              "collapsed": false,
              "order": null
            },
            "children": []
          },
          {
            "type": "block",
            "id": "-EWbCWcxJM_ZkTWeznB4o",
            "flavour": "affine:list",
            "version": 1,
            "props": {
              "type": "bulleted",
              "text": {
                "$blocksuite:internal:text$": true,
                "delta": [
                  {
                    "insert": "Task 2",
                    "attributes": {
                      "bold": true
                    }
                  },
                  {
                    "insert": ": [Insert Low Priority Task]"
                  }
                ]
              },
              "checked": false,
              "collapsed": false,
              "order": null
            },
            "children": []
          },
          {
            "type": "block",
            "id": "NMjwvnCKffUOPxSIBhB_t",
            "flavour": "affine:divider",
            "version": 1,
            "props": {},
            "children": []
          },
          {
            "type": "block",
            "id": "ePEF9czogL7TvgdcdRVXt",
            "flavour": "affine:paragraph",
            "version": 1,
            "props": {
              "type": "h2",
              "text": {
                "$blocksuite:internal:text$": true,
                "delta": [
                  {
                    "insert": "3. Break and Rest Periods"
                  }
                ]
              }
            },
            "children": []
          },
          {
            "type": "block",
            "id": "v-T6xh3S96V-EfSmNHvhp",
            "flavour": "affine:database",
            "version": 3,
            "props": {
              "views": [
                {
                  "id": "QuJrhVwmr-",
                  "name": "Table View",
                  "mode": "table",
                  "columns": [],
                  "filter": {
                    "type": "group",
                    "op": "and",
                    "conditions": []
                  },
                  "header": {
                    "titleColumn": "aiAa8QvInz",
                    "iconColumn": "type"
                  }
                }
              ],
              "title": {
                "$blocksuite:internal:text$": true,
                "delta": []
              },
              "cells": {
                "n8COCjQEvDpjDLV5RBmsP": {
                  "2tM1Sj79zr": {
                    "columnId": "2tM1Sj79zr",
                    "value": {
                      "$blocksuite:internal:text$": true,
                      "delta": [
                        {
                          "insert": "[Insert Break Activity]"
                        }
                      ]
                    }
                  },
                  "85-lEUeGI5": {
                    "columnId": "85-lEUeGI5",
                    "value": {
                      "$blocksuite:internal:text$": true,
                      "delta": [
                        {
                          "insert": "15 minutes"
                        }
                      ]
                    }
                  }
                },
                "_tugAYNBnJsz-NJ4W8pkv": {
                  "2tM1Sj79zr": {
                    "columnId": "2tM1Sj79zr",
                    "value": {
                      "$blocksuite:internal:text$": true,
                      "delta": [
                        {
                          "insert": "[Insert Break Activity]"
                        }
                      ]
                    }
                  },
                  "85-lEUeGI5": {
                    "columnId": "85-lEUeGI5",
                    "value": {
                      "$blocksuite:internal:text$": true,
                      "delta": [
                        {
                          "insert": "30 minutes"
                        }
                      ]
                    }
                  }
                },
                "3pfDd2lD9hxu1GoNRMUK0": {
                  "2tM1Sj79zr": {
                    "columnId": "2tM1Sj79zr",
                    "value": {
                      "$blocksuite:internal:text$": true,
                      "delta": [
                        {
                          "insert": "[Insert Break Activity]"
                        }
                      ]
                    }
                  },
                  "85-lEUeGI5": {
                    "columnId": "85-lEUeGI5",
                    "value": {
                      "$blocksuite:internal:text$": true,
                      "delta": [
                        {
                          "insert": "10 minutes"
                        }
                      ]
                    }
                  }
                }
              },
              "columns": [
                {
                  "type": "title",
                  "name": "Time",
                  "data": {},
                  "id": "aiAa8QvInz"
                },
                {
                  "type": "rich-text",
                  "name": "Break Activity",
                  "data": {},
                  "id": "2tM1Sj79zr"
                },
                {
                  "type": "rich-text",
                  "name": "Duration",
                  "data": {},
                  "id": "85-lEUeGI5"
                }
              ]
            },
            "children": [
              {
                "type": "block",
                "id": "n8COCjQEvDpjDLV5RBmsP",
                "flavour": "affine:paragraph",
                "version": 1,
                "props": {
                  "type": "text",
                  "text": {
                    "$blocksuite:internal:text$": true,
                    "delta": [
                      {
                        "insert": "10:30 AM"
                      }
                    ]
                  }
                },
                "children": []
              },
              {
                "type": "block",
                "id": "_tugAYNBnJsz-NJ4W8pkv",
                "flavour": "affine:paragraph",
                "version": 1,
                "props": {
                  "type": "text",
                  "text": {
                    "$blocksuite:internal:text$": true,
                    "delta": [
                      {
                        "insert": "1:00 PM"
                      }
                    ]
                  }
                },
                "children": []
              },
              {
                "type": "block",
                "id": "3pfDd2lD9hxu1GoNRMUK0",
                "flavour": "affine:paragraph",
                "version": 1,
                "props": {
                  "type": "text",
                  "text": {
                    "$blocksuite:internal:text$": true,
                    "delta": [
                      {
                        "insert": "4:30 PM"
                      }
                    ]
                  }
                },
                "children": []
              }
            ]
          },
          {
            "type": "block",
            "id": "MbG3VAb6fGJS15ad3bB58",
            "flavour": "affine:divider",
            "version": 1,
            "props": {},
            "children": []
          },
          {
            "type": "block",
            "id": "gOrDNohpeT-WAMvkV2DeB",
            "flavour": "affine:paragraph",
            "version": 1,
            "props": {
              "type": "h2",
              "text": {
                "$blocksuite:internal:text$": true,
                "delta": [
                  {
                    "insert": "4. Meeting/Appointment Schedule"
                  }
                ]
              }
            },
            "children": []
          },
          {
            "type": "block",
            "id": "qFzECDxJB4C-Z7CXW5s3F",
            "flavour": "affine:database",
            "version": 3,
            "props": {
              "views": [
                {
                  "id": "LD4W9i0WAt",
                  "name": "Table View",
                  "mode": "table",
                  "columns": [],
                  "filter": {
                    "type": "group",
                    "op": "and",
                    "conditions": []
                  },
                  "header": {
                    "titleColumn": "EShZgjK-fo",
                    "iconColumn": "type"
                  }
                }
              ],
              "title": {
                "$blocksuite:internal:text$": true,
                "delta": []
              },
              "cells": {
                "_XVcP7I5puwL8WNUytYlS": {
                  "xkZfnHs8Mu": {
                    "columnId": "xkZfnHs8Mu",
                    "value": {
                      "$blocksuite:internal:text$": true,
                      "delta": [
                        {
                          "insert": "[Insert Meeting/Event]"
                        }
                      ]
                    }
                  },
                  "yakE9fxv2U": {
                    "columnId": "yakE9fxv2U",
                    "value": {
                      "$blocksuite:internal:text$": true,
                      "delta": [
                        {
                          "insert": "[Insert Location]"
                        }
                      ]
                    }
                  },
                  "JGP21CN0LE": {
                    "columnId": "JGP21CN0LE",
                    "value": {
                      "$blocksuite:internal:text$": true,
                      "delta": [
                        {
                          "insert": "[Insert Notes]"
                        }
                      ]
                    }
                  }
                },
                "7ane2bCR3jqwcG3ach2CL": {
                  "xkZfnHs8Mu": {
                    "columnId": "xkZfnHs8Mu",
                    "value": {
                      "$blocksuite:internal:text$": true,
                      "delta": [
                        {
                          "insert": "[Insert Meeting/Event]"
                        }
                      ]
                    }
                  },
                  "yakE9fxv2U": {
                    "columnId": "yakE9fxv2U",
                    "value": {
                      "$blocksuite:internal:text$": true,
                      "delta": [
                        {
                          "insert": "[Insert Location]"
                        }
                      ]
                    }
                  },
                  "JGP21CN0LE": {
                    "columnId": "JGP21CN0LE",
                    "value": {
                      "$blocksuite:internal:text$": true,
                      "delta": [
                        {
                          "insert": "[Insert Notes]"
                        }
                      ]
                    }
                  }
                }
              },
              "columns": [
                {
                  "type": "title",
                  "name": "Time",
                  "data": {},
                  "id": "EShZgjK-fo"
                },
                {
                  "type": "rich-text",
                  "name": "Meeting/Event",
                  "data": {},
                  "id": "xkZfnHs8Mu"
                },
                {
                  "type": "rich-text",
                  "name": "Location/Mode",
                  "data": {},
                  "id": "yakE9fxv2U"
                },
                {
                  "type": "rich-text",
                  "name": "Notes",
                  "data": {},
                  "id": "JGP21CN0LE"
                }
              ]
            },
            "children": [
              {
                "type": "block",
                "id": "_XVcP7I5puwL8WNUytYlS",
                "flavour": "affine:paragraph",
                "version": 1,
                "props": {
                  "type": "text",
                  "text": {
                    "$blocksuite:internal:text$": true,
                    "delta": [
                      {
                        "insert": "9:00 AM"
                      }
                    ]
                  }
                },
                "children": []
              },
              {
                "type": "block",
                "id": "7ane2bCR3jqwcG3ach2CL",
                "flavour": "affine:paragraph",
                "version": 1,
                "props": {
                  "type": "text",
                  "text": {
                    "$blocksuite:internal:text$": true,
                    "delta": [
                      {
                        "insert": "2:00 PM"
                      }
                    ]
                  }
                },
                "children": []
              }
            ]
          },
          {
            "type": "block",
            "id": "8jUek6y8R7S8T1pZRWiWE",
            "flavour": "affine:divider",
            "version": 1,
            "props": {},
            "children": []
          },
          {
            "type": "block",
            "id": "1k37mJee-IZKgiklCANMY",
            "flavour": "affine:paragraph",
            "version": 1,
            "props": {
              "type": "h2",
              "text": {
                "$blocksuite:internal:text$": true,
                "delta": [
                  {
                    "insert": "5. Reflection and Adjustments"
                  }
                ]
              }
            },
            "children": []
          },
          {
            "type": "block",
            "id": "Tvrs_5VA3ZaYzsFt-_tg5",
            "flavour": "affine:paragraph",
            "version": 1,
            "props": {
              "type": "h3",
              "text": {
                "$blocksuite:internal:text$": true,
                "delta": [
                  {
                    "insert": "5.1. End of Day Review"
                  }
                ]
              }
            },
            "children": []
          },
          {
            "type": "block",
            "id": "KunwnNdua88yzf8EJGj4M",
            "flavour": "affine:list",
            "version": 1,
            "props": {
              "type": "bulleted",
              "text": {
                "$blocksuite:internal:text$": true,
                "delta": [
                  {
                    "insert": "What went well",
                    "attributes": {
                      "bold": true
                    }
                  },
                  {
                    "insert": ": [Insert Reflection]"
                  }
                ]
              },
              "checked": false,
              "collapsed": false,
              "order": null
            },
            "children": []
          },
          {
            "type": "block",
            "id": "i5bucIUV-yNGCtQW5KUqq",
            "flavour": "affine:list",
            "version": 1,
            "props": {
              "type": "bulleted",
              "text": {
                "$blocksuite:internal:text$": true,
                "delta": [
                  {
                    "insert": "What can be improved",
                    "attributes": {
                      "bold": true
                    }
                  },
                  {
                    "insert": ": [Insert Reflection]"
                  }
                ]
              },
              "checked": false,
              "collapsed": false,
              "order": null
            },
            "children": []
          },
          {
            "type": "block",
            "id": "GB1pZnwsRtxGcRMxJr_44",
            "flavour": "affine:list",
            "version": 1,
            "props": {
              "type": "bulleted",
              "text": {
                "$blocksuite:internal:text$": true,
                "delta": [
                  {
                    "insert": "Adjustments for tomorrow",
                    "attributes": {
                      "bold": true
                    }
                  },
                  {
                    "insert": ": [Insert Adjustments]"
                  }
                ]
              },
              "checked": false,
              "collapsed": false,
              "order": null
            },
            "children": []
          },
          {
            "type": "block",
            "id": "Atyp7K7gpJSF3GzUhX08q",
            "flavour": "affine:divider",
            "version": 1,
            "props": {},
            "children": []
          },
          {
            "type": "block",
            "id": "W-c-KSRyC1iInatffDy1I",
            "flavour": "affine:paragraph",
            "version": 1,
            "props": {
              "type": "h2",
              "text": {
                "$blocksuite:internal:text$": true,
                "delta": [
                  {
                    "insert": "6. Notes"
                  }
                ]
              }
            },
            "children": []
          },
          {
            "type": "block",
            "id": "qZ5KPoqsBjOZJoyOENoqS",
            "flavour": "affine:list",
            "version": 1,
            "props": {
              "type": "bulleted",
              "text": {
                "$blocksuite:internal:text$": true,
                "delta": [
                  {
                    "insert": "Use this space to document any additional reminders or thoughts for the day."
                  }
                ]
              },
              "checked": false,
              "collapsed": false,
              "order": null
            },
            "children": []
          },
          {
            "type": "block",
            "id": "8PjFQic-V2tmsPmGFGI9-",
            "flavour": "affine:divider",
            "version": 1,
            "props": {},
            "children": []
          }
        ]
      }
    ]
  }
}