{
  "type": "page",
  "meta": {
    "id": "mQBnhygVlqWXZ-U-JjV_P",
    "title": "Free Travel Itinerary Template",
    "createDate": 1727849230128,
    "tags": []
  },
  "blocks": {
    "type": "block",
    "id": "j53Qhfm-lUBZp34owKse2",
    "flavour": "affine:page",
    "version": 2,
    "props": {
      "title": {
        "$blocksuite:internal:text$": true,
        "delta": [
          {
            "insert": "Free Travel Itinerary Template"
          }
        ]
      }
    },
    "children": [
      {
        "type": "block",
        "id": "Gri7nkAqzHwAmM6PqhBO6",
        "flavour": "affine:surface",
        "version": 5,
        "props": {
          "elements": {}
        },
        "children": []
      },
      {
        "type": "block",
        "id": "5A2nLw5NlqjEvSyH0i6ap",
        "flavour": "affine:note",
        "version": 1,
        "props": {
          "xywh": "[0,0,800,91]",
          "background": "--affine-note-background-white",
          "index": "a0",
          "hidden": false,
          "displayMode": "both",
          "edgeless": {
            "style": {
              "borderRadius": 8,
              "borderSize": 4,
              "borderStyle": "none",
              "shadowType": "--affine-note-shadow-box"
            }
          }
        },
        "children": [
          {
            "type": "block",
            "id": "W916apWc3EG6U-sO_r7qp",
            "flavour": "affine:paragraph",
            "version": 1,
            "props": {
              "type": "h1",
              "text": {
                "$blocksuite:internal:text$": true,
                "delta": [
                  {
                    "insert": "Travel Itinerary"
                  }
                ]
              }
            },
            "children": []
          },
          {
            "type": "block",
            "id": "LIeMuamcMAw1R_35bUB-H",
            "flavour": "affine:paragraph",
            "version": 1,
            "props": {
              "type": "h2",
              "text": {
                "$blocksuite:internal:text$": true,
                "delta": [
                  {
                    "insert": "Day 1: [Date]"
                  }
                ]
              }
            },
            "children": []
          },
          {
            "type": "block",
            "id": "S8CT7Pa3OCJjSyWMLHF25",
            "flavour": "affine:paragraph",
            "version": 1,
            "props": {
              "type": "h3",
              "text": {
                "$blocksuite:internal:text$": true,
                "delta": [
                  {
                    "insert": "Activities"
                  }
                ]
              }
            },
            "children": []
          },
          {
            "type": "block",
            "id": "YWJEZPJO5dauHvSfzAP23",
            "flavour": "affine:list",
            "version": 1,
            "props": {
              "type": "bulleted",
              "text": {
                "$blocksuite:internal:text$": true,
                "delta": [
                  {
                    "insert": "Morning: [Morning activity]"
                  }
                ]
              },
              "checked": false,
              "collapsed": false,
              "order": null
            },
            "children": []
          },
          {
            "type": "block",
            "id": "tqspGMRJjKnuRnXFYrE22",
            "flavour": "affine:list",
            "version": 1,
            "props": {
              "type": "bulleted",
              "text": {
                "$blocksuite:internal:text$": true,
                "delta": [
                  {
                    "insert": "Afternoon: [Afternoon activity]"
                  }
                ]
              },
              "checked": false,
              "collapsed": false,
              "order": null
            },
            "children": []
          },
          {
            "type": "block",
            "id": "ndGlCGMQ6DJQQonCyKxu7",
            "flavour": "affine:list",
            "version": 1,
            "props": {
              "type": "bulleted",
              "text": {
                "$blocksuite:internal:text$": true,
                "delta": [
                  {
                    "insert": "Evening: [Evening activity]"
                  }
                ]
              },
              "checked": false,
              "collapsed": false,
              "order": null
            },
            "children": []
          },
          {
            "type": "block",
            "id": "gZcu4J6paIUp8WkyqYTlq",
            "flavour": "affine:paragraph",
            "version": 1,
            "props": {
              "type": "h3",
              "text": {
                "$blocksuite:internal:text$": true,
                "delta": [
                  {
                    "insert": "Accommodation"
                  }
                ]
              }
            },
            "children": []
          },
          {
            "type": "block",
            "id": "UN1tKm44AKVgMiWNO9EWV",
            "flavour": "affine:paragraph",
            "version": 1,
            "props": {
              "type": "text",
              "text": {
                "$blocksuite:internal:text$": true,
                "delta": [
                  {
                    "insert": "[Hotel/Accommodation name]"
                  }
                ]
              }
            },
            "children": []
          },
          {
            "type": "block",
            "id": "k10sl3OUih-dcHG8fT72T",
            "flavour": "affine:paragraph",
            "version": 1,
            "props": {
              "type": "h3",
              "text": {
                "$blocksuite:internal:text$": true,
                "delta": [
                  {
                    "insert": "Transportation"
                  }
                ]
              }
            },
            "children": []
          },
          {
            "type": "block",
            "id": "HbjuGoFQxzJb39oW2WO3r",
            "flavour": "affine:paragraph",
            "version": 1,
            "props": {
              "type": "text",
              "text": {
                "$blocksuite:internal:text$": true,
                "delta": [
                  {
                    "insert": "[Transportation details]"
                  }
                ]
              }
            },
            "children": []
          },
          {
            "type": "block",
            "id": "0QtyopEQOgpafNKKvIxKi",
            "flavour": "affine:divider",
            "version": 1,
            "props": {},
            "children": []
          },
          {
            "type": "block",
            "id": "Aik98-iXhioGLXwKM2BTs",
            "flavour": "affine:paragraph",
            "version": 1,
            "props": {
              "type": "h2",
              "text": {
                "$blocksuite:internal:text$": true,
                "delta": [
                  {
                    "insert": "Day 2: [Date]"
                  }
                ]
              }
            },
            "children": []
          },
          {
            "type": "block",
            "id": "SLtaxDSba5tsWXTQ9TFW8",
            "flavour": "affine:paragraph",
            "version": 1,
            "props": {
              "type": "h3",
              "text": {
                "$blocksuite:internal:text$": true,
                "delta": [
                  {
                    "insert": "Activities"
                  }
                ]
              }
            },
            "children": []
          },
          {
            "type": "block",
            "id": "RSOYW973J8uDbcnaTyCfX",
            "flavour": "affine:list",
            "version": 1,
            "props": {
              "type": "bulleted",
              "text": {
                "$blocksuite:internal:text$": true,
                "delta": [
                  {
                    "insert": "Morning: [Morning activity]"
                  }
                ]
              },
              "checked": false,
              "collapsed": false,
              "order": null
            },
            "children": []
          },
          {
            "type": "block",
            "id": "wPU17Ve393C_xq-cXaXzR",
            "flavour": "affine:list",
            "version": 1,
            "props": {
              "type": "bulleted",
              "text": {
                "$blocksuite:internal:text$": true,
                "delta": [
                  {
                    "insert": "Afternoon: [Afternoon activity]"
                  }
                ]
              },
              "checked": false,
              "collapsed": false,
              "order": null
            },
            "children": []
          },
          {
            "type": "block",
            "id": "laNHgELv5z1fNPIyx0yba",
            "flavour": "affine:list",
            "version": 1,
            "props": {
              "type": "bulleted",
              "text": {
                "$blocksuite:internal:text$": true,
                "delta": [
                  {
                    "insert": "Evening: [Evening activity]"
                  }
                ]
              },
              "checked": false,
              "collapsed": false,
              "order": null
            },
            "children": []
          },
          {
            "type": "block",
            "id": "tj2juxUzA823JJ_1uUtfU",
            "flavour": "affine:paragraph",
            "version": 1,
            "props": {
              "type": "h3",
              "text": {
                "$blocksuite:internal:text$": true,
                "delta": [
                  {
                    "insert": "Accommodation"
                  }
                ]
              }
            },
            "children": []
          },
          {
            "type": "block",
            "id": "H8Wnavp9iWvKI5sHm6IXZ",
            "flavour": "affine:paragraph",
            "version": 1,
            "props": {
              "type": "text",
              "text": {
                "$blocksuite:internal:text$": true,
                "delta": [
                  {
                    "insert": "[Hotel/Accommodation name]"
                  }
                ]
              }
            },
            "children": []
          },
          {
            "type": "block",
            "id": "X_GMOVlIrUnqGIcm9ZxsO",
            "flavour": "affine:paragraph",
            "version": 1,
            "props": {
              "type": "h3",
              "text": {
                "$blocksuite:internal:text$": true,
                "delta": [
                  {
                    "insert": "Transportation"
                  }
                ]
              }
            },
            "children": []
          },
          {
            "type": "block",
            "id": "J-1Cw_SIIAvnHNm8wNTGC",
            "flavour": "affine:paragraph",
            "version": 1,
            "props": {
              "type": "text",
              "text": {
                "$blocksuite:internal:text$": true,
                "delta": [
                  {
                    "insert": "[Transportation details]"
                  }
                ]
              }
            },
            "children": []
          },
          {
            "type": "block",
            "id": "Vfp8lQr8eW8a2PWy9m8lA",
            "flavour": "affine:divider",
            "version": 1,
            "props": {},
            "children": []
          },
          {
            "type": "block",
            "id": "_djrZjqSoqKSvqVS6Byp8",
            "flavour": "affine:paragraph",
            "version": 1,
            "props": {
              "type": "h2",
              "text": {
                "$blocksuite:internal:text$": true,
                "delta": [
                  {
                    "insert": "Day 3: [Date]"
                  }
                ]
              }
            },
            "children": []
          },
          {
            "type": "block",
            "id": "g8DDrPTFYygxIzi5Rfxn9",
            "flavour": "affine:paragraph",
            "version": 1,
            "props": {
              "type": "h3",
              "text": {
                "$blocksuite:internal:text$": true,
                "delta": [
                  {
                    "insert": "Activities"
                  }
                ]
              }
            },
            "children": []
          },
          {
            "type": "block",
            "id": "T5cFabAX3gMnwSIxenJ5b",
            "flavour": "affine:list",
            "version": 1,
            "props": {
              "type": "bulleted",
              "text": {
                "$blocksuite:internal:text$": true,
                "delta": [
                  {
                    "insert": "Morning: [Morning activity]"
                  }
                ]
              },
              "checked": false,
              "collapsed": false,
              "order": null
            },
            "children": []
          },
          {
            "type": "block",
            "id": "68dpbocS9y_uUtcgz7vxq",
            "flavour": "affine:list",
            "version": 1,
            "props": {
              "type": "bulleted",
              "text": {
                "$blocksuite:internal:text$": true,
                "delta": [
                  {
                    "insert": "Afternoon: [Afternoon activity]"
                  }
                ]
              },
              "checked": false,
              "collapsed": false,
              "order": null
            },
            "children": []
          },
          {
            "type": "block",
            "id": "x1rM33cMrBGjP8jVM1nwK",
            "flavour": "affine:list",
            "version": 1,
            "props": {
              "type": "bulleted",
              "text": {
                "$blocksuite:internal:text$": true,
                "delta": [
                  {
                    "insert": "Evening: [Evening activity]"
                  }
                ]
              },
              "checked": false,
              "collapsed": false,
              "order": null
            },
            "children": []
          },
          {
            "type": "block",
            "id": "8-9hBsl81QC_g2kklJxun",
            "flavour": "affine:paragraph",
            "version": 1,
            "props": {
              "type": "h3",
              "text": {
                "$blocksuite:internal:text$": true,
                "delta": [
                  {
                    "insert": "Accommodation"
                  }
                ]
              }
            },
            "children": []
          },
          {
            "type": "block",
            "id": "Pild9CfYy610fASck3zX9",
            "flavour": "affine:paragraph",
            "version": 1,
            "props": {
              "type": "text",
              "text": {
                "$blocksuite:internal:text$": true,
                "delta": [
                  {
                    "insert": "[Hotel/Accommodation name]"
                  }
                ]
              }
            },
            "children": []
          },
          {
            "type": "block",
            "id": "75lqwP-swuPGAIkRB13XE",
            "flavour": "affine:paragraph",
            "version": 1,
            "props": {
              "type": "h3",
              "text": {
                "$blocksuite:internal:text$": true,
                "delta": [
                  {
                    "insert": "Transportation"
                  }
                ]
              }
            },
            "children": []
          },
          {
            "type": "block",
            "id": "7eF0N5tLPmkHg7j0_T2HN",
            "flavour": "affine:paragraph",
            "version": 1,
            "props": {
              "type": "text",
              "text": {
                "$blocksuite:internal:text$": true,
                "delta": [
                  {
                    "insert": "[Transportation details]"
                  }
                ]
              }
            },
            "children": []
          },
          {
            "type": "block",
            "id": "CYT7x_G1FwZVGyrPUdx7U",
            "flavour": "affine:divider",
            "version": 1,
            "props": {},
            "children": []
          },
          {
            "type": "block",
            "id": "Mj6YSLljguSwdnWnmW5do",
            "flavour": "affine:paragraph",
            "version": 1,
            "props": {
              "type": "text",
              "text": {
                "$blocksuite:internal:text$": true,
                "delta": [
                  {
                    "insert": "[Add more days as needed]"
                  }
                ]
              }
            },
            "children": []
          }
        ]
      }
    ]
  }
}