{
  "type": "page",
  "meta": {
    "id": "DmVI4ijTsr-uR0IFookdg",
    "title": "Coquette Aesthetic Vision Board（Only）",
    "createDate": 1726054000481,
    "tags": []
  },
  "blocks": {
    "type": "block",
    "id": "j53Qhfm-lUBZp34owKse2",
    "flavour": "affine:page",
    "version": 2,
    "props": {
      "title": {
        "$blocksuite:internal:text$": true,
        "delta": [
          {
            "insert": "Coquette Aesthetic Vision Board（Only）"
          }
        ]
      }
    },
    "children": [
      {
        "type": "block",
        "id": "Gri7nkAqzHwAmM6PqhBO6",
        "flavour": "affine:surface",
        "version": 5,
        "props": {
          "elements": {}
        },
        "children": []
      }
    ]
  }
}