{
  "type": "page",
  "meta": {
    "id": "DmVI4ijTsr-uR0IFookdg",
    "title": "Coquette Aesthetic Vision Board（Only）",
    "createDate": 1727018575431,
    "tags": []
  },
  "blocks": {
    "type": "block",
    "id": "j53Qhfm-lUBZp34owKse2",
    "flavour": "affine:page",
    "version": 2,
    "props": {
      "title": {
        "$blocksuite:internal:text$": true,
        "delta": [
          {
            "insert": "Coquette Aesthetic Vision Board（Only）"
          }
        ]
      }
    },
    "children": [
      {
        "type": "block",
        "id": "Gri7nkAqzHwAmM6PqhBO6",
        "flavour": "affine:surface",
        "version": 5,
        "props": {
          "elements": {}
        },
        "children": []
      },
      {
        "type": "block",
        "id": "5A2nLw5NlqjEvSyH0i6ap",
        "flavour": "affine:note",
        "version": 1,
        "props": {
          "xywh": "[0,0,800,91]",
          "background": "--affine-note-background-white",
          "index": "a0",
          "hidden": false,
          "displayMode": "both",
          "edgeless": {
            "style": {
              "borderRadius": 8,
              "borderSize": 4,
              "borderStyle": "none",
              "shadowType": "--affine-note-shadow-box"
            }
          }
        },
        "children": [
          {
            "type": "block",
            "id": "PsUa6g6ShxI4D3V0BVPHt",
            "flavour": "affine:paragraph",
            "version": 1,
            "props": {
              "type": "text",
              "text": {
                "$blocksuite:internal:text$": true,
                "delta": []
              }
            },
            "children": []
          }
        ]
      }
    ]
  }
}