{
  "type": "page",
  "meta": {
    "id": "im3ssGRwdcWejsk0fw-i5",
    "title": "ADHA Planner",
    "createDate": 1728555251521,
    "tags": []
  },
  "blocks": {
    "type": "block",
    "id": "BdqDq-5-nYUVc1lCMGY5m",
    "flavour": "affine:page",
    "version": 2,
    "props": {
      "title": {
        "$blocksuite:internal:text$": true,
        "delta": [
          {
            "insert": "ADHA Planner"
          }
        ]
      }
    },
    "children": [
      {
        "type": "block",
        "id": "TAzYMsLI61gcX9jPVAjsR",
        "flavour": "affine:surface",
        "version": 5,
        "props": {
          "elements": {}
        },
        "children": []
      },
      {
        "type": "block",
        "id": "sL_cW7a7Mzi8Rfd08Qv9O",
        "flavour": "affine:note",
        "version": 1,
        "props": {
          "xywh": "[0,0,800,95]",
          "background": "--affine-note-background-white",
          "index": "a0",
          "hidden": false,
          "displayMode": "both",
          "edgeless": {
            "style": {
              "borderRadius": 8,
              "borderSize": 4,
              "borderStyle": "none",
              "shadowType": "--affine-note-shadow-box"
            }
          }
        },
        "children": [
          {
            "type": "block",
            "id": "gq8UWKHu4Nh1KkNIhc0B-",
            "flavour": "affine:paragraph",
            "version": 1,
            "props": {
              "type": "h2",
              "text": {
                "$blocksuite:internal:text$": true,
                "delta": [
                  {
                    "insert": "Year: [Insert Year]"
                  }
                ]
              }
            },
            "children": []
          },
          {
            "type": "block",
            "id": "eQcLe51nLkvrWp3-EgRoo",
            "flavour": "affine:divider",
            "version": 1,
            "props": {},
            "children": []
          },
          {
            "type": "block",
            "id": "6dvdwIW42n1rcTKxLzFRt",
            "flavour": "affine:paragraph",
            "version": 1,
            "props": {
              "type": "h2",
              "text": {
                "$blocksuite:internal:text$": true,
                "delta": [
                  {
                    "insert": "1. Overview"
                  }
                ]
              }
            },
            "children": []
          },
          {
            "type": "block",
            "id": "GRRRSB7Zexj6iC6vA_xRX",
            "flavour": "affine:paragraph",
            "version": 1,
            "props": {
              "type": "text",
              "text": {
                "$blocksuite:internal:text$": true,
                "delta": [
                  {
                    "insert": "This planner is designed to guide through the Annual Data Health Assessment (ADHA) process. It will assist you in ensuring that your organization's data is up-to-date, accurate, and ready for strategic decisions."
                  }
                ]
              }
            },
            "children": []
          },
          {
            "type": "block",
            "id": "rRvoq3hTAkA76QpDR1Zxo",
            "flavour": "affine:paragraph",
            "version": 1,
            "props": {
              "type": "h2",
              "text": {
                "$blocksuite:internal:text$": true,
                "delta": [
                  {
                    "insert": "2. Key Milestones"
                  }
                ]
              }
            },
            "children": []
          },
          {
            "type": "block",
            "id": "MADT_62x5cr4H6Yr9op1E",
            "flavour": "affine:database",
            "version": 3,
            "props": {
              "views": [
                {
                  "id": "FhIvmmJSIL",
                  "name": "Table View",
                  "mode": "table",
                  "columns": [],
                  "filter": {
                    "type": "group",
                    "op": "and",
                    "conditions": []
                  },
                  "header": {
                    "titleColumn": "Mzh3XH08Vj",
                    "iconColumn": "type"
                  }
                }
              ],
              "title": {
                "$blocksuite:internal:text$": true,
                "delta": []
              },
              "cells": {
                "8QDA_7vmAiIyqKzcARRvL": {
                  "CCJhgqqTnL": {
                    "columnId": "CCJhgqqTnL",
                    "value": {
                      "$blocksuite:internal:text$": true,
                      "delta": [
                        {
                          "insert": "[Insert Date]"
                        }
                      ]
                    }
                  },
                  "NZeTw3dIQx": {
                    "columnId": "NZeTw3dIQx",
                    "value": {
                      "$blocksuite:internal:text$": true,
                      "delta": [
                        {
                          "insert": "[Insert Name]"
                        }
                      ]
                    }
                  },
                  "4kl18Zd5PU": {
                    "columnId": "4kl18Zd5PU",
                    "value": {
                      "$blocksuite:internal:text$": true,
                      "delta": [
                        {
                          "insert": "[Not Started/In Progress/Complete]"
                        }
                      ]
                    }
                  }
                },
                "4F9BvDBW1rkE3w12qvrps": {
                  "CCJhgqqTnL": {
                    "columnId": "CCJhgqqTnL",
                    "value": {
                      "$blocksuite:internal:text$": true,
                      "delta": [
                        {
                          "insert": "[Insert Date]"
                        }
                      ]
                    }
                  },
                  "NZeTw3dIQx": {
                    "columnId": "NZeTw3dIQx",
                    "value": {
                      "$blocksuite:internal:text$": true,
                      "delta": [
                        {
                          "insert": "[Insert Name]"
                        }
                      ]
                    }
                  },
                  "4kl18Zd5PU": {
                    "columnId": "4kl18Zd5PU",
                    "value": {
                      "$blocksuite:internal:text$": true,
                      "delta": [
                        {
                          "insert": "[Not Started/In Progress/Complete]"
                        }
                      ]
                    }
                  }
                },
                "dnKE-UCTQ-pPSbkxvgYg_": {
                  "CCJhgqqTnL": {
                    "columnId": "CCJhgqqTnL",
                    "value": {
                      "$blocksuite:internal:text$": true,
                      "delta": [
                        {
                          "insert": "[Insert Date]"
                        }
                      ]
                    }
                  },
                  "NZeTw3dIQx": {
                    "columnId": "NZeTw3dIQx",
                    "value": {
                      "$blocksuite:internal:text$": true,
                      "delta": [
                        {
                          "insert": "[Insert Name]"
                        }
                      ]
                    }
                  },
                  "4kl18Zd5PU": {
                    "columnId": "4kl18Zd5PU",
                    "value": {
                      "$blocksuite:internal:text$": true,
                      "delta": [
                        {
                          "insert": "[Not Started/In Progress/Complete]"
                        }
                      ]
                    }
                  }
                },
                "nL2oY4HPI_THzyaka_ybM": {
                  "CCJhgqqTnL": {
                    "columnId": "CCJhgqqTnL",
                    "value": {
                      "$blocksuite:internal:text$": true,
                      "delta": [
                        {
                          "insert": "[Insert Date]"
                        }
                      ]
                    }
                  },
                  "NZeTw3dIQx": {
                    "columnId": "NZeTw3dIQx",
                    "value": {
                      "$blocksuite:internal:text$": true,
                      "delta": [
                        {
                          "insert": "[Insert Name]"
                        }
                      ]
                    }
                  },
                  "4kl18Zd5PU": {
                    "columnId": "4kl18Zd5PU",
                    "value": {
                      "$blocksuite:internal:text$": true,
                      "delta": [
                        {
                          "insert": "[Not Started/In Progress/Complete]"
                        }
                      ]
                    }
                  }
                },
                "hrqb_NL7x0QGPc1eD-XpH": {
                  "CCJhgqqTnL": {
                    "columnId": "CCJhgqqTnL",
                    "value": {
                      "$blocksuite:internal:text$": true,
                      "delta": [
                        {
                          "insert": "[Insert Date]"
                        }
                      ]
                    }
                  },
                  "NZeTw3dIQx": {
                    "columnId": "NZeTw3dIQx",
                    "value": {
                      "$blocksuite:internal:text$": true,
                      "delta": [
                        {
                          "insert": "[Insert Name]"
                        }
                      ]
                    }
                  },
                  "4kl18Zd5PU": {
                    "columnId": "4kl18Zd5PU",
                    "value": {
                      "$blocksuite:internal:text$": true,
                      "delta": [
                        {
                          "insert": "[Not Started/In Progress/Complete]"
                        }
                      ]
                    }
                  }
                },
                "uRc_3-U6l4kEM1gxDNvCs": {
                  "CCJhgqqTnL": {
                    "columnId": "CCJhgqqTnL",
                    "value": {
                      "$blocksuite:internal:text$": true,
                      "delta": [
                        {
                          "insert": "[Insert Date]"
                        }
                      ]
                    }
                  },
                  "NZeTw3dIQx": {
                    "columnId": "NZeTw3dIQx",
                    "value": {
                      "$blocksuite:internal:text$": true,
                      "delta": [
                        {
                          "insert": "[Insert Name]"
                        }
                      ]
                    }
                  },
                  "4kl18Zd5PU": {
                    "columnId": "4kl18Zd5PU",
                    "value": {
                      "$blocksuite:internal:text$": true,
                      "delta": [
                        {
                          "insert": "[Not Started/In Progress/Complete]"
                        }
                      ]
                    }
                  }
                }
              },
              "columns": [
                {
                  "type": "title",
                  "name": "Milestone",
                  "data": {},
                  "id": "Mzh3XH08Vj"
                },
                {
                  "type": "rich-text",
                  "name": "Deadline",
                  "data": {},
                  "id": "CCJhgqqTnL"
                },
                {
                  "type": "rich-text",
                  "name": "Owner",
                  "data": {},
                  "id": "NZeTw3dIQx"
                },
                {
                  "type": "rich-text",
                  "name": "Status",
                  "data": {},
                  "id": "4kl18Zd5PU"
                }
              ]
            },
            "children": [
              {
                "type": "block",
                "id": "8QDA_7vmAiIyqKzcARRvL",
                "flavour": "affine:paragraph",
                "version": 1,
                "props": {
                  "type": "text",
                  "text": {
                    "$blocksuite:internal:text$": true,
                    "delta": [
                      {
                        "insert": "Define Data Quality Goals"
                      }
                    ]
                  }
                },
                "children": []
              },
              {
                "type": "block",
                "id": "4F9BvDBW1rkE3w12qvrps",
                "flavour": "affine:paragraph",
                "version": 1,
                "props": {
                  "type": "text",
                  "text": {
                    "$blocksuite:internal:text$": true,
                    "delta": [
                      {
                        "insert": "Identify Key Data Sources"
                      }
                    ]
                  }
                },
                "children": []
              },
              {
                "type": "block",
                "id": "dnKE-UCTQ-pPSbkxvgYg_",
                "flavour": "affine:paragraph",
                "version": 1,
                "props": {
                  "type": "text",
                  "text": {
                    "$blocksuite:internal:text$": true,
                    "delta": [
                      {
                        "insert": "Data Validation"
                      }
                    ]
                  }
                },
                "children": []
              },
              {
                "type": "block",
                "id": "nL2oY4HPI_THzyaka_ybM",
                "flavour": "affine:paragraph",
                "version": 1,
                "props": {
                  "type": "text",
                  "text": {
                    "$blocksuite:internal:text$": true,
                    "delta": [
                      {
                        "insert": "Data Cleaning"
                      }
                    ]
                  }
                },
                "children": []
              },
              {
                "type": "block",
                "id": "hrqb_NL7x0QGPc1eD-XpH",
                "flavour": "affine:paragraph",
                "version": 1,
                "props": {
                  "type": "text",
                  "text": {
                    "$blocksuite:internal:text$": true,
                    "delta": [
                      {
                        "insert": "Data Consistency Check"
                      }
                    ]
                  }
                },
                "children": []
              },
              {
                "type": "block",
                "id": "uRc_3-U6l4kEM1gxDNvCs",
                "flavour": "affine:paragraph",
                "version": 1,
                "props": {
                  "type": "text",
                  "text": {
                    "$blocksuite:internal:text$": true,
                    "delta": [
                      {
                        "insert": "Reporting and Analytics"
                      }
                    ]
                  }
                },
                "children": []
              }
            ]
          },
          {
            "type": "block",
            "id": "NdTZkGyXXpWyEg5QK1yMp",
            "flavour": "affine:divider",
            "version": 1,
            "props": {},
            "children": []
          },
          {
            "type": "block",
            "id": "z_grsbX4ITEMpHxexYDPC",
            "flavour": "affine:paragraph",
            "version": 1,
            "props": {
              "type": "h2",
              "text": {
                "$blocksuite:internal:text$": true,
                "delta": [
                  {
                    "insert": "3. Data Validation"
                  }
                ]
              }
            },
            "children": []
          },
          {
            "type": "block",
            "id": "tBs2o2-PyzVSgux-dNzgH",
            "flavour": "affine:paragraph",
            "version": 1,
            "props": {
              "type": "h3",
              "text": {
                "$blocksuite:internal:text$": true,
                "delta": [
                  {
                    "insert": "3.1​⬤"
                  }
                ]
              }
            },
            "children": []
          }
        ]
      }
    ]
  }
}