{
  "type": "page",
  "meta": {
    "id": "BpuxLX_gPxYS-PTlVH8Ff",
    "title": "Cornell Notes Template 2.0（Only)",
    "createDate": 1726053999302,
    "tags": []
  },
  "blocks": {
    "type": "block",
    "id": "-7Zd3c8HkfgKFUzciA2De",
    "flavour": "affine:page",
    "version": 2,
    "props": {
      "title": {
        "$blocksuite:internal:text$": true,
        "delta": [
          {
            "insert": "Cornell Notes Template 2.0（Only)"
          }
        ]
      }
    },
    "children": [
      {
        "type": "block",
        "id": "8kMi8I-PhGX72qQNvpE7P",
        "flavour": "affine:surface",
        "version": 5,
        "props": {
          "elements": {}
        },
        "children": [
          {
            "type": "block",
            "id": "WA6a_jiWYSSmicYhIUosL",
            "flavour": "affine:frame",
            "version": 1,
            "props": {
              "title": {
                "$blocksuite:internal:text$": true,
                "delta": [
                  {
                    "insert": "Cornell Note Taking Method"
                  }
                ]
              },
              "background": {
                "normal": "#ffffff00"
              },
              "xywh": "[-606.5249325117168,-985.5696843622181,1670.404769010963,1740.639813731152]",
              "index": "a0",
              "childElementIds": {}
            },
            "children": []
          }
        ]
      },
      {
        "type": "block",
        "id": "YZzKF4z92fM62vCzkOCZy",
        "flavour": "affine:note",
        "version": 1,
        "props": {
          "xywh": "[-554.8978684523498,-927.865356435017,621.4317623809314,102]",
          "background": "--affine-note-background-white",
          "index": "a4",
          "hidden": false,
          "displayMode": "both",
          "edgeless": {
            "style": {
              "borderRadius": 0,
              "borderSize": 4,
              "borderStyle": "solid",
              "shadowType": ""
            },
            "scale": 1
          }
        },
        "children": [
          {
            "type": "block",
            "id": "A9Vs88gKXCBCRPRj3fq_D",
            "flavour": "affine:paragraph",
            "version": 1,
            "props": {
              "type": "h3",
              "text": {
                "$blocksuite:internal:text$": true,
                "delta": [
                  {
                    "insert": "📌 Topic:"
                  }
                ]
              }
            },
            "children": []
          }
        ]
      },
      {
        "type": "block",
        "id": "q5XoqWVKyJ86XfehuqIUm",
        "flavour": "affine:note",
        "version": 1,
        "props": {
          "xywh": "[-554.8978684523498,-799.5230883999519,621.4317623809314,102]",
          "background": "--affine-note-background-white",
          "index": "a9",
          "hidden": false,
          "displayMode": "both",
          "edgeless": {
            "style": {
              "borderRadius": 0,
              "borderSize": 4,
              "borderStyle": "solid",
              "shadowType": ""
            },
            "scale": 1
          }
        },
        "children": [
          {
            "type": "block",
            "id": "cNs5HrOKMM4yNeuXufoof",
            "flavour": "affine:paragraph",
            "version": 1,
            "props": {
              "type": "h3",
              "text": {
                "$blocksuite:internal:text$": true,
                "delta": [
                  {
                    "insert": "🔖 Subject:"
                  }
                ]
              }
            },
            "children": []
          }
        ]
      },
      {
        "type": "block",
        "id": "Fm-zD3xCYfeWMqgDAnX4N",
        "flavour": "affine:note",
        "version": 1,
        "props": {
          "xywh": "[92.31056446582431,-927.865356435017,916.7493303026358,102]",
          "background": "--affine-note-background-white",
          "index": "a3",
          "hidden": false,
          "displayMode": "both",
          "edgeless": {
            "style": {
              "borderRadius": 0,
              "borderSize": 4,
              "borderStyle": "solid",
              "shadowType": ""
            },
            "scale": 1
          }
        },
        "children": [
          {
            "type": "block",
            "id": "-AHUQyrvNyAmBg-Yrln34",
            "flavour": "affine:paragraph",
            "version": 1,
            "props": {
              "type": "h3",
              "text": {
                "$blocksuite:internal:text$": true,
                "delta": [
                  {
                    "insert": "🧑‍🦰 Name:"
                  }
                ]
              }
            },
            "children": []
          }
        ]
      },
      {
        "type": "block",
        "id": "z6exIG3VkMV7tnfSFRJq4",
        "flavour": "affine:note",
        "version": 1,
        "props": {
          "xywh": "[92.31056446582431,-800.0287708991943,916.7493303026358,102.7602853609784]",
          "background": "--affine-note-background-white",
          "index": "aA",
          "hidden": false,
          "displayMode": "both",
          "edgeless": {
            "style": {
              "borderRadius": 0,
              "borderSize": 4,
              "borderStyle": "solid",
              "shadowType": ""
            },
            "scale": 1,
            "collapse": true,
            "collapsedHeight": 102.7602853609784
          }
        },
        "children": [
          {
            "type": "block",
            "id": "457Y8mru9_4cCWifqfppA",
            "flavour": "affine:paragraph",
            "version": 1,
            "props": {
              "type": "h3",
              "text": {
                "$blocksuite:internal:text$": true,
                "delta": [
                  {
                    "insert": "📅 Date:"
                  }
                ]
              }
            },
            "children": []
          },
          {
            "type": "block",
            "id": "PCkR-s-0dMfiU9jjee2XL",
            "flavour": "affine:paragraph",
            "version": 1,
            "props": {
              "type": "text",
              "text": {
                "$blocksuite:internal:text$": true,
                "delta": []
              }
            },
            "children": []
          }
        ]
      },
      {
        "type": "block",
        "id": "PniVa2NdCEYx3gMnIGrmu",
        "flavour": "affine:note",
        "version": 1,
        "props": {
          "xywh": "[1236.4120880613307,-1155.2018553122775,448,92]",
          "background": "--affine-note-background-white",
          "index": "aC",
          "hidden": false,
          "displayMode": "doc",
          "edgeless": {
            "style": {
              "borderRadius": 0,
              "borderSize": 4,
              "borderStyle": "none",
              "shadowType": ""
            },
            "scale": 1
          }
        },
        "children": []
      },
      {
        "type": "block",
        "id": "H0bNXFVlkb9xc7DEaEkrl",
        "flavour": "affine:note",
        "version": 1,
        "props": {
          "xywh": "[-554.8978684523498,-672.1921853633719,621.4317623809314,732.124119712785]",
          "background": "--affine-note-background-white",
          "index": "a1",
          "hidden": false,
          "displayMode": "both",
          "edgeless": {
            "style": {
              "borderRadius": 0,
              "borderSize": 4,
              "borderStyle": "solid",
              "shadowType": ""
            },
            "collapse": true,
            "collapsedHeight": 732.124119712785,
            "scale": 1
          }
        },
        "children": [
          {
            "type": "block",
            "id": "3haIqlQVfP6eetta01m_q",
            "flavour": "affine:paragraph",
            "version": 1,
            "props": {
              "type": "h3",
              "text": {
                "$blocksuite:internal:text$": true,
                "delta": [
                  {
                    "insert": "📎  Main Ideas"
                  }
                ]
              }
            },
            "children": []
          },
          {
            "type": "block",
            "id": "QHq0zjOryeiUOjlh8zIAC",
            "flavour": "affine:list",
            "version": 1,
            "props": {
              "type": "bulleted",
              "text": {
                "$blocksuite:internal:text$": true,
                "delta": [
                  {
                    "insert": "Key point 01"
                  }
                ]
              },
              "checked": false,
              "collapsed": false,
              "order": null
            },
            "children": []
          },
          {
            "type": "block",
            "id": "glspWhy8yIAgUjLozOPr4",
            "flavour": "affine:list",
            "version": 1,
            "props": {
              "type": "bulleted",
              "text": {
                "$blocksuite:internal:text$": true,
                "delta": [
                  {
                    "insert": "Key point 02"
                  }
                ]
              },
              "checked": false,
              "collapsed": false,
              "order": null
            },
            "children": []
          },
          {
            "type": "block",
            "id": "N5rgxhIl1U-3SnsPeDc9_",
            "flavour": "affine:list",
            "version": 1,
            "props": {
              "type": "bulleted",
              "text": {
                "$blocksuite:internal:text$": true,
                "delta": [
                  {
                    "insert": "Key point 03"
                  }
                ]
              },
              "checked": false,
              "collapsed": false,
              "order": null
            },
            "children": []
          },
          {
            "type": "block",
            "id": "kTL6mRrS6eAFvtEHLI9pj",
            "flavour": "affine:paragraph",
            "version": 1,
            "props": {
              "type": "text",
              "text": {
                "$blocksuite:internal:text$": true,
                "delta": []
              }
            },
            "children": []
          }
        ]
      },
      {
        "type": "block",
        "id": "cq3em7e_98R1L1iQ1Zptr",
        "flavour": "affine:note",
        "version": 1,
        "props": {
          "xywh": "[1380.23525388622,-446.7170263358703,448,92]",
          "background": "--affine-note-background-blue",
          "index": "aD",
          "hidden": false,
          "displayMode": "doc",
          "edgeless": {
            "style": {
              "borderRadius": 0,
              "borderSize": 4,
              "borderStyle": "none",
              "shadowType": "--affine-note-shadow-sticker"
            },
            "scale": 1
          }
        },
        "children": []
      },
      {
        "type": "block",
        "id": "4z4BnyO3dpeDJyJHHINMz",
        "flavour": "affine:note",
        "version": 1,
        "props": {
          "xywh": "[92.31056446744253,-672.1921853633719,917.6347492559325,734.1468497097553]",
          "background": "--affine-note-background-white",
          "index": "a2",
          "hidden": false,
          "displayMode": "both",
          "edgeless": {
            "style": {
              "borderRadius": 0,
              "borderSize": 4,
              "borderStyle": "solid",
              "shadowType": ""
            },
            "collapse": true,
            "collapsedHeight": 734.1468497097553,
            "scale": 1
          }
        },
        "children": [
          {
            "type": "block",
            "id": "fgqipem_P3OdHxXJPwztj",
            "flavour": "affine:paragraph",
            "version": 1,
            "props": {
              "type": "h3",
              "text": {
                "$blocksuite:internal:text$": true,
                "delta": [
                  {
                    "insert": "📝  Notes"
                  }
                ]
              }
            },
            "children": []
          },
          {
            "type": "block",
            "id": "-OwmC_zC3iBq0bJYrukqQ",
            "flavour": "affine:paragraph",
            "version": 1,
            "props": {
              "type": "text",
              "text": {
                "$blocksuite:internal:text$": true,
                "delta": [
                  {
                    "insert": "Record meeting as fully and as meaningfully as possible."
                  }
                ]
              }
            },
            "children": []
          },
          {
            "type": "block",
            "id": "TlqSQYFvBs_C681HBbAB7",
            "flavour": "affine:paragraph",
            "version": 1,
            "props": {
              "type": "text",
              "text": {
                "$blocksuite:internal:text$": true,
                "delta": []
              }
            },
            "children": []
          }
        ]
      },
      {
        "type": "block",
        "id": "43mAFmGf_28qa2acydpVX",
        "flavour": "affine:note",
        "version": 1,
        "props": {
          "xywh": "[-554.8978684523498,87.79124988220599,498,276.84747681207784]",
          "background": "--affine-note-background-white",
          "index": "a5",
          "hidden": false,
          "displayMode": "both",
          "edgeless": {
            "style": {
              "borderRadius": 0,
              "borderSize": 4,
              "borderStyle": "solid",
              "shadowType": ""
            },
            "scale": 1,
            "collapse": true,
            "collapsedHeight": 276.84747681207784
          }
        },
        "children": [
          {
            "type": "block",
            "id": "qU8ggZN3RCPd46w-sicoU",
            "flavour": "affine:paragraph",
            "version": 1,
            "props": {
              "type": "h3",
              "text": {
                "$blocksuite:internal:text$": true,
                "delta": [
                  {
                    "insert": "⏰ Action Items for Self"
                  }
                ]
              }
            },
            "children": []
          },
          {
            "type": "block",
            "id": "gJ8lqqJF7vwk9u76C2OvC",
            "flavour": "affine:list",
            "version": 1,
            "props": {
              "type": "todo",
              "text": {
                "$blocksuite:internal:text$": true,
                "delta": [
                  {
                    "insert": "To-do 01"
                  }
                ]
              },
              "checked": false,
              "collapsed": false,
              "order": null
            },
            "children": []
          },
          {
            "type": "block",
            "id": "LZWl4GTNdmdlyYJ1w9b8Q",
            "flavour": "affine:list",
            "version": 1,
            "props": {
              "type": "todo",
              "text": {
                "$blocksuite:internal:text$": true,
                "delta": [
                  {
                    "insert": "To-do 02"
                  }
                ]
              },
              "checked": false,
              "collapsed": false,
              "order": null
            },
            "children": []
          },
          {
            "type": "block",
            "id": "ur2sqhAuH7GlT6ylvWYyE",
            "flavour": "affine:list",
            "version": 1,
            "props": {
              "type": "todo",
              "text": {
                "$blocksuite:internal:text$": true,
                "delta": [
                  {
                    "insert": "To-do 03"
                  }
                ]
              },
              "checked": false,
              "collapsed": false,
              "order": null
            },
            "children": []
          },
          {
            "type": "block",
            "id": "lpPF0--LHwAMyco4EOxod",
            "flavour": "affine:paragraph",
            "version": 1,
            "props": {
              "type": "text",
              "text": {
                "$blocksuite:internal:text$": true,
                "delta": []
              }
            },
            "children": []
          }
        ]
      },
      {
        "type": "block",
        "id": "-9zqzMxy1liF901MaF-3J",
        "flavour": "affine:note",
        "version": 1,
        "props": {
          "xywh": "[-21.47627147787341,87.79124988220599,498,276.84747681207784]",
          "background": "--affine-note-background-white",
          "index": "a6",
          "hidden": false,
          "displayMode": "both",
          "edgeless": {
            "style": {
              "borderRadius": 0,
              "borderSize": 4,
              "borderStyle": "solid",
              "shadowType": ""
            },
            "collapsedHeight": 276.84747681207784,
            "scale": 1,
            "collapse": true
          }
        },
        "children": [
          {
            "type": "block",
            "id": "7VqJZPgt21vSqyPy6Osqg",
            "flavour": "affine:paragraph",
            "version": 1,
            "props": {
              "type": "h3",
              "text": {
                "$blocksuite:internal:text$": true,
                "delta": [
                  {
                    "insert": "💡 Action Items for Others"
                  }
                ]
              }
            },
            "children": []
          },
          {
            "type": "block",
            "id": "z8y5dndgiPE-wmkT1hYXH",
            "flavour": "affine:list",
            "version": 1,
            "props": {
              "type": "todo",
              "text": {
                "$blocksuite:internal:text$": true,
                "delta": [
                  {
                    "insert": "To-do 01"
                  }
                ]
              },
              "checked": false,
              "collapsed": false,
              "order": null
            },
            "children": []
          },
          {
            "type": "block",
            "id": "-WNlh9lMXEx0inPnBRkqR",
            "flavour": "affine:list",
            "version": 1,
            "props": {
              "type": "todo",
              "text": {
                "$blocksuite:internal:text$": true,
                "delta": [
                  {
                    "insert": "To-do 02"
                  }
                ]
              },
              "checked": false,
              "collapsed": false,
              "order": null
            },
            "children": []
          },
          {
            "type": "block",
            "id": "R3ejePn3dUPdfP6i5qMxU",
            "flavour": "affine:list",
            "version": 1,
            "props": {
              "type": "todo",
              "text": {
                "$blocksuite:internal:text$": true,
                "delta": [
                  {
                    "insert": "To-do 03"
                  }
                ]
              },
              "checked": false,
              "collapsed": false,
              "order": null
            },
            "children": []
          },
          {
            "type": "block",
            "id": "MldkYRlB4oHJwuZD6WFeh",
            "flavour": "affine:paragraph",
            "version": 1,
            "props": {
              "type": "text",
              "text": {
                "$blocksuite:internal:text$": true,
                "delta": []
              }
            },
            "children": []
          }
        ]
      },
      {
        "type": "block",
        "id": "1a4fYYwqxdxJqV3wR9ras",
        "flavour": "affine:note",
        "version": 1,
        "props": {
          "xywh": "[511.945325496603,87.79124988220599,498,276.84747681207784]",
          "background": "--affine-note-background-white",
          "index": "a7",
          "hidden": false,
          "displayMode": "both",
          "edgeless": {
            "style": {
              "borderRadius": 0,
              "borderSize": 4,
              "borderStyle": "solid",
              "shadowType": ""
            },
            "collapsedHeight": 276.84747681207784,
            "scale": 1,
            "collapse": true
          }
        },
        "children": [
          {
            "type": "block",
            "id": "KmiXjxF-SkgPV57owIhWU",
            "flavour": "affine:paragraph",
            "version": 1,
            "props": {
              "type": "h3",
              "text": {
                "$blocksuite:internal:text$": true,
                "delta": [
                  {
                    "insert": "❓Questions"
                  }
                ]
              }
            },
            "children": []
          },
          {
            "type": "block",
            "id": "6x4ogPcu-39c-T_1AtQQL",
            "flavour": "affine:list",
            "version": 1,
            "props": {
              "type": "numbered",
              "text": {
                "$blocksuite:internal:text$": true,
                "delta": [
                  {
                    "insert": "List 01"
                  }
                ]
              },
              "checked": false,
              "collapsed": false,
              "order": 1
            },
            "children": []
          },
          {
            "type": "block",
            "id": "C7oioMH92epy0UNaN7D-q",
            "flavour": "affine:list",
            "version": 1,
            "props": {
              "type": "numbered",
              "text": {
                "$blocksuite:internal:text$": true,
                "delta": [
                  {
                    "insert": "List 02"
                  }
                ]
              },
              "checked": false,
              "collapsed": false,
              "order": 2
            },
            "children": []
          },
          {
            "type": "block",
            "id": "2dgu0RhOTG21PwbdYdlDK",
            "flavour": "affine:list",
            "version": 1,
            "props": {
              "type": "numbered",
              "text": {
                "$blocksuite:internal:text$": true,
                "delta": [
                  {
                    "insert": "List 03"
                  }
                ]
              },
              "checked": false,
              "collapsed": false,
              "order": 3
            },
            "children": []
          },
          {
            "type": "block",
            "id": "1LTtLiGHKSn8_OlEm9-XV",
            "flavour": "affine:paragraph",
            "version": 1,
            "props": {
              "type": "text",
              "text": {
                "$blocksuite:internal:text$": true,
                "delta": []
              }
            },
            "children": []
          }
        ]
      },
      {
        "type": "block",
        "id": "Mth8yOT6FREpPy1SzF-3d",
        "flavour": "affine:note",
        "version": 1,
        "props": {
          "xywh": "[-554.8978684523498,390.4753122301063,1565.4832369046997,305.21816920491074]",
          "background": "--affine-note-background-white",
          "index": "a8",
          "hidden": false,
          "displayMode": "both",
          "edgeless": {
            "style": {
              "borderRadius": 0,
              "borderSize": 4,
              "borderStyle": "solid",
              "shadowType": ""
            },
            "scale": 1,
            "collapse": true,
            "collapsedHeight": 305.21816920491074
          }
        },
        "children": [
          {
            "type": "block",
            "id": "KnpPxF7ONfKMH9-8oNufv",
            "flavour": "affine:paragraph",
            "version": 1,
            "props": {
              "type": "h3",
              "text": {
                "$blocksuite:internal:text$": true,
                "delta": [
                  {
                    "insert": "📒 Summary"
                  }
                ]
              }
            },
            "children": []
          },
          {
            "type": "block",
            "id": "AxjtMLsM6_aQIenTxV9g_",
            "flavour": "affine:paragraph",
            "version": 1,
            "props": {
              "type": "text",
              "text": {
                "$blocksuite:internal:text$": true,
                "delta": []
              }
            },
            "children": []
          },
          {
            "type": "block",
            "id": "MNM6iP4RseHo9-6PyHMOJ",
            "flavour": "affine:paragraph",
            "version": 1,
            "props": {
              "type": "text",
              "text": {
                "$blocksuite:internal:text$": true,
                "delta": []
              }
            },
            "children": []
          },
          {
            "type": "block",
            "id": "3tvVvXm8z6tznJ_pLLxuo",
            "flavour": "affine:paragraph",
            "version": 1,
            "props": {
              "type": "text",
              "text": {
                "$blocksuite:internal:text$": true,
                "delta": []
              }
            },
            "children": []
          },
          {
            "type": "block",
            "id": "jCzzwad5MuX4XIrmK7wcl",
            "flavour": "affine:paragraph",
            "version": 1,
            "props": {
              "type": "text",
              "text": {
                "$blocksuite:internal:text$": true,
                "delta": []
              }
            },
            "children": []
          }
        ]
      },
      {
        "type": "block",
        "id": "ByuezfA8BOMnJF8uyvDzp",
        "flavour": "affine:note",
        "version": 1,
        "props": {
          "xywh": "[309.4984449029382,-1109.2018553122775,448,92]",
          "background": "--affine-note-background-white",
          "index": "aB",
          "hidden": false,
          "displayMode": "doc",
          "edgeless": {
            "style": {
              "borderRadius": 0,
              "borderSize": 4,
              "borderStyle": "none",
              "shadowType": ""
            },
            "scale": 1
          }
        },
        "children": []
      },
      {
        "type": "block",
        "id": "DaVMtWd8qlGd0Be7zmE7Z",
        "flavour": "affine:note",
        "version": 1,
        "props": {
          "xywh": "[-598.1018576004574,-1367.3303803828926,790.5437118359888,166]",
          "background": "--affine-note-background-white",
          "index": "aE",
          "hidden": false,
          "displayMode": "doc",
          "edgeless": {
            "style": {
              "borderRadius": 0,
              "borderSize": 4,
              "borderStyle": "none",
              "shadowType": ""
            },
            "scale": 1,
            "collapse": true,
            "collapsedHeight": 166
          }
        },
        "children": [
          {
            "type": "block",
            "id": "hPeBAG-bJ3-nI7pFAU1iW",
            "flavour": "affine:divider",
            "version": 1,
            "props": {},
            "children": []
          },
          {
            "type": "block",
            "id": "nYDrIYkjoEcP3BscqW3mh",
            "flavour": "affine:paragraph",
            "version": 1,
            "props": {
              "type": "h6",
              "text": {
                "$blocksuite:internal:text$": true,
                "delta": [
                  {
                    "insert": "🌟🌟🌟🌟 "
                  },
                  {
                    "insert": "This template supports editing in both Page mode and Edgeless mode ",
                    "attributes": {
                      "background": "var(--affine-text-highlight-yellow)"
                    }
                  },
                  {
                    "insert": "🌟🌟🌟🌟"
                  }
                ]
              }
            },
            "children": []
          },
          {
            "type": "block",
            "id": "C31YtF374b_GPSP3B83dc",
            "flavour": "affine:surface-ref",
            "version": 1,
            "props": {
              "reference": "WA6a_jiWYSSmicYhIUosL",
              "caption": "",
              "refFlavour": "affine:frame"
            },
            "children": []
          }
        ]
      }
    ]
  }
}