{
  "type": "page",
  "meta": {
    "id": "HpjgDckIiU9JFt-BVb3yT",
    "title": "Weekly Meal Plan Template(Only)",
    "createDate": 1728291097729,
    "tags": []
  },
  "blocks": {
    "type": "block",
    "id": "E7Bx-mXTWL3RzuVR8Fh3E",
    "flavour": "affine:page",
    "version": 2,
    "props": {
      "title": {
        "$blocksuite:internal:text$": true,
        "delta": [
          {
            "insert": "Weekly Meal Plan Template(Only)"
          }
        ]
      }
    },
    "children": [
      {
        "type": "block",
        "id": "IhQueVpQAr9GutIXGOlT8",
        "flavour": "affine:surface",
        "version": 5,
        "props": {
          "elements": {
            "jIC-HbkE6c": {
              "index": "b01",
              "seed": 635068892,
              "color": "--affine-palette-line-white",
              "fillColor": {
                "normal": "#f3a900ff"
              },
              "filled": true,
              "fontFamily": "blocksuite:surface:Kalam",
              "fontStyle": "normal",
              "fontWeight": "600",
              "maxWidth": false,
              "padding": [
                10,
                20
              ],
              "radius": 0,
              "rotate": 353.2121945657032,
              "roughness": 1.4,
              "shadow": null,
              "shapeStyle": "General",
              "shapeType": "rect",
              "strokeColor": {
                "normal": "#ffffff00"
              },
              "strokeStyle": "solid",
              "strokeWidth": 2,
              "text": {
                "affine:surface:text": true,
                "delta": [
                  {
                    "insert": "Monday"
                  }
                ]
              },
              "textResizing": 1,
              "xywh": "[-556.3067476058465,-452.9940626455167,208.93093770591076,59]",
              "type": "shape",
              "id": "jIC-HbkE6c"
            },
            "gQ1v1fM0jz": {
              "index": "b05",
              "seed": 635068892,
              "color": "--affine-palette-line-white",
              "fillColor": {
                "normal": "#58ad49ff"
              },
              "filled": true,
              "fontFamily": "blocksuite:surface:Kalam",
              "fontStyle": "normal",
              "fontWeight": "600",
              "maxWidth": false,
              "padding": [
                10,
                20
              ],
              "radius": 0,
              "rotate": 4.043548607367425,
              "roughness": 1.4,
              "shadow": null,
              "shapeStyle": "General",
              "shapeType": "rect",
              "strokeColor": {
                "normal": "#ffffff00"
              },
              "strokeStyle": "solid",
              "strokeWidth": 2,
              "text": {
                "affine:surface:text": true,
                "delta": [
                  {
                    "insert": "Tuesday"
                  }
                ]
              },
              "textResizing": 1,
              "xywh": "[-102.00594276756377,-472.0220141745209,208.93093770591076,59]",
              "type": "shape",
              "id": "gQ1v1fM0jz"
            },
            "1XBWmw5GjR": {
              "index": "b0E",
              "seed": 635068892,
              "color": "--affine-palette-line-white",
              "fillColor": {
                "normal": "#64c0fbff"
              },
              "filled": true,
              "fontFamily": "blocksuite:surface:Kalam",
              "fontStyle": "normal",
              "fontWeight": "600",
              "maxWidth": false,
              "padding": [
                10,
                20
              ],
              "radius": 0,
              "rotate": 4.608169077936579,
              "roughness": 1.4,
              "shadow": null,
              "shapeStyle": "General",
              "shapeType": "rect",
              "strokeColor": {
                "normal": "#ffffff00"
              },
              "strokeStyle": "solid",
              "strokeWidth": 2,
              "text": {
                "affine:surface:text": true,
                "delta": [
                  {
                    "insert": "WEDNESDAY"
                  }
                ]
              },
              "textResizing": 1,
              "xywh": "[325.10577231740746,-462.10086558717137,242.58791417491102,59]",
              "type": "shape",
              "id": "1XBWmw5GjR"
            },
            "GsGCDV9IjA": {
              "index": "b0D",
              "seed": 635068892,
              "color": "--affine-palette-line-white",
              "fillColor": {
                "normal": "#ed8e5cff"
              },
              "filled": true,
              "fontFamily": "blocksuite:surface:Kalam",
              "fontStyle": "normal",
              "fontWeight": "600",
              "maxWidth": false,
              "padding": [
                10,
                20
              ],
              "radius": 0,
              "rotate": 357.4855613202694,
              "roughness": 1.4,
              "shadow": null,
              "shapeStyle": "General",
              "shapeType": "rect",
              "strokeColor": {
                "normal": "#ffffff00"
              },
              "strokeStyle": "solid",
              "strokeWidth": 2,
              "text": {
                "affine:surface:text": true,
                "delta": [
                  {
                    "insert": "FRIDAY"
                  }
                ]
              },
              "textResizing": 1,
              "xywh": "[-102.45502164641633,-51.46288459412119,208.93093770591076,59]",
              "type": "shape",
              "id": "GsGCDV9IjA"
            },
            "EWWTqYKQss": {
              "index": "b09",
              "seed": 635068892,
              "color": "--affine-palette-line-white",
              "fillColor": {
                "normal": "#b1db0cff"
              },
              "filled": true,
              "fontFamily": "blocksuite:surface:Kalam",
              "fontStyle": "normal",
              "fontWeight": "600",
              "maxWidth": false,
              "padding": [
                10,
                20
              ],
              "radius": 0,
              "rotate": 4.202431978620529,
              "roughness": 1.4,
              "shadow": null,
              "shapeStyle": "General",
              "shapeType": "rect",
              "strokeColor": {
                "normal": "#ffffff00"
              },
              "strokeStyle": "solid",
              "strokeWidth": 2,
              "text": {
                "affine:surface:text": true,
                "delta": [
                  {
                    "insert": "THURSDAY"
                  }
                ]
              },
              "textResizing": 1,
              "xywh": "[-511.31015472952816,-63.30407287091507,208.93093770591076,59]",
              "type": "shape",
              "id": "EWWTqYKQss"
            },
            "T3YvEn_u1F": {
              "index": "b0A",
              "seed": 635068892,
              "color": "--affine-palette-line-white",
              "fillColor": "--affine-palette-shape-magenta",
              "filled": true,
              "fontFamily": "blocksuite:surface:Kalam",
              "fontStyle": "normal",
              "fontWeight": "600",
              "maxWidth": false,
              "padding": [
                10,
                20
              ],
              "radius": 0,
              "rotate": 356.3012114061285,
              "roughness": 1.4,
              "shadow": null,
              "shapeStyle": "General",
              "shapeType": "rect",
              "strokeColor": {
                "normal": "#ffffff00"
              },
              "strokeStyle": "solid",
              "strokeWidth": 2,
              "text": {
                "affine:surface:text": true,
                "delta": [
                  {
                    "insert": "Ice"
                  }
                ]
              },
              "textResizing": 1,
              "xywh": "[-529.8680205437771,329.9446174911707,208.93093770591076,59]",
              "type": "shape",
              "id": "T3YvEn_u1F"
            },
            "YI3Buxf37m": {
              "index": "b0C",
              "seed": 635068892,
              "color": "--affine-palette-line-white",
              "fillColor": "--affine-palette-shape-purple",
              "filled": true,
              "fontFamily": "blocksuite:surface:Kalam",
              "fontStyle": "normal",
              "fontWeight": "600",
              "maxWidth": false,
              "padding": [
                10,
                20
              ],
              "radius": 0,
              "rotate": 1.4532924128566769,
              "roughness": 1.4,
              "shadow": null,
              "shapeStyle": "General",
              "shapeType": "rect",
              "strokeColor": {
                "normal": "#ffffff00"
              },
              "strokeStyle": "solid",
              "strokeWidth": 2,
              "text": {
                "affine:surface:text": true,
                "delta": [
                  {
                    "insert": "Lake"
                  }
                ]
              },
              "textResizing": 1,
              "xywh": "[-112.07579400682579,346.709118387555,208.93093770591076,59]",
              "type": "shape",
              "id": "YI3Buxf37m"
            },
            "dQwxHh5IyG": {
              "index": "b00",
              "seed": 347140890,
              "color": "--affine-palette-line-black",
              "fillColor": {
                "normal": "#fff0c6ff"
              },
              "filled": true,
              "maxWidth": false,
              "padding": [
                10,
                20
              ],
              "radius": 0,
              "rotate": 0,
              "roughness": 1.4,
              "shadow": null,
              "shapeStyle": "General",
              "shapeType": "rect",
              "strokeColor": {
                "normal": "#ffffff00"
              },
              "strokeStyle": "solid",
              "strokeWidth": 2,
              "textResizing": 1,
              "xywh": "[-567.3224189753237,-432.6008657606994,320.95546601999104,320.95546601999104]",
              "type": "shape",
              "id": "dQwxHh5IyG"
            },
            "e2DHzUSknk": {
              "index": "b02",
              "seed": 347140890,
              "color": "--affine-palette-line-black",
              "fillColor": {
                "normal": "#f0fdddff"
              },
              "filled": true,
              "maxWidth": false,
              "padding": [
                10,
                20
              ],
              "radius": 0,
              "rotate": 0,
              "roughness": 1.4,
              "shadow": null,
              "shapeStyle": "General",
              "shapeType": "rect",
              "strokeColor": {
                "normal": "#ffffff00"
              },
              "strokeStyle": "solid",
              "strokeWidth": 2,
              "textResizing": 1,
              "xywh": "[-567.3224189753237,-33.80407199434973,320.95546601999104,320.95546601999104]",
              "type": "shape",
              "id": "e2DHzUSknk"
            },
            "cqkNVhqXGV": {
              "index": "b03",
              "seed": 347140890,
              "color": "--affine-palette-line-black",
              "fillColor": {
                "normal": "#dff3ffff"
              },
              "filled": true,
              "maxWidth": false,
              "padding": [
                10,
                20
              ],
              "radius": 0,
              "rotate": 0,
              "roughness": 1.4,
              "shadow": null,
              "shapeStyle": "General",
              "shapeType": "rect",
              "strokeColor": {
                "normal": "#ffffff00"
              },
              "strokeStyle": "solid",
              "strokeWidth": 2,
              "textResizing": 1,
              "xywh": "[231.1463104822954,-432.6008657606994,320.95546601999104,320.95546601999104]",
              "type": "shape",
              "id": "cqkNVhqXGV"
            },
            "aFNtIkebCd": {
              "index": "b04",
              "seed": 347140890,
              "color": "--affine-palette-line-black",
              "fillColor": {
                "normal": "#e8fdecff"
              },
              "filled": true,
              "maxWidth": false,
              "padding": [
                10,
                20
              ],
              "radius": 0,
              "rotate": 0,
              "roughness": 1.4,
              "shadow": null,
              "shapeStyle": "General",
              "shapeType": "rect",
              "strokeColor": {
                "normal": "#ffffff00"
              },
              "strokeStyle": "solid",
              "strokeWidth": 2,
              "textResizing": 1,
              "xywh": "[-168.08805424651416,-432.6008657606994,320.95546601999104,320.95546601999104]",
              "type": "shape",
              "id": "aFNtIkebCd"
            },
            "xNvtGP0DcS": {
              "index": "b06",
              "seed": 347140890,
              "color": "--affine-palette-line-black",
              "fillColor": {
                "normal": "#fde2cfff"
              },
              "filled": true,
              "maxWidth": false,
              "padding": [
                10,
                20
              ],
              "radius": 0,
              "rotate": 0,
              "roughness": 1.4,
              "shadow": null,
              "shapeStyle": "General",
              "shapeType": "rect",
              "strokeColor": {
                "normal": "#ffffff00"
              },
              "strokeStyle": "solid",
              "strokeWidth": 2,
              "textResizing": 1,
              "xywh": "[-168.08805424651416,-33.80407199434973,320.95546601999104,320.95546601999104]",
              "type": "shape",
              "id": "xNvtGP0DcS"
            },
            "K1fwoxezRl": {
              "index": "b07",
              "seed": 347140890,
              "color": "--affine-palette-line-black",
              "fillColor": {
                "normal": "#ffe8f4ff"
              },
              "filled": true,
              "maxWidth": false,
              "padding": [
                10,
                20
              ],
              "radius": 0,
              "rotate": 0,
              "roughness": 1.4,
              "shadow": null,
              "shapeStyle": "General",
              "shapeType": "rect",
              "strokeColor": {
                "normal": "#ffffff00"
              },
              "strokeStyle": "solid",
              "strokeWidth": 2,
              "textResizing": 1,
              "xywh": "[-567.3224189753237,364.992721772,320.95546601999104,320.95546601999104]",
              "type": "shape",
              "id": "K1fwoxezRl"
            },
            "1k2wBjj4Cy": {
              "index": "b08",
              "seed": 347140890,
              "color": "--affine-palette-line-black",
              "fillColor": {
                "normal": "#ddd5ffff"
              },
              "filled": true,
              "maxWidth": false,
              "padding": [
                10,
                20
              ],
              "radius": 0,
              "rotate": 0,
              "roughness": 1.4,
              "shadow": null,
              "shapeStyle": "General",
              "shapeType": "rect",
              "strokeColor": {
                "normal": "#ffffff00"
              },
              "strokeStyle": "solid",
              "strokeWidth": 2,
              "textResizing": 1,
              "xywh": "[-168.08805424651416,364.992721772,320.95546601999104,320.95546601999104]",
              "type": "shape",
              "id": "1k2wBjj4Cy"
            },
            "8YY3v7LPs3": {
              "index": "b0F",
              "seed": 347140890,
              "color": "--affine-palette-line-black",
              "fillColor": {
                "normal": "#f0f0f0ff"
              },
              "filled": true,
              "maxWidth": false,
              "padding": [
                10,
                20
              ],
              "radius": 0,
              "rotate": 0,
              "roughness": 1.4,
              "shadow": null,
              "shapeStyle": "General",
              "shapeType": "rect",
              "strokeColor": {
                "normal": "#ffffff00"
              },
              "strokeStyle": "solid",
              "strokeWidth": 2,
              "textResizing": 1,
              "xywh": "[231.14631048229535,-33.80407199434967,320.95546601999104,721.8057923120502]",
              "type": "shape",
              "id": "8YY3v7LPs3"
            }
          }
        },
        "children": [
          {
            "type": "block",
            "id": "tUYfKdI2HUTj_WaKypBOU",
            "flavour": "affine:edgeless-text",
            "version": 1,
            "props": {
              "index": "b0G",
              "color": {
                "normal": "#828282ff"
              },
              "fontFamily": "blocksuite:surface:Kalam",
              "fontStyle": "normal",
              "fontWeight": "600",
              "textAlign": "left",
              "scale": 3.0003559031884404,
              "rotate": 0,
              "hasMaxWidth": true,
              "xywh": "[243.61296767412261,-65.29709345031098,296.0221516363365,165.0196112515814]"
            },
            "children": [
              {
                "type": "block",
                "id": "KHbiigGk2ZOLRU8KyQ8u8",
                "flavour": "affine:paragraph",
                "version": 1,
                "props": {
                  "type": "text",
                  "text": {
                    "$blocksuite:internal:text$": true,
                    "delta": [
                      {
                        "insert": "Grocery List"
                      }
                    ]
                  }
                },
                "children": []
              }
            ]
          },
          {
            "type": "block",
            "id": "fi8lGPxjue7ssvgv6zv4O",
            "flavour": "affine:edgeless-text",
            "version": 1,
            "props": {
              "xywh": "[-636.0207031413623,-916.234487051447,1154.8725954389745,444.48419067158693]",
              "index": "b0H",
              "color": {
                "normal": "#4b9e3cff"
              },
              "fontFamily": "blocksuite:surface:Kalam",
              "fontStyle": "normal",
              "fontWeight": "600",
              "textAlign": "left",
              "scale": 5.6985156099124445,
              "rotate": 0,
              "hasMaxWidth": true
            },
            "children": [
              {
                "type": "block",
                "id": "2v9mHWg_0Vgcu8a-bdQJe",
                "flavour": "affine:paragraph",
                "version": 1,
                "props": {
                  "type": "text",
                  "text": {
                    "$blocksuite:internal:text$": true,
                    "delta": [
                      {
                        "insert": "🍊 🥑  🍕\nWeekly Meal Plan"
                      }
                    ]
                  }
                },
                "children": []
              }
            ]
          }
        ]
      }
    ]
  }
}