{
  "type": "page",
  "meta": {
    "id": "uoQVH0dl2QSdFaPQo6oE-",
    "title": "Homework Planner",
    "createDate": 1727537515527,
    "tags": []
  },
  "blocks": {
    "type": "block",
    "id": "BdqDq-5-nYUVc1lCMGY5m",
    "flavour": "affine:page",
    "version": 2,
    "props": {
      "title": {
        "$blocksuite:internal:text$": true,
        "delta": [
          {
            "insert": "Homework Planner"
          }
        ]
      }
    },
    "children": [
      {
        "type": "block",
        "id": "TAzYMsLI61gcX9jPVAjsR",
        "flavour": "affine:surface",
        "version": 5,
        "props": {
          "elements": {}
        },
        "children": []
      },
      {
        "type": "block",
        "id": "sL_cW7a7Mzi8Rfd08Qv9O",
        "flavour": "affine:note",
        "version": 1,
        "props": {
          "xywh": "[0,0,800,95]",
          "background": "--affine-note-background-white",
          "index": "a0",
          "hidden": false,
          "displayMode": "both",
          "edgeless": {
            "style": {
              "borderRadius": 8,
              "borderSize": 4,
              "borderStyle": "none",
              "shadowType": "--affine-note-shadow-box"
            }
          }
        },
        "children": [
          {
            "type": "block",
            "id": "dl-OBVDyqWnG-esILddf_",
            "flavour": "affine:paragraph",
            "version": 1,
            "props": {
              "type": "h2",
              "text": {
                "$blocksuite:internal:text$": true,
                "delta": [
                  {
                    "insert": "Year: [Insert Year]"
                  }
                ]
              }
            },
            "children": []
          },
          {
            "type": "block",
            "id": "8Ne0EiRMMYvcjN3cnVnCx",
            "flavour": "affine:divider",
            "version": 1,
            "props": {},
            "children": []
          },
          {
            "type": "block",
            "id": "i05wE_OuAmwdq021XwwRS",
            "flavour": "affine:paragraph",
            "version": 1,
            "props": {
              "type": "h2",
              "text": {
                "$blocksuite:internal:text$": true,
                "delta": [
                  {
                    "insert": "1. Overview"
                  }
                ]
              }
            },
            "children": []
          },
          {
            "type": "block",
            "id": "ZHpdyFFFkunoWHvnJBPMT",
            "flavour": "affine:paragraph",
            "version": 1,
            "props": {
              "type": "text",
              "text": {
                "$blocksuite:internal:text$": true,
                "delta": [
                  {
                    "insert": "The "
                  },
                  {
                    "insert": "Homework Planner",
                    "attributes": {
                      "bold": true
                    }
                  },
                  {
                    "insert": " helps students organize their academic tasks and manage their time effectively. It provides clear sections for daily assignments, deadlines, and progress tracking, helping students prioritize their work and stay focused on their goals."
                  }
                ]
              }
            },
            "children": []
          },
          {
            "type": "block",
            "id": "EuKLPAL6wPpMWNAKVtczX",
            "flavour": "affine:paragraph",
            "version": 1,
            "props": {
              "type": "h2",
              "text": {
                "$blocksuite:internal:text$": true,
                "delta": [
                  {
                    "insert": "2. Weekly Overview"
                  }
                ]
              }
            },
            "children": []
          },
          {
            "type": "block",
            "id": "CSE6mflL8L927BHyNJGh1",
            "flavour": "affine:database",
            "version": 3,
            "props": {
              "views": [
                {
                  "id": "Hq17Rt0GWn",
                  "name": "Table View",
                  "mode": "table",
                  "columns": [],
                  "filter": {
                    "type": "group",
                    "op": "and",
                    "conditions": []
                  },
                  "header": {
                    "titleColumn": "PEft9ORssJ",
                    "iconColumn": "type"
                  }
                }
              ],
              "title": {
                "$blocksuite:internal:text$": true,
                "delta": []
              },
              "cells": {
                "mgUCXNi9df71ic_o0MEFB": {
                  "d97Q1F1f-h": {
                    "columnId": "d97Q1F1f-h",
                    "value": {
                      "$blocksuite:internal:text$": true,
                      "delta": [
                        {
                          "insert": "[Insert Assignment Title]"
                        }
                      ]
                    }
                  },
                  "SXml6Sw720": {
                    "columnId": "SXml6Sw720",
                    "value": {
                      "$blocksuite:internal:text$": true,
                      "delta": [
                        {
                          "insert": "[Insert Due Date]"
                        }
                      ]
                    }
                  },
                  "AcChxIMLmd": {
                    "columnId": "AcChxIMLmd",
                    "value": {
                      "$blocksuite:internal:text$": true,
                      "delta": [
                        {
                          "insert": "[Insert Priority Level]"
                        }
                      ]
                    }
                  },
                  "Qi7E4GojDl": {
                    "columnId": "Qi7E4GojDl",
                    "value": {
                      "$blocksuite:internal:text$": true,
                      "delta": [
                        {
                          "insert": "[Not Started/In Progress/Completed]"
                        }
                      ]
                    }
                  }
                }
              },
              "columns": [
                {
                  "type": "title",
                  "name": "Subject",
                  "data": {},
                  "id": "PEft9ORssJ"
                },
                {
                  "type": "rich-text",
                  "name": "Assignment Title",
                  "data": {},
                  "id": "d97Q1F1f-h"
                },
                {
                  "type": "rich-text",
                  "name": "Due Date",
                  "data": {},
                  "id": "SXml6Sw720"
                },
                {
                  "type": "rich-text",
                  "name": "Priority Level (High/Medium/Low)",
                  "data": {},
                  "id": "AcChxIMLmd"
                },
                {
                  "type": "rich-text",
                  "name": "Status",
                  "data": {},
                  "id": "Qi7E4GojDl"
                }
              ]
            },
            "children": [
              {
                "type": "block",
                "id": "mgUCXNi9df71ic_o0MEFB",
                "flavour": "affine:paragraph",
                "version": 1,
                "props": {
                  "type": "text",
                  "text": {
                    "$blocksuite:internal:text$": true,
                    "delta": [
                      {
                        "insert": "[Insert Subject]"
                      }
                    ]
                  }
                },
                "children": []
              }
            ]
          },
          {
            "type": "block",
            "id": "LXWeQ3fTQdIPWmvw8yTAA",
            "flavour": "affine:divider",
            "version": 1,
            "props": {},
            "children": []
          },
          {
            "type": "block",
            "id": "MBjUvjcRuNNqo4yH3eIuX",
            "flavour": "affine:paragraph",
            "version": 1,
            "props": {
              "type": "h2",
              "text": {
                "$blocksuite:internal:text$": true,
                "delta": [
                  {
                    "insert": "3. Daily Homework Tasks"
                  }
                ]
              }
            },
            "children": []
          },
          {
            "type": "block",
            "id": "3LHoipJ4NJ0fdz0mbQa_m",
            "flavour": "affine:paragraph",
            "version": 1,
            "props": {
              "type": "h3",
              "text": {
                "$blocksuite:internal:text$": true,
                "delta": [
                  {
                    "insert": "3.1. Daily Breakdown"
                  }
                ]
              }
            },
            "children": []
          },
          {
            "type": "block",
            "id": "MXl5i1y5p9SFgPN2fYNas",
            "flavour": "affine:database",
            "version": 3,
            "props": {
              "views": [
                {
                  "id": "iXSOS9hQiv",
                  "name": "Table View",
                  "mode": "table",
                  "columns": [],
                  "filter": {
                    "type": "group",
                    "op": "and",
                    "conditions": []
                  },
                  "header": {
                    "titleColumn": "9u1SsVxW_Z",
                    "iconColumn": "type"
                  }
                }
              ],
              "title": {
                "$blocksuite:internal:text$": true,
                "delta": []
              },
              "cells": {
                "mY2oXTze4KBRlcm1e3fi2": {
                  "nh_R26Iq6A": {
                    "columnId": "nh_R26Iq6A",
                    "value": {
                      "$blocksuite:internal:text$": true,
                      "delta": [
                        {
                          "insert": "[Insert Subject]"
                        }
                      ]
                    }
                  },
                  "ALpknicIlm": {
                    "columnId": "ALpknicIlm",
                    "value": {
                      "$blocksuite:internal:text$": true,
                      "delta": [
                        {
                          "insert": "[Insert Task]"
                        }
                      ]
                    }
                  },
                  "F7UlSgi_1x": {
                    "columnId": "F7UlSgi_1x",
                    "value": {
                      "$blocksuite:internal:text$": true,
                      "delta": [
                        {
                          "insert": "[Insert Time]"
                        }
                      ]
                    }
                  },
                  "62daZrf6vE": {
                    "columnId": "62daZrf6vE",
                    "value": {
                      "$blocksuite:internal:text$": true,
                      "delta": [
                        {
                          "insert": "[Not Started/In Progress/Completed]"
                        }
                      ]
                    }
                  }
                },
                "l-Q4mgUbqkhHOGwQopAC-": {
                  "nh_R26Iq6A": {
                    "columnId": "nh_R26Iq6A",
                    "value": {
                      "$blocksuite:internal:text$": true,
                      "delta": [
                        {
                          "insert": "[Insert Subject]"
                        }
                      ]
                    }
                  },
                  "ALpknicIlm": {
                    "columnId": "ALpknicIlm",
                    "value": {
                      "$blocksuite:internal:text$": true,
                      "delta": [
                        {
                          "insert": "[Insert Task]"
                        }
                      ]
                    }
                  },
                  "F7UlSgi_1x": {
                    "columnId": "F7UlSgi_1x",
                    "value": {
                      "$blocksuite:internal:text$": true,
                      "delta": [
                        {
                          "insert": "[Insert Time]"
                        }
                      ]
                    }
                  },
                  "62daZrf6vE": {
                    "columnId": "62daZrf6vE",
                    "value": {
                      "$blocksuite:internal:text$": true,
                      "delta": [
                        {
                          "insert": "[Not Started/In Progress/Completed]"
                        }
                      ]
                    }
                  }
                }
              },
              "columns": [
                {
                  "type": "title",
                  "name": "Date",
                  "data": {},
                  "id": "9u1SsVxW_Z"
                },
                {
                  "type": "rich-text",
                  "name": "Subject",
                  "data": {},
                  "id": "nh_R26Iq6A"
                },
                {
                  "type": "rich-text",
                  "name": "Homework Task",
                  "data": {},
                  "id": "ALpknicIlm"
                },
                {
                  "type": "rich-text",
                  "name": "Estimated Time to Complete",
                  "data": {},
                  "id": "F7UlSgi_1x"
                },
                {
                  "type": "rich-text",
                  "name": "Status",
                  "data": {},
                  "id": "62daZrf6vE"
                }
              ]
            },
            "children": [
              {
                "type": "block",
                "id": "mY2oXTze4KBRlcm1e3fi2",
                "flavour": "affine:paragraph",
                "version": 1,
                "props": {
                  "type": "text",
                  "text": {
                    "$blocksuite:internal:text$": true,
                    "delta": [
                      {
                        "insert": "[Insert Date]"
                      }
                    ]
                  }
                },
                "children": []
              },
              {
                "type": "block",
                "id": "l-Q4mgUbqkhHOGwQopAC-",
                "flavour": "affine:paragraph",
                "version": 1,
                "props": {
                  "type": "text",
                  "text": {
                    "$blocksuite:internal:text$": true,
                    "delta": [
                      {
                        "insert": "[Insert Date]"
                      }
                    ]
                  }
                },
                "children": []
              }
            ]
          },
          {
            "type": "block",
            "id": "YViSG_23FPKWf5QcvJ8d1",
            "flavour": "affine:paragraph",
            "version": 1,
            "props": {
              "type": "h3",
              "text": {
                "$blocksuite:internal:text$": true,
                "delta": [
                  {
                    "insert": "3.2. Task Prioritization"
                  }
                ]
              }
            },
            "children": []
          },
          {
            "type": "block",
            "id": "UqUVZhpJycsexQYalHunF",
            "flavour": "affine:list",
            "version": 1,
            "props": {
              "type": "bulleted",
              "text": {
                "$blocksuite:internal:text$": true,
                "delta": [
                  {
                    "insert": "High Priority",
                    "attributes": {
                      "bold": true
                    }
                  },
                  {
                    "insert": ": [Insert High Priority Task]"
                  }
                ]
              },
              "checked": false,
              "collapsed": false,
              "order": null
            },
            "children": []
          },
          {
            "type": "block",
            "id": "jxjbei3g0IJOW_eXF0n3f",
            "flavour": "affine:list",
            "version": 1,
            "props": {
              "type": "bulleted",
              "text": {
                "$blocksuite:internal:text$": true,
                "delta": [
                  {
                    "insert": "Medium Priority",
                    "attributes": {
                      "bold": true
                    }
                  },
                  {
                    "insert": ": [Insert Medium Priority Task]"
                  }
                ]
              },
              "checked": false,
              "collapsed": false,
              "order": null
            },
            "children": []
          },
          {
            "type": "block",
            "id": "kMyl9nO3D5U-kAChdXP5l",
            "flavour": "affine:list",
            "version": 1,
            "props": {
              "type": "bulleted",
              "text": {
                "$blocksuite:internal:text$": true,
                "delta": [
                  {
                    "insert": "Low Priority",
                    "attributes": {
                      "bold": true
                    }
                  },
                  {
                    "insert": ": [Insert Low Priority Task]"
                  }
                ]
              },
              "checked": false,
              "collapsed": false,
              "order": null
            },
            "children": []
          },
          {
            "type": "block",
            "id": "xUIIn2Z4vsJG0dOu0ny14",
            "flavour": "affine:divider",
            "version": 1,
            "props": {},
            "children": []
          },
          {
            "type": "block",
            "id": "8TCvZs_i6OYXFLzQtZ9q2",
            "flavour": "affine:paragraph",
            "version": 1,
            "props": {
              "type": "h2",
              "text": {
                "$blocksuite:internal:text$": true,
                "delta": [
                  {
                    "insert": "4. Project and Exam Deadlines"
                  }
                ]
              }
            },
            "children": []
          },
          {
            "type": "block",
            "id": "99u1klVX0IxE4mDw9neoN",
            "flavour": "affine:paragraph",
            "version": 1,
            "props": {
              "type": "h3",
              "text": {
                "$blocksuite:internal:text$": true,
                "delta": [
                  {
                    "insert": "4.1. Project Tracker"
                  }
                ]
              }
            },
            "children": []
          },
          {
            "type": "block",
            "id": "3JDLa7K9jDNCSX0HjNExp",
            "flavour": "affine:database",
            "version": 3,
            "props": {
              "views": [
                {
                  "id": "vFNdxTttQr",
                  "name": "Table View",
                  "mode": "table",
                  "columns": [],
                  "filter": {
                    "type": "group",
                    "op": "and",
                    "conditions": []
                  },
                  "header": {
                    "titleColumn": "QIVlpHBkgj",
                    "iconColumn": "type"
                  }
                }
              ],
              "title": {
                "$blocksuite:internal:text$": true,
                "delta": []
              },
              "cells": {
                "cSqwYBCkxBvrHuo9XHkec": {
                  "AnbEpvfpDs": {
                    "columnId": "AnbEpvfpDs",
                    "value": {
                      "$blocksuite:internal:text$": true,
                      "delta": [
                        {
                          "insert": "[Insert Subject]"
                        }
                      ]
                    }
                  },
                  "UBWuhs8X4I": {
                    "columnId": "UBWuhs8X4I",
                    "value": {
                      "$blocksuite:internal:text$": true,
                      "delta": [
                        {
                          "insert": "[Insert Due Date]"
                        }
                      ]
                    }
                  },
                  "FteJuA1Wbw": {
                    "columnId": "FteJuA1Wbw",
                    "value": {
                      "$blocksuite:internal:text$": true,
                      "delta": [
                        {
                          "insert": "[Not Started/In Progress/Completed]"
                        }
                      ]
                    }
                  }
                }
              },
              "columns": [
                {
                  "type": "title",
                  "name": "Project Title",
                  "data": {},
                  "id": "QIVlpHBkgj"
                },
                {
                  "type": "rich-text",
                  "name": "Subject",
                  "data": {},
                  "id": "AnbEpvfpDs"
                },
                {
                  "type": "rich-text",
                  "name": "Due Date",
                  "data": {},
                  "id": "UBWuhs8X4I"
                },
                {
                  "type": "rich-text",
                  "name": "Progress",
                  "data": {},
                  "id": "FteJuA1Wbw"
                }
              ]
            },
            "children": [
              {
                "type": "block",
                "id": "cSqwYBCkxBvrHuo9XHkec",
                "flavour": "affine:paragraph",
                "version": 1,
                "props": {
                  "type": "text",
                  "text": {
                    "$blocksuite:internal:text$": true,
                    "delta": [
                      {
                        "insert": "[Insert Project Title]"
                      }
                    ]
                  }
                },
                "children": []
              }
            ]
          },
          {
            "type": "block",
            "id": "wMzWOabFORD6XPMojkbdu",
            "flavour": "affine:paragraph",
            "version": 1,
            "props": {
              "type": "h3",
              "text": {
                "$blocksuite:internal:text$": true,
                "delta": [
                  {
                    "insert": "4.2. Exam Schedule"
                  }
                ]
              }
            },
            "children": []
          },
          {
            "type": "block",
            "id": "DLeZfJK6JuDRItNQLiwoY",
            "flavour": "affine:database",
            "version": 3,
            "props": {
              "views": [
                {
                  "id": "7buoEdolRG",
                  "name": "Table View",
                  "mode": "table",
                  "columns": [],
                  "filter": {
                    "type": "group",
                    "op": "and",
                    "conditions": []
                  },
                  "header": {
                    "titleColumn": "9OglyXzm3v",
                    "iconColumn": "type"
                  }
                }
              ],
              "title": {
                "$blocksuite:internal:text$": true,
                "delta": []
              },
              "cells": {
                "JGGsIHy6phpGE37g13c-Z": {
                  "7SJRVpLrVq": {
                    "columnId": "7SJRVpLrVq",
                    "value": {
                      "$blocksuite:internal:text$": true,
                      "delta": [
                        {
                          "insert": "[Insert Subject]"
                        }
                      ]
                    }
                  },
                  "VFMMSKdnN-": {
                    "columnId": "VFMMSKdnN-",
                    "value": {
                      "$blocksuite:internal:text$": true,
                      "delta": [
                        {
                          "insert": "[Insert Date]"
                        }
                      ]
                    }
                  },
                  "_M-MAga-gD": {
                    "columnId": "_M-MAga-gD",
                    "value": {
                      "$blocksuite:internal:text$": true,
                      "delta": [
                        {
                          "insert": "[Insert Study Plan]"
                        }
                      ]
                    }
                  }
                }
              },
              "columns": [
                {
                  "type": "title",
                  "name": "Exam Title",
                  "data": {},
                  "id": "9OglyXzm3v"
                },
                {
                  "type": "rich-text",
                  "name": "Subject",
                  "data": {},
                  "id": "7SJRVpLrVq"
                },
                {
                  "type": "rich-text",
                  "name": "Date",
                  "data": {},
                  "id": "VFMMSKdnN-"
                },
                {
                  "type": "rich-text",
                  "name": "Study Plan",
                  "data": {},
                  "id": "_M-MAga-gD"
                }
              ]
            },
            "children": [
              {
                "type": "block",
                "id": "JGGsIHy6phpGE37g13c-Z",
                "flavour": "affine:paragraph",
                "version": 1,
                "props": {
                  "type": "text",
                  "text": {
                    "$blocksuite:internal:text$": true,
                    "delta": [
                      {
                        "insert": "[Insert Exam Title]"
                      }
                    ]
                  }
                },
                "children": []
              }
            ]
          },
          {
            "type": "block",
            "id": "_kqInurnu-vLS3tSoJ5h4",
            "flavour": "affine:divider",
            "version": 1,
            "props": {},
            "children": []
          },
          {
            "type": "block",
            "id": "3DwJaNjcCgsgvkfzXpJ1Z",
            "flavour": "affine:paragraph",
            "version": 1,
            "props": {
              "type": "h2",
              "text": {
                "$blocksuite:internal:text$": true,
                "delta": [
                  {
                    "insert": "5. Progress Reflection"
                  }
                ]
              }
            },
            "children": []
          },
          {
            "type": "block",
            "id": "S3rSXaEa9YJYKlz6jinVe",
            "flavour": "affine:paragraph",
            "version": 1,
            "props": {
              "type": "h3",
              "text": {
                "$blocksuite:internal:text$": true,
                "delta": [
                  {
                    "insert": "5.1. Weekly Review"
                  }
                ]
              }
            },
            "children": []
          },
          {
            "type": "block",
            "id": "ptFyudAWvroCacBadL3Pd",
            "flavour": "affine:list",
            "version": 1,
            "props": {
              "type": "bulleted",
              "text": {
                "$blocksuite:internal:text$": true,
                "delta": [
                  {
                    "insert": "Completed Tasks",
                    "attributes": {
                      "bold": true
                    }
                  },
                  {
                    "insert": ": [Insert Reflection on Completed Homework]"
                  }
                ]
              },
              "checked": false,
              "collapsed": false,
              "order": null
            },
            "children": []
          },
          {
            "type": "block",
            "id": "G7CkpoNmd9gm8mf6UNX7A",
            "flavour": "affine:list",
            "version": 1,
            "props": {
              "type": "bulleted",
              "text": {
                "$blocksuite:internal:text$": true,
                "delta": [
                  {
                    "insert": "Challenges Faced",
                    "attributes": {
                      "bold": true
                    }
                  },
                  {
                    "insert": ": [Insert Reflection on Challenges]"
                  }
                ]
              },
              "checked": false,
              "collapsed": false,
              "order": null
            },
            "children": []
          },
          {
            "type": "block",
            "id": "ufe1NaXKkjygVVcKO7to0",
            "flavour": "affine:list",
            "version": 1,
            "props": {
              "type": "bulleted",
              "text": {
                "$blocksuite:internal:text$": true,
                "delta": [
                  {
                    "insert": "Improvements for Next Week",
                    "attributes": {
                      "bold": true
                    }
                  },
                  {
                    "insert": ": [Insert Reflection on Improvements]"
                  }
                ]
              },
              "checked": false,
              "collapsed": false,
              "order": null
            },
            "children": []
          },
          {
            "type": "block",
            "id": "UDXcq0BogJ8ketYfNBcLg",
            "flavour": "affine:divider",
            "version": 1,
            "props": {},
            "children": []
          },
          {
            "type": "block",
            "id": "qQWZydmUCsE_nyD1DK4Rd",
            "flavour": "affine:paragraph",
            "version": 1,
            "props": {
              "type": "h2",
              "text": {
                "$blocksuite:internal:text$": true,
                "delta": [
                  {
                    "insert": "6. Notes and Reminders"
                  }
                ]
              }
            },
            "children": []
          },
          {
            "type": "block",
            "id": "ViLIEcdix8qPlbBbxsUvI",
            "flavour": "affine:list",
            "version": 1,
            "props": {
              "type": "bulleted",
              "text": {
                "$blocksuite:internal:text$": true,
                "delta": [
                  {
                    "insert": "Use this section for jotting down important reminders, study tips, or additional to-dos for the week."
                  }
                ]
              },
              "checked": false,
              "collapsed": false,
              "order": null
            },
            "children": []
          },
          {
            "type": "block",
            "id": "VBOW128pKkD8sCGRCUaJc",
            "flavour": "affine:divider",
            "version": 1,
            "props": {},
            "children": []
          }
        ]
      }
    ]
  }
}