{
  "type": "page",
  "meta": {
    "id": "cZbE7lJIjVbtimJeeBELg",
    "title": "Wedding Planner",
    "createDate": 1727356092805,
    "tags": []
  },
  "blocks": {
    "type": "block",
    "id": "BdqDq-5-nYUVc1lCMGY5m",
    "flavour": "affine:page",
    "version": 2,
    "props": {
      "title": {
        "$blocksuite:internal:text$": true,
        "delta": [
          {
            "insert": "Wedding Planner"
          }
        ]
      }
    },
    "children": [
      {
        "type": "block",
        "id": "TAzYMsLI61gcX9jPVAjsR",
        "flavour": "affine:surface",
        "version": 5,
        "props": {
          "elements": {}
        },
        "children": []
      },
      {
        "type": "block",
        "id": "sL_cW7a7Mzi8Rfd08Qv9O",
        "flavour": "affine:note",
        "version": 1,
        "props": {
          "xywh": "[0,0,800,95]",
          "background": "--affine-note-background-white",
          "index": "a0",
          "hidden": false,
          "displayMode": "both",
          "edgeless": {
            "style": {
              "borderRadius": 8,
              "borderSize": 4,
              "borderStyle": "none",
              "shadowType": "--affine-note-shadow-box"
            }
          }
        },
        "children": [
          {
            "type": "block",
            "id": "GHoQPGi-dVI6wVwtXDZTF",
            "flavour": "affine:paragraph",
            "version": 1,
            "props": {
              "type": "h2",
              "text": {
                "$blocksuite:internal:text$": true,
                "delta": [
                  {
                    "insert": "Wedding Date: [Insert Date]"
                  }
                ]
              }
            },
            "children": []
          },
          {
            "type": "block",
            "id": "x7_7KVhwEgyY9NQiX9Hlg",
            "flavour": "affine:divider",
            "version": 1,
            "props": {},
            "children": []
          },
          {
            "type": "block",
            "id": "IW13KweUs4Y136E_0bVqS",
            "flavour": "affine:paragraph",
            "version": 1,
            "props": {
              "type": "h2",
              "text": {
                "$blocksuite:internal:text$": true,
                "delta": [
                  {
                    "insert": "1. Wedding Budget Tracker"
                  }
                ]
              }
            },
            "children": []
          },
          {
            "type": "block",
            "id": "ZXHBG1uD8tsZNUHh9jgca",
            "flavour": "affine:database",
            "version": 3,
            "props": {
              "views": [
                {
                  "id": "ehNePgu5LF",
                  "name": "Table View",
                  "mode": "table",
                  "columns": [],
                  "filter": {
                    "type": "group",
                    "op": "and",
                    "conditions": []
                  },
                  "header": {
                    "titleColumn": "sk-LZ69xgH",
                    "iconColumn": "type"
                  }
                }
              ],
              "title": {
                "$blocksuite:internal:text$": true,
                "delta": []
              },
              "cells": {
                "KJl7jUyJ-pyMKXM2c3qLo": {
                  "zblIovpcCB": {
                    "columnId": "zblIovpcCB",
                    "value": {
                      "$blocksuite:internal:text$": true,
                      "delta": [
                        {
                          "insert": "[Insert Cost]"
                        }
                      ]
                    }
                  },
                  "iaiF9_KGI6": {
                    "columnId": "iaiF9_KGI6",
                    "value": {
                      "$blocksuite:internal:text$": true,
                      "delta": [
                        {
                          "insert": "[Insert Cost]"
                        }
                      ]
                    }
                  },
                  "Z5i89aLXHJ": {
                    "columnId": "Z5i89aLXHJ",
                    "value": {
                      "$blocksuite:internal:text$": true,
                      "delta": [
                        {
                          "insert": "[Yes/No]"
                        }
                      ]
                    }
                  },
                  "10EcQ63Xmq": {
                    "columnId": "10EcQ63Xmq",
                    "value": {
                      "$blocksuite:internal:text$": true,
                      "delta": [
                        {
                          "insert": "[Insert Notes]"
                        }
                      ]
                    }
                  }
                },
                "w08MVK2bm0AYsYS9-F6c_": {
                  "zblIovpcCB": {
                    "columnId": "zblIovpcCB",
                    "value": {
                      "$blocksuite:internal:text$": true,
                      "delta": [
                        {
                          "insert": "[Insert Cost]"
                        }
                      ]
                    }
                  },
                  "iaiF9_KGI6": {
                    "columnId": "iaiF9_KGI6",
                    "value": {
                      "$blocksuite:internal:text$": true,
                      "delta": [
                        {
                          "insert": "[Insert Cost]"
                        }
                      ]
                    }
                  },
                  "Z5i89aLXHJ": {
                    "columnId": "Z5i89aLXHJ",
                    "value": {
                      "$blocksuite:internal:text$": true,
                      "delta": [
                        {
                          "insert": "[Yes/No]"
                        }
                      ]
                    }
                  },
                  "10EcQ63Xmq": {
                    "columnId": "10EcQ63Xmq",
                    "value": {
                      "$blocksuite:internal:text$": true,
                      "delta": [
                        {
                          "insert": "[Insert Notes]"
                        }
                      ]
                    }
                  }
                },
                "wN5lMhRzBJvTDngSkey4m": {
                  "zblIovpcCB": {
                    "columnId": "zblIovpcCB",
                    "value": {
                      "$blocksuite:internal:text$": true,
                      "delta": [
                        {
                          "insert": "[Insert Cost]"
                        }
                      ]
                    }
                  },
                  "iaiF9_KGI6": {
                    "columnId": "iaiF9_KGI6",
                    "value": {
                      "$blocksuite:internal:text$": true,
                      "delta": [
                        {
                          "insert": "[Insert Cost]"
                        }
                      ]
                    }
                  },
                  "Z5i89aLXHJ": {
                    "columnId": "Z5i89aLXHJ",
                    "value": {
                      "$blocksuite:internal:text$": true,
                      "delta": [
                        {
                          "insert": "[Yes/No]"
                        }
                      ]
                    }
                  },
                  "10EcQ63Xmq": {
                    "columnId": "10EcQ63Xmq",
                    "value": {
                      "$blocksuite:internal:text$": true,
                      "delta": [
                        {
                          "insert": "[Insert Notes]"
                        }
                      ]
                    }
                  }
                },
                "4mnwjBA31nPvhe43RpeoT": {
                  "zblIovpcCB": {
                    "columnId": "zblIovpcCB",
                    "value": {
                      "$blocksuite:internal:text$": true,
                      "delta": [
                        {
                          "insert": "[Insert Cost]"
                        }
                      ]
                    }
                  },
                  "iaiF9_KGI6": {
                    "columnId": "iaiF9_KGI6",
                    "value": {
                      "$blocksuite:internal:text$": true,
                      "delta": [
                        {
                          "insert": "[Insert Cost]"
                        }
                      ]
                    }
                  },
                  "Z5i89aLXHJ": {
                    "columnId": "Z5i89aLXHJ",
                    "value": {
                      "$blocksuite:internal:text$": true,
                      "delta": [
                        {
                          "insert": "[Yes/No]"
                        }
                      ]
                    }
                  },
                  "10EcQ63Xmq": {
                    "columnId": "10EcQ63Xmq",
                    "value": {
                      "$blocksuite:internal:text$": true,
                      "delta": [
                        {
                          "insert": "[Insert Notes]"
                        }
                      ]
                    }
                  }
                },
                "nZvK3suaXrT-r8OY1s6qi": {
                  "zblIovpcCB": {
                    "columnId": "zblIovpcCB",
                    "value": {
                      "$blocksuite:internal:text$": true,
                      "delta": [
                        {
                          "insert": "..."
                        }
                      ]
                    }
                  },
                  "iaiF9_KGI6": {
                    "columnId": "iaiF9_KGI6",
                    "value": {
                      "$blocksuite:internal:text$": true,
                      "delta": [
                        {
                          "insert": "..."
                        }
                      ]
                    }
                  },
                  "Z5i89aLXHJ": {
                    "columnId": "Z5i89aLXHJ",
                    "value": {
                      "$blocksuite:internal:text$": true,
                      "delta": [
                        {
                          "insert": "..."
                        }
                      ]
                    }
                  },
                  "10EcQ63Xmq": {
                    "columnId": "10EcQ63Xmq",
                    "value": {
                      "$blocksuite:internal:text$": true,
                      "delta": [
                        {
                          "insert": "..."
                        }
                      ]
                    }
                  }
                }
              },
              "columns": [
                {
                  "type": "title",
                  "name": "Category",
                  "data": {},
                  "id": "sk-LZ69xgH"
                },
                {
                  "type": "rich-text",
                  "name": "Estimated Cost",
                  "data": {},
                  "id": "zblIovpcCB"
                },
                {
                  "type": "rich-text",
                  "name": "Actual Cost",
                  "data": {},
                  "id": "iaiF9_KGI6"
                },
                {
                  "type": "rich-text",
                  "name": "Paid? (Yes/No)",
                  "data": {},
                  "id": "Z5i89aLXHJ"
                },
                {
                  "type": "rich-text",
                  "name": "Notes",
                  "data": {},
                  "id": "10EcQ63Xmq"
                }
              ]
            },
            "children": [
              {
                "type": "block",
                "id": "KJl7jUyJ-pyMKXM2c3qLo",
                "flavour": "affine:paragraph",
                "version": 1,
                "props": {
                  "type": "text",
                  "text": {
                    "$blocksuite:internal:text$": true,
                    "delta": [
                      {
                        "insert": "Venue"
                      }
                    ]
                  }
                },
                "children": []
              },
              {
                "type": "block",
                "id": "w08MVK2bm0AYsYS9-F6c_",
                "flavour": "affine:paragraph",
                "version": 1,
                "props": {
                  "type": "text",
                  "text": {
                    "$blocksuite:internal:text$": true,
                    "delta": [
                      {
                        "insert": "Catering"
                      }
                    ]
                  }
                },
                "children": []
              },
              {
                "type": "block",
                "id": "wN5lMhRzBJvTDngSkey4m",
                "flavour": "affine:paragraph",
                "version": 1,
                "props": {
                  "type": "text",
                  "text": {
                    "$blocksuite:internal:text$": true,
                    "delta": [
                      {
                        "insert": "Dress/Tuxedo"
                      }
                    ]
                  }
                },
                "children": []
              },
              {
                "type": "block",
                "id": "4mnwjBA31nPvhe43RpeoT",
                "flavour": "affine:paragraph",
                "version": 1,
                "props": {
                  "type": "text",
                  "text": {
                    "$blocksuite:internal:text$": true,
                    "delta": [
                      {
                        "insert": "Photography"
                      }
                    ]
                  }
                },
                "children": []
              },
              {
                "type": "block",
                "id": "nZvK3suaXrT-r8OY1s6qi",
                "flavour": "affine:paragraph",
                "version": 1,
                "props": {
                  "type": "text",
                  "text": {
                    "$blocksuite:internal:text$": true,
                    "delta": [
                      {
                        "insert": "..."
                      }
                    ]
                  }
                },
                "children": []
              }
            ]
          },
          {
            "type": "block",
            "id": "QbiB8kki1CIR-XbOULCsG",
            "flavour": "affine:divider",
            "version": 1,
            "props": {},
            "children": []
          },
          {
            "type": "block",
            "id": "S42HnB2l1sVdeDJaUfcOl",
            "flavour": "affine:paragraph",
            "version": 1,
            "props": {
              "type": "h2",
              "text": {
                "$blocksuite:internal:text$": true,
                "delta": [
                  {
                    "insert": "2. Guest List Management"
                  }
                ]
              }
            },
            "children": []
          },
          {
            "type": "block",
            "id": "w5C-2nRFK8p76hK3y-9of",
            "flavour": "affine:database",
            "version": 3,
            "props": {
              "views": [
                {
                  "id": "z1UGvTaOJR",
                  "name": "Table View",
                  "mode": "table",
                  "columns": [],
                  "filter": {
                    "type": "group",
                    "op": "and",
                    "conditions": []
                  },
                  "header": {
                    "titleColumn": "zZbUsP4ja0",
                    "iconColumn": "type"
                  }
                }
              ],
              "title": {
                "$blocksuite:internal:text$": true,
                "delta": []
              },
              "cells": {
                "dNwoSk-PgoqvKOn3n8wiU": {
                  "pp7i1Lduff": {
                    "columnId": "pp7i1Lduff",
                    "value": {
                      "$blocksuite:internal:text$": true,
                      "delta": [
                        {
                          "insert": "[Yes/No]"
                        }
                      ]
                    }
                  },
                  "ia9DS0HCfO": {
                    "columnId": "ia9DS0HCfO",
                    "value": {
                      "$blocksuite:internal:text$": true,
                      "delta": [
                        {
                          "insert": "[Insert Meal]"
                        }
                      ]
                    }
                  },
                  "_g6qdT5IhY": {
                    "columnId": "_g6qdT5IhY",
                    "value": {
                      "$blocksuite:internal:text$": true,
                      "delta": [
                        {
                          "insert": "[Insert Gift]"
                        }
                      ]
                    }
                  },
                  "CceDDOU-BM": {
                    "columnId": "CceDDOU-BM",
                    "value": {
                      "$blocksuite:internal:text$": true,
                      "delta": [
                        {
                          "insert": "[Insert Table]"
                        }
                      ]
                    }
                  }
                },
                "sLdWQf2x0jGR6w3_OuSz1": {
                  "pp7i1Lduff": {
                    "columnId": "pp7i1Lduff",
                    "value": {
                      "$blocksuite:internal:text$": true,
                      "delta": [
                        {
                          "insert": "[Yes/No]"
                        }
                      ]
                    }
                  },
                  "ia9DS0HCfO": {
                    "columnId": "ia9DS0HCfO",
                    "value": {
                      "$blocksuite:internal:text$": true,
                      "delta": [
                        {
                          "insert": "[Insert Meal]"
                        }
                      ]
                    }
                  },
                  "_g6qdT5IhY": {
                    "columnId": "_g6qdT5IhY",
                    "value": {
                      "$blocksuite:internal:text$": true,
                      "delta": [
                        {
                          "insert": "[Insert Gift]"
                        }
                      ]
                    }
                  },
                  "CceDDOU-BM": {
                    "columnId": "CceDDOU-BM",
                    "value": {
                      "$blocksuite:internal:text$": true,
                      "delta": [
                        {
                          "insert": "[Insert Table]"
                        }
                      ]
                    }
                  }
                }
              },
              "columns": [
                {
                  "type": "title",
                  "name": "Guest Name",
                  "data": {},
                  "id": "zZbUsP4ja0"
                },
                {
                  "type": "rich-text",
                  "name": "RSVP (Yes/No)",
                  "data": {},
                  "id": "pp7i1Lduff"
                },
                {
                  "type": "rich-text",
                  "name": "Meal Preference",
                  "data": {},
                  "id": "ia9DS0HCfO"
                },
                {
                  "type": "rich-text",
                  "name": "Gift Given",
                  "data": {},
                  "id": "_g6qdT5IhY"
                },
                {
                  "type": "rich-text",
                  "name": "Seating Arrangement",
                  "data": {},
                  "id": "CceDDOU-BM"
                }
              ]
            },
            "children": [
              {
                "type": "block",
                "id": "dNwoSk-PgoqvKOn3n8wiU",
                "flavour": "affine:paragraph",
                "version": 1,
                "props": {
                  "type": "text",
                  "text": {
                    "$blocksuite:internal:text$": true,
                    "delta": [
                      {
                        "insert": "[Insert Name]"
                      }
                    ]
                  }
                },
                "children": []
              },
              {
                "type": "block",
                "id": "sLdWQf2x0jGR6w3_OuSz1",
                "flavour": "affine:paragraph",
                "version": 1,
                "props": {
                  "type": "text",
                  "text": {
                    "$blocksuite:internal:text$": true,
                    "delta": [
                      {
                        "insert": "[Insert Name]"
                      }
                    ]
                  }
                },
                "children": []
              }
            ]
          },
          {
            "type": "block",
            "id": "9BDP1mEOFYqEFyKyKPHay",
            "flavour": "affine:divider",
            "version": 1,
            "props": {},
            "children": []
          },
          {
            "type": "block",
            "id": "8fUXAR4G9Yagcomxo3-3s",
            "flavour": "affine:paragraph",
            "version": 1,
            "props": {
              "type": "h2",
              "text": {
                "$blocksuite:internal:text$": true,
                "delta": [
                  {
                    "insert": "3. Vendor Contacts"
                  }
                ]
              }
            },
            "children": []
          },
          {
            "type": "block",
            "id": "JqZiLp5fYe6-n1t0IdV5U",
            "flavour": "affine:database",
            "version": 3,
            "props": {
              "views": [
                {
                  "id": "VGBDkKw0b2",
                  "name": "Table View",
                  "mode": "table",
                  "columns": [],
                  "filter": {
                    "type": "group",
                    "op": "and",
                    "conditions": []
                  },
                  "header": {
                    "titleColumn": "07DG_B1BV8",
                    "iconColumn": "type"
                  }
                }
              ],
              "title": {
                "$blocksuite:internal:text$": true,
                "delta": []
              },
              "cells": {
                "hxc5WZhLd6Lg17mu9UrtY": {
                  "rKpWGf862f": {
                    "columnId": "rKpWGf862f",
                    "value": {
                      "$blocksuite:internal:text$": true,
                      "delta": [
                        {
                          "insert": "[Insert Name]"
                        }
                      ]
                    }
                  },
                  "sL8thEwihz": {
                    "columnId": "sL8thEwihz",
                    "value": {
                      "$blocksuite:internal:text$": true,
                      "delta": [
                        {
                          "insert": "[Insert Contact]"
                        }
                      ]
                    }
                  },
                  "UVNduP-yvd": {
                    "columnId": "UVNduP-yvd",
                    "value": {
                      "$blocksuite:internal:text$": true,
                      "delta": [
                        {
                          "insert": "[Insert Date]"
                        }
                      ]
                    }
                  },
                  "g9nvPqnyti": {
                    "columnId": "g9nvPqnyti",
                    "value": {
                      "$blocksuite:internal:text$": true,
                      "delta": [
                        {
                          "insert": "[Insert Notes]"
                        }
                      ]
                    }
                  }
                },
                "WHpVA3FXkkduutiTrDrRd": {
                  "rKpWGf862f": {
                    "columnId": "rKpWGf862f",
                    "value": {
                      "$blocksuite:internal:text$": true,
                      "delta": [
                        {
                          "insert": "[Insert Name]"
                        }
                      ]
                    }
                  },
                  "sL8thEwihz": {
                    "columnId": "sL8thEwihz",
                    "value": {
                      "$blocksuite:internal:text$": true,
                      "delta": [
                        {
                          "insert": "[Insert Contact]"
                        }
                      ]
                    }
                  },
                  "UVNduP-yvd": {
                    "columnId": "UVNduP-yvd",
                    "value": {
                      "$blocksuite:internal:text$": true,
                      "delta": [
                        {
                          "insert": "[Insert Date]"
                        }
                      ]
                    }
                  },
                  "g9nvPqnyti": {
                    "columnId": "g9nvPqnyti",
                    "value": {
                      "$blocksuite:internal:text$": true,
                      "delta": [
                        {
                          "insert": "[Insert Notes]"
                        }
                      ]
                    }
                  }
                },
                "15pJbswM-w1zYhXKCxDwx": {
                  "rKpWGf862f": {
                    "columnId": "rKpWGf862f",
                    "value": {
                      "$blocksuite:internal:text$": true,
                      "delta": [
                        {
                          "insert": "[Insert Name]"
                        }
                      ]
                    }
                  },
                  "sL8thEwihz": {
                    "columnId": "sL8thEwihz",
                    "value": {
                      "$blocksuite:internal:text$": true,
                      "delta": [
                        {
                          "insert": "[Insert Contact]"
                        }
                      ]
                    }
                  },
                  "UVNduP-yvd": {
                    "columnId": "UVNduP-yvd",
                    "value": {
                      "$blocksuite:internal:text$": true,
                      "delta": [
                        {
                          "insert": "[Insert Date]"
                        }
                      ]
                    }
                  },
                  "g9nvPqnyti": {
                    "columnId": "g9nvPqnyti",
                    "value": {
                      "$blocksuite:internal:text$": true,
                      "delta": [
                        {
                          "insert": "[Insert Notes]"
                        }
                      ]
                    }
                  }
                }
              },
              "columns": [
                {
                  "type": "title",
                  "name": "Vendor Type",
                  "data": {},
                  "id": "07DG_B1BV8"
                },
                {
                  "type": "rich-text",
                  "name": "Vendor Name",
                  "data": {},
                  "id": "rKpWGf862f"
                },
                {
                  "type": "rich-text",
                  "name": "Contact Info",
                  "data": {},
                  "id": "sL8thEwihz"
                },
                {
                  "type": "rich-text",
                  "name": "Payment Due Date",
                  "data": {},
                  "id": "UVNduP-yvd"
                },
                {
                  "type": "rich-text",
                  "name": "Notes",
                  "data": {},
                  "id": "g9nvPqnyti"
                }
              ]
            },
            "children": [
              {
                "type": "block",
                "id": "hxc5WZhLd6Lg17mu9UrtY",
                "flavour": "affine:paragraph",
                "version": 1,
                "props": {
                  "type": "text",
                  "text": {
                    "$blocksuite:internal:text$": true,
                    "delta": [
                      {
                        "insert": "Florist"
                      }
                    ]
                  }
                },
                "children": []
              },
              {
                "type": "block",
                "id": "WHpVA3FXkkduutiTrDrRd",
                "flavour": "affine:paragraph",
                "version": 1,
                "props": {
                  "type": "text",
                  "text": {
                    "$blocksuite:internal:text$": true,
                    "delta": [
                      {
                        "insert": "DJ/Band"
                      }
                    ]
                  }
                },
                "children": []
              },
              {
                "type": "block",
                "id": "15pJbswM-w1zYhXKCxDwx",
                "flavour": "affine:paragraph",
                "version": 1,
                "props": {
                  "type": "text",
                  "text": {
                    "$blocksuite:internal:text$": true,
                    "delta": [
                      {
                        "insert": "Caterer"
                      }
                    ]
                  }
                },
                "children": []
              }
            ]
          },
          {
            "type": "block",
            "id": "AeUBW_dsYMbxA0lPwzPQ4",
            "flavour": "affine:divider",
            "version": 1,
            "props": {},
            "children": []
          },
          {
            "type": "block",
            "id": "9gBb2TxGRj8nQUQYZXEpG",
            "flavour": "affine:paragraph",
            "version": 1,
            "props": {
              "type": "h2",
              "text": {
                "$blocksuite:internal:text$": true,
                "delta": [
                  {
                    "insert": "4. Wedding Timeline"
                  }
                ]
              }
            },
            "children": []
          },
          {
            "type": "block",
            "id": "8bI72_GoiRAXrWhGDa5zV",
            "flavour": "affine:database",
            "version": 3,
            "props": {
              "views": [
                {
                  "id": "Ej82IqnZsc",
                  "name": "Table View",
                  "mode": "table",
                  "columns": [],
                  "filter": {
                    "type": "group",
                    "op": "and",
                    "conditions": []
                  },
                  "header": {
                    "titleColumn": "DfFThHH45b",
                    "iconColumn": "type"
                  }
                }
              ],
              "title": {
                "$blocksuite:internal:text$": true,
                "delta": []
              },
              "cells": {
                "YWnzEsl-s5TETH5SnH00o": {
                  "QO1QegjIOa": {
                    "columnId": "QO1QegjIOa",
                    "value": {
                      "$blocksuite:internal:text$": true,
                      "delta": [
                        {
                          "insert": "Hair & Makeup"
                        }
                      ]
                    }
                  },
                  "ekyeiXJwVl": {
                    "columnId": "ekyeiXJwVl",
                    "value": {
                      "$blocksuite:internal:text$": true,
                      "delta": [
                        {
                          "insert": "[Insert Notes]"
                        }
                      ]
                    }
                  }
                },
                "VOIAheOWVM9s7FkKjKL-7": {
                  "QO1QegjIOa": {
                    "columnId": "QO1QegjIOa",
                    "value": {
                      "$blocksuite:internal:text$": true,
                      "delta": [
                        {
                          "insert": "Ceremony Start"
                        }
                      ]
                    }
                  },
                  "ekyeiXJwVl": {
                    "columnId": "ekyeiXJwVl",
                    "value": {
                      "$blocksuite:internal:text$": true,
                      "delta": [
                        {
                          "insert": "[Insert Notes]"
                        }
                      ]
                    }
                  }
                },
                "D2jFAwe006stbxHiZyvsO": {
                  "QO1QegjIOa": {
                    "columnId": "QO1QegjIOa",
                    "value": {
                      "$blocksuite:internal:text$": true,
                      "delta": [
                        {
                          "insert": "Reception Begins"
                        }
                      ]
                    }
                  },
                  "ekyeiXJwVl": {
                    "columnId": "ekyeiXJwVl",
                    "value": {
                      "$blocksuite:internal:text$": true,
                      "delta": [
                        {
                          "insert": "[Insert Notes]"
                        }
                      ]
                    }
                  }
                }
              },
              "columns": [
                {
                  "type": "title",
                  "name": "Time",
                  "data": {},
                  "id": "DfFThHH45b"
                },
                {
                  "type": "rich-text",
                  "name": "Event/Activity",
                  "data": {},
                  "id": "QO1QegjIOa"
                },
                {
                  "type": "rich-text",
                  "name": "Notes",
                  "data": {},
                  "id": "ekyeiXJwVl"
                }
              ]
            },
            "children": [
              {
                "type": "block",
                "id": "YWnzEsl-s5TETH5SnH00o",
                "flavour": "affine:paragraph",
                "version": 1,
                "props": {
                  "type": "text",
                  "text": {
                    "$blocksuite:internal:text$": true,
                    "delta": [
                      {
                        "insert": "9:00 AM"
                      }
                    ]
                  }
                },
                "children": []
              },
              {
                "type": "block",
                "id": "VOIAheOWVM9s7FkKjKL-7",
                "flavour": "affine:paragraph",
                "version": 1,
                "props": {
                  "type": "text",
                  "text": {
                    "$blocksuite:internal:text$": true,
                    "delta": [
                      {
                        "insert": "1:00 PM"
                      }
                    ]
                  }
                },
                "children": []
              },
              {
                "type": "block",
                "id": "D2jFAwe006stbxHiZyvsO",
                "flavour": "affine:paragraph",
                "version": 1,
                "props": {
                  "type": "text",
                  "text": {
                    "$blocksuite:internal:text$": true,
                    "delta": [
                      {
                        "insert": "3:00 PM"
                      }
                    ]
                  }
                },
                "children": []
              }
            ]
          },
          {
            "type": "block",
            "id": "jFDn-QG43Uf-ThrNbArEC",
            "flavour": "affine:divider",
            "version": 1,
            "props": {},
            "children": []
          },
          {
            "type": "block",
            "id": "WUcy98hxjvmASj9TjrLpy",
            "flavour": "affine:paragraph",
            "version": 1,
            "props": {
              "type": "h2",
              "text": {
                "$blocksuite:internal:text$": true,
                "delta": [
                  {
                    "insert": "5. Inspiration and Theme"
                  }
                ]
              }
            },
            "children": []
          },
          {
            "type": "block",
            "id": "W6ntk-CCXf1UijWwrhNHl",
            "flavour": "affine:paragraph",
            "version": 1,
            "props": {
              "type": "h3",
              "text": {
                "$blocksuite:internal:text$": true,
                "delta": [
                  {
                    "insert": "5.1. Color Scheme"
                  }
                ]
              }
            },
            "children": []
          },
          {
            "type": "block",
            "id": "pDy8Hm0r1WNaJrPknYTsG",
            "flavour": "affine:list",
            "version": 1,
            "props": {
              "type": "bulleted",
              "text": {
                "$blocksuite:internal:text$": true,
                "delta": [
                  {
                    "insert": "Primary Colors: [Insert Colors]"
                  }
                ]
              },
              "checked": false,
              "collapsed": false,
              "order": null
            },
            "children": []
          },
          {
            "type": "block",
            "id": "gzHne59_vUoJBGJcX1aJe",
            "flavour": "affine:list",
            "version": 1,
            "props": {
              "type": "bulleted",
              "text": {
                "$blocksuite:internal:text$": true,
                "delta": [
                  {
                    "insert": "Accent Colors: [Insert Accent Colors]"
                  }
                ]
              },
              "checked": false,
              "collapsed": false,
              "order": null
            },
            "children": []
          },
          {
            "type": "block",
            "id": "raRpISOm6Pycl2TKJrn1_",
            "flavour": "affine:paragraph",
            "version": 1,
            "props": {
              "type": "h3",
              "text": {
                "$blocksuite:internal:text$": true,
                "delta": [
                  {
                    "insert": "5.2. Theme and Decor Ideas"
                  }
                ]
              }
            },
            "children": []
          },
          {
            "type": "block",
            "id": "oKVipjSDT21vmWFHwMbHa",
            "flavour": "affine:list",
            "version": 1,
            "props": {
              "type": "bulleted",
              "text": {
                "$blocksuite:internal:text$": true,
                "delta": [
                  {
                    "insert": "Theme Inspiration: [Insert Theme]"
                  }
                ]
              },
              "checked": false,
              "collapsed": false,
              "order": null
            },
            "children": []
          },
          {
            "type": "block",
            "id": "_2poIdFVH7uOzKJB81Bhf",
            "flavour": "affine:list",
            "version": 1,
            "props": {
              "type": "bulleted",
              "text": {
                "$blocksuite:internal:text$": true,
                "delta": [
                  {
                    "insert": "Floral Arrangements: [Insert Floral Ideas]"
                  }
                ]
              },
              "checked": false,
              "collapsed": false,
              "order": null
            },
            "children": []
          },
          {
            "type": "block",
            "id": "32S0WrK480yV7X3lhYc0_",
            "flavour": "affine:list",
            "version": 1,
            "props": {
              "type": "bulleted",
              "text": {
                "$blocksuite:internal:text$": true,
                "delta": [
                  {
                    "insert": "Decorations: [Insert Decoration Ideas]"
                  }
                ]
              },
              "checked": false,
              "collapsed": false,
              "order": null
            },
            "children": []
          },
          {
            "type": "block",
            "id": "VpGNu49UL8CPph2IlOjYu",
            "flavour": "affine:divider",
            "version": 1,
            "props": {},
            "children": []
          },
          {
            "type": "block",
            "id": "alBnr7n32mT2zyz2CF-Us",
            "flavour": "affine:paragraph",
            "version": 1,
            "props": {
              "type": "h2",
              "text": {
                "$blocksuite:internal:text$": true,
                "delta": [
                  {
                    "insert": "6. Checklist and To-Dos"
                  }
                ]
              }
            },
            "children": []
          },
          {
            "type": "block",
            "id": "UzsSeQXWRTWAk45Bv0l_a",
            "flavour": "affine:database",
            "version": 3,
            "props": {
              "views": [
                {
                  "id": "6Yh92gN22O",
                  "name": "Table View",
                  "mode": "table",
                  "columns": [],
                  "filter": {
                    "type": "group",
                    "op": "and",
                    "conditions": []
                  },
                  "header": {
                    "titleColumn": "1POAKN6LY4",
                    "iconColumn": "type"
                  }
                }
              ],
              "title": {
                "$blocksuite:internal:text$": true,
                "delta": []
              },
              "cells": {
                "MZCUIVT3Lxi2HKmNuP_YR": {
                  "YyYfV7JS1H": {
                    "columnId": "YyYfV7JS1H",
                    "value": {
                      "$blocksuite:internal:text$": true,
                      "delta": [
                        {
                          "insert": "[Insert Date]"
                        }
                      ]
                    }
                  },
                  "Jh9FxUVXuZ": {
                    "columnId": "Jh9FxUVXuZ",
                    "value": {
                      "$blocksuite:internal:text$": true,
                      "delta": [
                        {
                          "insert": "[Status]"
                        }
                      ]
                    }
                  }
                },
                "fPt6zcOzNkQBVPoiVd4To": {
                  "YyYfV7JS1H": {
                    "columnId": "YyYfV7JS1H",
                    "value": {
                      "$blocksuite:internal:text$": true,
                      "delta": [
                        {
                          "insert": "[Insert Date]"
                        }
                      ]
                    }
                  },
                  "Jh9FxUVXuZ": {
                    "columnId": "Jh9FxUVXuZ",
                    "value": {
                      "$blocksuite:internal:text$": true,
                      "delta": [
                        {
                          "insert": "[Status]"
                        }
                      ]
                    }
                  }
                },
                "jhANJcDmrybrV6pp-P9I-": {
                  "YyYfV7JS1H": {
                    "columnId": "YyYfV7JS1H",
                    "value": {
                      "$blocksuite:internal:text$": true,
                      "delta": [
                        {
                          "insert": "[Insert Date]"
                        }
                      ]
                    }
                  },
                  "Jh9FxUVXuZ": {
                    "columnId": "Jh9FxUVXuZ",
                    "value": {
                      "$blocksuite:internal:text$": true,
                      "delta": [
                        {
                          "insert": "[Status]"
                        }
                      ]
                    }
                  }
                }
              },
              "columns": [
                {
                  "type": "title",
                  "name": "Task",
                  "data": {},
                  "id": "1POAKN6LY4"
                },
                {
                  "type": "rich-text",
                  "name": "Due Date",
                  "data": {},
                  "id": "YyYfV7JS1H"
                },
                {
                  "type": "rich-text",
                  "name": "Status (Not Started/In Progress/Complete)",
                  "data": {},
                  "id": "Jh9FxUVXuZ"
                }
              ]
            },
            "children": [
              {
                "type": "block",
                "id": "MZCUIVT3Lxi2HKmNuP_YR",
                "flavour": "affine:paragraph",
                "version": 1,
                "props": {
                  "type": "text",
                  "text": {
                    "$blocksuite:internal:text$": true,
                    "delta": [
                      {
                        "insert": "Book Venue"
                      }
                    ]
                  }
                },
                "children": []
              },
              {
                "type": "block",
                "id": "fPt6zcOzNkQBVPoiVd4To",
                "flavour": "affine:paragraph",
                "version": 1,
                "props": {
                  "type": "text",
                  "text": {
                    "$blocksuite:internal:text$": true,
                    "delta": [
                      {
                        "insert": "Send Invitations"
                      }
                    ]
                  }
                },
                "children": []
              },
              {
                "type": "block",
                "id": "jhANJcDmrybrV6pp-P9I-",
                "flavour": "affine:paragraph",
                "version": 1,
                "props": {
                  "type": "text",
                  "text": {
                    "$blocksuite:internal:text$": true,
                    "delta": [
                      {
                        "insert": "Order Cake"
                      }
                    ]
                  }
                },
                "children": []
              }
            ]
          },
          {
            "type": "block",
            "id": "GAWws4ovTpDC9FLPuK955",
            "flavour": "affine:divider",
            "version": 1,
            "props": {},
            "children": []
          },
          {
            "type": "block",
            "id": "7r7d-q5IyGmyh4xPX6T0F",
            "flavour": "affine:paragraph",
            "version": 1,
            "props": {
              "type": "h2",
              "text": {
                "$blocksuite:internal:text$": true,
                "delta": [
                  {
                    "insert": "7. Honeymoon Planning"
                  }
                ]
              }
            },
            "children": []
          },
          {
            "type": "block",
            "id": "6jsLe0yLpvBxaounghHOX",
            "flavour": "affine:database",
            "version": 3,
            "props": {
              "views": [
                {
                  "id": "pF2lsMX3S1",
                  "name": "Table View",
                  "mode": "table",
                  "columns": [],
                  "filter": {
                    "type": "group",
                    "op": "and",
                    "conditions": []
                  },
                  "header": {
                    "titleColumn": "wmGderaNjG",
                    "iconColumn": "type"
                  }
                }
              ],
              "title": {
                "$blocksuite:internal:text$": true,
                "delta": []
              },
              "cells": {
                "52KR1tbwi0KoV6Uji-Mgg": {
                  "zH4q93JItp": {
                    "columnId": "zH4q93JItp",
                    "value": {
                      "$blocksuite:internal:text$": true,
                      "delta": [
                        {
                          "insert": "[Insert Budget]"
                        }
                      ]
                    }
                  },
                  "JF1Vj9GC0_": {
                    "columnId": "JF1Vj9GC0_",
                    "value": {
                      "$blocksuite:internal:text$": true,
                      "delta": [
                        {
                          "insert": "[Yes/No]"
                        }
                      ]
                    }
                  },
                  "3GnUFhQmPP": {
                    "columnId": "3GnUFhQmPP",
                    "value": {
                      "$blocksuite:internal:text$": true,
                      "delta": [
                        {
                          "insert": "[Insert Notes]"
                        }
                      ]
                    }
                  }
                }
              },
              "columns": [
                {
                  "type": "title",
                  "name": "Destination",
                  "data": {},
                  "id": "wmGderaNjG"
                },
                {
                  "type": "rich-text",
                  "name": "Budget",
                  "data": {},
                  "id": "zH4q93JItp"
                },
                {
                  "type": "rich-text",
                  "name": "Booked (Yes/No)",
                  "data": {},
                  "id": "JF1Vj9GC0_"
                },
                {
                  "type": "rich-text",
                  "name": "Notes",
                  "data": {},
                  "id": "3GnUFhQmPP"
                }
              ]
            },
            "children": [
              {
                "type": "block",
                "id": "52KR1tbwi0KoV6Uji-Mgg",
                "flavour": "affine:paragraph",
                "version": 1,
                "props": {
                  "type": "text",
                  "text": {
                    "$blocksuite:internal:text$": true,
                    "delta": [
                      {
                        "insert": "[Insert Location]"
                      }
                    ]
                  }
                },
                "children": []
              }
            ]
          },
          {
            "type": "block",
            "id": "iIlvcelyXbmtviBJz8Wsb",
            "flavour": "affine:divider",
            "version": 1,
            "props": {},
            "children": []
          },
          {
            "type": "block",
            "id": "qSfUJjuc8wcpCKL1_hSz2",
            "flavour": "affine:paragraph",
            "version": 1,
            "props": {
              "type": "h2",
              "text": {
                "$blocksuite:internal:text$": true,
                "delta": [
                  {
                    "insert": "8. Notes"
                  }
                ]
              }
            },
            "children": []
          },
          {
            "type": "block",
            "id": "Ca_izOtCw_e3_zlftH__u",
            "flavour": "affine:list",
            "version": 1,
            "props": {
              "type": "bulleted",
              "text": {
                "$blocksuite:internal:text$": true,
                "delta": [
                  {
                    "insert": "Use this section to write down additional thoughts or last-minute details."
                  }
                ]
              },
              "checked": false,
              "collapsed": false,
              "order": null
            },
            "children": []
          },
          {
            "type": "block",
            "id": "KPcQpR_XvBH1eTjZ6GNwH",
            "flavour": "affine:divider",
            "version": 1,
            "props": {},
            "children": []
          }
        ]
      }
    ]
  }
}