{
  "type": "page",
  "meta": {
    "id": "OaJKRp2TvN5ivPvgjntgA",
    "title": "College Planner",
    "createDate": 1728132030503,
    "tags": []
  },
  "blocks": {
    "type": "block",
    "id": "BdqDq-5-nYUVc1lCMGY5m",
    "flavour": "affine:page",
    "version": 2,
    "props": {
      "title": {
        "$blocksuite:internal:text$": true,
        "delta": [
          {
            "insert": "College Planner"
          }
        ]
      }
    },
    "children": [
      {
        "type": "block",
        "id": "TAzYMsLI61gcX9jPVAjsR",
        "flavour": "affine:surface",
        "version": 5,
        "props": {
          "elements": {}
        },
        "children": []
      },
      {
        "type": "block",
        "id": "sL_cW7a7Mzi8Rfd08Qv9O",
        "flavour": "affine:note",
        "version": 1,
        "props": {
          "xywh": "[0,0,800,95]",
          "background": "--affine-note-background-white",
          "index": "a0",
          "hidden": false,
          "displayMode": "both",
          "edgeless": {
            "style": {
              "borderRadius": 8,
              "borderSize": 4,
              "borderStyle": "none",
              "shadowType": "--affine-note-shadow-box"
            }
          }
        },
        "children": [
          {
            "type": "block",
            "id": "ny8PPfUI7R9Bpb6kuPykY",
            "flavour": "affine:paragraph",
            "version": 1,
            "props": {
              "type": "h2",
              "text": {
                "$blocksuite:internal:text$": true,
                "delta": [
                  {
                    "insert": "Semester: [Enter Semester (Fall/Spring/Summer)]"
                  }
                ]
              }
            },
            "children": []
          },
          {
            "type": "block",
            "id": "zqghWhwx8xZnaz2dNmFge",
            "flavour": "affine:divider",
            "version": 1,
            "props": {},
            "children": []
          },
          {
            "type": "block",
            "id": "Uu3VhVnRK8rDiXi4m9A7L",
            "flavour": "affine:paragraph",
            "version": 1,
            "props": {
              "type": "h2",
              "text": {
                "$blocksuite:internal:text$": true,
                "delta": [
                  {
                    "insert": "Semester Overview"
                  }
                ]
              }
            },
            "children": []
          },
          {
            "type": "block",
            "id": "Qe3CZg8_JDkkF7aduYXUh",
            "flavour": "affine:paragraph",
            "version": 1,
            "props": {
              "type": "h3",
              "text": {
                "$blocksuite:internal:text$": true,
                "delta": [
                  {
                    "insert": "Courses and Major Deadlines"
                  }
                ]
              }
            },
            "children": []
          },
          {
            "type": "block",
            "id": "iDc0Lh7XMu9dsaAzlHDKB",
            "flavour": "affine:database",
            "version": 3,
            "props": {
              "views": [
                {
                  "id": "qP8LlYBwxp",
                  "name": "Table View",
                  "mode": "table",
                  "columns": [],
                  "filter": {
                    "type": "group",
                    "op": "and",
                    "conditions": []
                  },
                  "header": {
                    "titleColumn": "z9jFg--ZhB",
                    "iconColumn": "type"
                  }
                }
              ],
              "title": {
                "$blocksuite:internal:text$": true,
                "delta": []
              },
              "cells": {
                "3mInyAZ8L9iIZsNoE6xpF": {
                  "Lga5Eg67Nk": {
                    "columnId": "Lga5Eg67Nk",
                    "value": {
                      "$blocksuite:internal:text$": true,
                      "delta": []
                    }
                  },
                  "RK8HSMVQsQ": {
                    "columnId": "RK8HSMVQsQ",
                    "value": {
                      "$blocksuite:internal:text$": true,
                      "delta": []
                    }
                  },
                  "C3HRvohU2e": {
                    "columnId": "C3HRvohU2e",
                    "value": {
                      "$blocksuite:internal:text$": true,
                      "delta": []
                    }
                  }
                },
                "EQaz4gQtrByAjhx7MCPs6": {
                  "Lga5Eg67Nk": {
                    "columnId": "Lga5Eg67Nk",
                    "value": {
                      "$blocksuite:internal:text$": true,
                      "delta": []
                    }
                  },
                  "RK8HSMVQsQ": {
                    "columnId": "RK8HSMVQsQ",
                    "value": {
                      "$blocksuite:internal:text$": true,
                      "delta": []
                    }
                  },
                  "C3HRvohU2e": {
                    "columnId": "C3HRvohU2e",
                    "value": {
                      "$blocksuite:internal:text$": true,
                      "delta": []
                    }
                  }
                },
                "o1Ho9c4pCNhCf2XMTk6Lr": {
                  "Lga5Eg67Nk": {
                    "columnId": "Lga5Eg67Nk",
                    "value": {
                      "$blocksuite:internal:text$": true,
                      "delta": []
                    }
                  },
                  "RK8HSMVQsQ": {
                    "columnId": "RK8HSMVQsQ",
                    "value": {
                      "$blocksuite:internal:text$": true,
                      "delta": []
                    }
                  },
                  "C3HRvohU2e": {
                    "columnId": "C3HRvohU2e",
                    "value": {
                      "$blocksuite:internal:text$": true,
                      "delta": []
                    }
                  }
                },
                "zmGrKXzPtyOFejujGqWnS": {
                  "Lga5Eg67Nk": {
                    "columnId": "Lga5Eg67Nk",
                    "value": {
                      "$blocksuite:internal:text$": true,
                      "delta": []
                    }
                  },
                  "RK8HSMVQsQ": {
                    "columnId": "RK8HSMVQsQ",
                    "value": {
                      "$blocksuite:internal:text$": true,
                      "delta": []
                    }
                  },
                  "C3HRvohU2e": {
                    "columnId": "C3HRvohU2e",
                    "value": {
                      "$blocksuite:internal:text$": true,
                      "delta": []
                    }
                  }
                },
                "wQ4DZvebjrwtJGhyu9B3t": {
                  "Lga5Eg67Nk": {
                    "columnId": "Lga5Eg67Nk",
                    "value": {
                      "$blocksuite:internal:text$": true,
                      "delta": []
                    }
                  },
                  "RK8HSMVQsQ": {
                    "columnId": "RK8HSMVQsQ",
                    "value": {
                      "$blocksuite:internal:text$": true,
                      "delta": []
                    }
                  },
                  "C3HRvohU2e": {
                    "columnId": "C3HRvohU2e",
                    "value": {
                      "$blocksuite:internal:text$": true,
                      "delta": []
                    }
                  }
                }
              },
              "columns": [
                {
                  "type": "title",
                  "name": "Course",
                  "data": {},
                  "id": "z9jFg--ZhB"
                },
                {
                  "type": "rich-text",
                  "name": "Assignment/Exam/Project",
                  "data": {},
                  "id": "Lga5Eg67Nk"
                },
                {
                  "type": "rich-text",
                  "name": "Due Date",
                  "data": {},
                  "id": "RK8HSMVQsQ"
                },
                {
                  "type": "rich-text",
                  "name": "Priority (High/Medium/Low)",
                  "data": {},
                  "id": "C3HRvohU2e"
                }
              ]
            },
            "children": [
              {
                "type": "block",
                "id": "3mInyAZ8L9iIZsNoE6xpF",
                "flavour": "affine:paragraph",
                "version": 1,
                "props": {
                  "type": "text",
                  "text": {
                    "$blocksuite:internal:text$": true,
                    "delta": [
                      {
                        "insert": "Course 1"
                      }
                    ]
                  }
                },
                "children": []
              },
              {
                "type": "block",
                "id": "EQaz4gQtrByAjhx7MCPs6",
                "flavour": "affine:paragraph",
                "version": 1,
                "props": {
                  "type": "text",
                  "text": {
                    "$blocksuite:internal:text$": true,
                    "delta": [
                      {
                        "insert": "Course 2"
                      }
                    ]
                  }
                },
                "children": []
              },
              {
                "type": "block",
                "id": "o1Ho9c4pCNhCf2XMTk6Lr",
                "flavour": "affine:paragraph",
                "version": 1,
                "props": {
                  "type": "text",
                  "text": {
                    "$blocksuite:internal:text$": true,
                    "delta": [
                      {
                        "insert": "Course 3"
                      }
                    ]
                  }
                },
                "children": []
              },
              {
                "type": "block",
                "id": "zmGrKXzPtyOFejujGqWnS",
                "flavour": "affine:paragraph",
                "version": 1,
                "props": {
                  "type": "text",
                  "text": {
                    "$blocksuite:internal:text$": true,
                    "delta": [
                      {
                        "insert": "Course 4"
                      }
                    ]
                  }
                },
                "children": []
              },
              {
                "type": "block",
                "id": "wQ4DZvebjrwtJGhyu9B3t",
                "flavour": "affine:paragraph",
                "version": 1,
                "props": {
                  "type": "text",
                  "text": {
                    "$blocksuite:internal:text$": true,
                    "delta": [
                      {
                        "insert": "Course 5"
                      }
                    ]
                  }
                },
                "children": []
              }
            ]
          },
          {
            "type": "block",
            "id": "2Iua2R7Vor7NnUxBmPjKa",
            "flavour": "affine:divider",
            "version": 1,
            "props": {},
            "children": []
          },
          {
            "type": "block",
            "id": "pVTtWP_DppdH6A1TR61UR",
            "flavour": "affine:paragraph",
            "version": 1,
            "props": {
              "type": "h2",
              "text": {
                "$blocksuite:internal:text$": true,
                "delta": [
                  {
                    "insert": "Weekly Schedule (Week of: [Enter Week Dates])"
                  }
                ]
              }
            },
            "children": []
          },
          {
            "type": "block",
            "id": "_pJ0ZFzvc3F1semnxrYZi",
            "flavour": "affine:paragraph",
            "version": 1,
            "props": {
              "type": "h3",
              "text": {
                "$blocksuite:internal:text$": true,
                "delta": [
                  {
                    "insert": "Monday"
                  }
                ]
              }
            },
            "children": []
          },
          {
            "type": "block",
            "id": "YOHsdScRU93RxH8rWrnAe",
            "flavour": "affine:list",
            "version": 1,
            "props": {
              "type": "bulleted",
              "text": {
                "$blocksuite:internal:text$": true,
                "delta": [
                  {
                    "insert": "Class",
                    "attributes": {
                      "bold": true
                    }
                  },
                  {
                    "insert": ":"
                  }
                ]
              },
              "checked": false,
              "collapsed": false,
              "order": null
            },
            "children": [
              {
                "type": "block",
                "id": "RQuJswftWC1lXzM6_gEUN",
                "flavour": "affine:list",
                "version": 1,
                "props": {
                  "type": "bulleted",
                  "text": {
                    "$blocksuite:internal:text$": true,
                    "delta": [
                      {
                        "insert": "Time:"
                      }
                    ]
                  },
                  "checked": false,
                  "collapsed": false,
                  "order": null
                },
                "children": []
              },
              {
                "type": "block",
                "id": "rMOIFJspEmTuMNMlItny_",
                "flavour": "affine:list",
                "version": 1,
                "props": {
                  "type": "bulleted",
                  "text": {
                    "$blocksuite:internal:text$": true,
                    "delta": [
                      {
                        "insert": "Location:"
                      }
                    ]
                  },
                  "checked": false,
                  "collapsed": false,
                  "order": null
                },
                "children": []
              }
            ]
          },
          {
            "type": "block",
            "id": "CUrFgsqydUB4g4Tm14AkE",
            "flavour": "affine:list",
            "version": 1,
            "props": {
              "type": "bulleted",
              "text": {
                "$blocksuite:internal:text$": true,
                "delta": [
                  {
                    "insert": "Study Session",
                    "attributes": {
                      "bold": true
                    }
                  },
                  {
                    "insert": ":"
                  }
                ]
              },
              "checked": false,
              "collapsed": false,
              "order": null
            },
            "children": [
              {
                "type": "block",
                "id": "EPM27ZM1IA7SUw29sxWpW",
                "flavour": "affine:list",
                "version": 1,
                "props": {
                  "type": "bulleted",
                  "text": {
                    "$blocksuite:internal:text$": true,
                    "delta": [
                      {
                        "insert": "Subject:"
                      }
                    ]
                  },
                  "checked": false,
                  "collapsed": false,
                  "order": null
                },
                "children": []
              },
              {
                "type": "block",
                "id": "jMdaAaieQ2PA-LLOGwaVM",
                "flavour": "affine:list",
                "version": 1,
                "props": {
                  "type": "bulleted",
                  "text": {
                    "$blocksuite:internal:text$": true,
                    "delta": [
                      {
                        "insert": "Duration:"
                      }
                    ]
                  },
                  "checked": false,
                  "collapsed": false,
                  "order": null
                },
                "children": []
              }
            ]
          },
          {
            "type": "block",
            "id": "Mvi-TER_NxkUtC28tDs9R",
            "flavour": "affine:paragraph",
            "version": 1,
            "props": {
              "type": "h3",
              "text": {
                "$blocksuite:internal:text$": true,
                "delta": [
                  {
                    "insert": "Tuesday"
                  }
                ]
              }
            },
            "children": []
          },
          {
            "type": "block",
            "id": "MDjqZbAASkX3hqPNXeiJj",
            "flavour": "affine:list",
            "version": 1,
            "props": {
              "type": "bulleted",
              "text": {
                "$blocksuite:internal:text$": true,
                "delta": [
                  {
                    "insert": "Class",
                    "attributes": {
                      "bold": true
                    }
                  },
                  {
                    "insert": ":"
                  }
                ]
              },
              "checked": false,
              "collapsed": false,
              "order": null
            },
            "children": [
              {
                "type": "block",
                "id": "dr2G6aIOJGuqISuBrbxYM",
                "flavour": "affine:list",
                "version": 1,
                "props": {
                  "type": "bulleted",
                  "text": {
                    "$blocksuite:internal:text$": true,
                    "delta": [
                      {
                        "insert": "Time:"
                      }
                    ]
                  },
                  "checked": false,
                  "collapsed": false,
                  "order": null
                },
                "children": []
              },
              {
                "type": "block",
                "id": "uGuZPWpPRqbq0kAPumC9H",
                "flavour": "affine:list",
                "version": 1,
                "props": {
                  "type": "bulleted",
                  "text": {
                    "$blocksuite:internal:text$": true,
                    "delta": [
                      {
                        "insert": "Location:"
                      }
                    ]
                  },
                  "checked": false,
                  "collapsed": false,
                  "order": null
                },
                "children": []
              }
            ]
          },
          {
            "type": "block",
            "id": "dkpqJingDclMVzSvjHfr_",
            "flavour": "affine:list",
            "version": 1,
            "props": {
              "type": "bulleted",
              "text": {
                "$blocksuite:internal:text$": true,
                "delta": [
                  {
                    "insert": "Study Session",
                    "attributes": {
                      "bold": true
                    }
                  },
                  {
                    "insert": ":"
                  }
                ]
              },
              "checked": false,
              "collapsed": false,
              "order": null
            },
            "children": [
              {
                "type": "block",
                "id": "Ub1H5qYsLal1nlH_Wip71",
                "flavour": "affine:list",
                "version": 1,
                "props": {
                  "type": "bulleted",
                  "text": {
                    "$blocksuite:internal:text$": true,
                    "delta": [
                      {
                        "insert": "Subject:"
                      }
                    ]
                  },
                  "checked": false,
                  "collapsed": false,
                  "order": null
                },
                "children": []
              },
              {
                "type": "block",
                "id": "6--6umtmBfQ_L4uH20h2h",
                "flavour": "affine:list",
                "version": 1,
                "props": {
                  "type": "bulleted",
                  "text": {
                    "$blocksuite:internal:text$": true,
                    "delta": [
                      {
                        "insert": "Duration:"
                      }
                    ]
                  },
                  "checked": false,
                  "collapsed": false,
                  "order": null
                },
                "children": []
              }
            ]
          },
          {
            "type": "block",
            "id": "loXxIuhRqwwRW2hIgOfaS",
            "flavour": "affine:paragraph",
            "version": 1,
            "props": {
              "type": "h3",
              "text": {
                "$blocksuite:internal:text$": true,
                "delta": [
                  {
                    "insert": "Wednesday"
                  }
                ]
              }
            },
            "children": []
          },
          {
            "type": "block",
            "id": "nXNHxKGCMqAOGaD5qtUBY",
            "flavour": "affine:list",
            "version": 1,
            "props": {
              "type": "bulleted",
              "text": {
                "$blocksuite:internal:text$": true,
                "delta": [
                  {
                    "insert": "Class",
                    "attributes": {
                      "bold": true
                    }
                  },
                  {
                    "insert": ":"
                  }
                ]
              },
              "checked": false,
              "collapsed": false,
              "order": null
            },
            "children": [
              {
                "type": "block",
                "id": "pJB_NwhL-PY2MDFsdG4d7",
                "flavour": "affine:list",
                "version": 1,
                "props": {
                  "type": "bulleted",
                  "text": {
                    "$blocksuite:internal:text$": true,
                    "delta": [
                      {
                        "insert": "Time:"
                      }
                    ]
                  },
                  "checked": false,
                  "collapsed": false,
                  "order": null
                },
                "children": []
              },
              {
                "type": "block",
                "id": "jc0YqwTgjNL0C6sQEzENK",
                "flavour": "affine:list",
                "version": 1,
                "props": {
                  "type": "bulleted",
                  "text": {
                    "$blocksuite:internal:text$": true,
                    "delta": [
                      {
                        "insert": "Location:"
                      }
                    ]
                  },
                  "checked": false,
                  "collapsed": false,
                  "order": null
                },
                "children": []
              }
            ]
          },
          {
            "type": "block",
            "id": "dfXKryJmtW8OTQjuDVxx8",
            "flavour": "affine:list",
            "version": 1,
            "props": {
              "type": "bulleted",
              "text": {
                "$blocksuite:internal:text$": true,
                "delta": [
                  {
                    "insert": "Study Session",
                    "attributes": {
                      "bold": true
                    }
                  },
                  {
                    "insert": ":"
                  }
                ]
              },
              "checked": false,
              "collapsed": false,
              "order": null
            },
            "children": [
              {
                "type": "block",
                "id": "vcn8Fw8Qk66N5i7paubpI",
                "flavour": "affine:list",
                "version": 1,
                "props": {
                  "type": "bulleted",
                  "text": {
                    "$blocksuite:internal:text$": true,
                    "delta": [
                      {
                        "insert": "Subject:"
                      }
                    ]
                  },
                  "checked": false,
                  "collapsed": false,
                  "order": null
                },
                "children": []
              },
              {
                "type": "block",
                "id": "IEg0-fLXWU9aVMjnS-HlW",
                "flavour": "affine:list",
                "version": 1,
                "props": {
                  "type": "bulleted",
                  "text": {
                    "$blocksuite:internal:text$": true,
                    "delta": [
                      {
                        "insert": "Duration:"
                      }
                    ]
                  },
                  "checked": false,
                  "collapsed": false,
                  "order": null
                },
                "children": []
              }
            ]
          },
          {
            "type": "block",
            "id": "1EgTf5ef1swlsi8i8XPw5",
            "flavour": "affine:paragraph",
            "version": 1,
            "props": {
              "type": "h3",
              "text": {
                "$blocksuite:internal:text$": true,
                "delta": [
                  {
                    "insert": "Thursday"
                  }
                ]
              }
            },
            "children": []
          },
          {
            "type": "block",
            "id": "fgNHh0ySLBzHnUR5Htrj1",
            "flavour": "affine:list",
            "version": 1,
            "props": {
              "type": "bulleted",
              "text": {
                "$blocksuite:internal:text$": true,
                "delta": [
                  {
                    "insert": "Class",
                    "attributes": {
                      "bold": true
                    }
                  },
                  {
                    "insert": ":"
                  }
                ]
              },
              "checked": false,
              "collapsed": false,
              "order": null
            },
            "children": [
              {
                "type": "block",
                "id": "oM90l1L0yLmr0sxqqX6MQ",
                "flavour": "affine:list",
                "version": 1,
                "props": {
                  "type": "bulleted",
                  "text": {
                    "$blocksuite:internal:text$": true,
                    "delta": [
                      {
                        "insert": "Time:"
                      }
                    ]
                  },
                  "checked": false,
                  "collapsed": false,
                  "order": null
                },
                "children": []
              },
              {
                "type": "block",
                "id": "tVU48ZgajmQ5c2CTc98lR",
                "flavour": "affine:list",
                "version": 1,
                "props": {
                  "type": "bulleted",
                  "text": {
                    "$blocksuite:internal:text$": true,
                    "delta": [
                      {
                        "insert": "Location:"
                      }
                    ]
                  },
                  "checked": false,
                  "collapsed": false,
                  "order": null
                },
                "children": []
              }
            ]
          },
          {
            "type": "block",
            "id": "0k62Cd8xiLlFzd2iHz41G",
            "flavour": "affine:list",
            "version": 1,
            "props": {
              "type": "bulleted",
              "text": {
                "$blocksuite:internal:text$": true,
                "delta": [
                  {
                    "insert": "Study Session",
                    "attributes": {
                      "bold": true
                    }
                  },
                  {
                    "insert": ":"
                  }
                ]
              },
              "checked": false,
              "collapsed": false,
              "order": null
            },
            "children": [
              {
                "type": "block",
                "id": "K5zt3vJcJOjpIjlD-u7Qb",
                "flavour": "affine:list",
                "version": 1,
                "props": {
                  "type": "bulleted",
                  "text": {
                    "$blocksuite:internal:text$": true,
                    "delta": [
                      {
                        "insert": "Subject:"
                      }
                    ]
                  },
                  "checked": false,
                  "collapsed": false,
                  "order": null
                },
                "children": []
              },
              {
                "type": "block",
                "id": "BHWuPnGKaW1L_G4PUlf_w",
                "flavour": "affine:list",
                "version": 1,
                "props": {
                  "type": "bulleted",
                  "text": {
                    "$blocksuite:internal:text$": true,
                    "delta": [
                      {
                        "insert": "Duration:"
                      }
                    ]
                  },
                  "checked": false,
                  "collapsed": false,
                  "order": null
                },
                "children": []
              }
            ]
          },
          {
            "type": "block",
            "id": "DgFIMm_tHojef-p1SZ60D",
            "flavour": "affine:paragraph",
            "version": 1,
            "props": {
              "type": "h3",
              "text": {
                "$blocksuite:internal:text$": true,
                "delta": [
                  {
                    "insert": "Friday"
                  }
                ]
              }
            },
            "children": []
          },
          {
            "type": "block",
            "id": "fhI2kLMPLp8fClgqLv-BX",
            "flavour": "affine:list",
            "version": 1,
            "props": {
              "type": "bulleted",
              "text": {
                "$blocksuite:internal:text$": true,
                "delta": [
                  {
                    "insert": "Class",
                    "attributes": {
                      "bold": true
                    }
                  },
                  {
                    "insert": ":"
                  }
                ]
              },
              "checked": false,
              "collapsed": false,
              "order": null
            },
            "children": [
              {
                "type": "block",
                "id": "3CO99EqUSsDi98Z8YQU8W",
                "flavour": "affine:list",
                "version": 1,
                "props": {
                  "type": "bulleted",
                  "text": {
                    "$blocksuite:internal:text$": true,
                    "delta": [
                      {
                        "insert": "Time:"
                      }
                    ]
                  },
                  "checked": false,
                  "collapsed": false,
                  "order": null
                },
                "children": []
              },
              {
                "type": "block",
                "id": "J7kbxu6x6VZdm95Dc54x3",
                "flavour": "affine:list",
                "version": 1,
                "props": {
                  "type": "bulleted",
                  "text": {
                    "$blocksuite:internal:text$": true,
                    "delta": [
                      {
                        "insert": "Location:"
                      }
                    ]
                  },
                  "checked": false,
                  "collapsed": false,
                  "order": null
                },
                "children": []
              }
            ]
          },
          {
            "type": "block",
            "id": "yQCR21M_e3eHLgt5qQe6R",
            "flavour": "affine:list",
            "version": 1,
            "props": {
              "type": "bulleted",
              "text": {
                "$blocksuite:internal:text$": true,
                "delta": [
                  {
                    "insert": "Study Session",
                    "attributes": {
                      "bold": true
                    }
                  },
                  {
                    "insert": ":"
                  }
                ]
              },
              "checked": false,
              "collapsed": false,
              "order": null
            },
            "children": [
              {
                "type": "block",
                "id": "d88GUojSA2GWkBuZEcgr9",
                "flavour": "affine:list",
                "version": 1,
                "props": {
                  "type": "bulleted",
                  "text": {
                    "$blocksuite:internal:text$": true,
                    "delta": [
                      {
                        "insert": "Subject:"
                      }
                    ]
                  },
                  "checked": false,
                  "collapsed": false,
                  "order": null
                },
                "children": []
              },
              {
                "type": "block",
                "id": "9T8yA5OC-aVLeVp3aCXWy",
                "flavour": "affine:list",
                "version": 1,
                "props": {
                  "type": "bulleted",
                  "text": {
                    "$blocksuite:internal:text$": true,
                    "delta": [
                      {
                        "insert": "Duration:"
                      }
                    ]
                  },
                  "checked": false,
                  "collapsed": false,
                  "order": null
                },
                "children": []
              }
            ]
          },
          {
            "type": "block",
            "id": "nhDfVfhD7F1OP1h_yP8zL",
            "flavour": "affine:divider",
            "version": 1,
            "props": {},
            "children": []
          },
          {
            "type": "block",
            "id": "odwvwb32lSingKPPHMNQv",
            "flavour": "affine:paragraph",
            "version": 1,
            "props": {
              "type": "h2",
              "text": {
                "$blocksuite:internal:text$": true,
                "delta": [
                  {
                    "insert": "Assignment Tracker"
                  }
                ]
              }
            },
            "children": []
          },
          {
            "type": "block",
            "id": "EGs4RFE0uZn9vuIQPywtx",
            "flavour": "affine:paragraph",
            "version": 1,
            "props": {
              "type": "h3",
              "text": {
                "$blocksuite:internal:text$": true,
                "delta": [
                  {
                    "insert": "Upcoming Assignments"
                  }
                ]
              }
            },
            "children": []
          },
          {
            "type": "block",
            "id": "n5gw1iOYtjvJqdE49vPEV",
            "flavour": "affine:database",
            "version": 3,
            "props": {
              "views": [
                {
                  "id": "evMffXTHZO",
                  "name": "Table View",
                  "mode": "table",
                  "columns": [],
                  "filter": {
                    "type": "group",
                    "op": "and",
                    "conditions": []
                  },
                  "header": {
                    "titleColumn": "SnUh-JBj_K",
                    "iconColumn": "type"
                  }
                }
              ],
              "title": {
                "$blocksuite:internal:text$": true,
                "delta": []
              },
              "cells": {
                "DitlTPcrnSgjGtfckOdJw": {
                  "_K2RLi7hK0": {
                    "columnId": "_K2RLi7hK0",
                    "value": {
                      "$blocksuite:internal:text$": true,
                      "delta": []
                    }
                  },
                  "Q7oWHD5JJl": {
                    "columnId": "Q7oWHD5JJl",
                    "value": {
                      "$blocksuite:internal:text$": true,
                      "delta": []
                    }
                  },
                  "poaeQoib82": {
                    "columnId": "poaeQoib82",
                    "value": {
                      "$blocksuite:internal:text$": true,
                      "delta": []
                    }
                  }
                },
                "7NCcXwVbUbuNxr3wPXMTD": {
                  "_K2RLi7hK0": {
                    "columnId": "_K2RLi7hK0",
                    "value": {
                      "$blocksuite:internal:text$": true,
                      "delta": []
                    }
                  },
                  "Q7oWHD5JJl": {
                    "columnId": "Q7oWHD5JJl",
                    "value": {
                      "$blocksuite:internal:text$": true,
                      "delta": []
                    }
                  },
                  "poaeQoib82": {
                    "columnId": "poaeQoib82",
                    "value": {
                      "$blocksuite:internal:text$": true,
                      "delta": []
                    }
                  }
                },
                "SmGkz5tQp9x8K2W72gOt-": {
                  "_K2RLi7hK0": {
                    "columnId": "_K2RLi7hK0",
                    "value": {
                      "$blocksuite:internal:text$": true,
                      "delta": []
                    }
                  },
                  "Q7oWHD5JJl": {
                    "columnId": "Q7oWHD5JJl",
                    "value": {
                      "$blocksuite:internal:text$": true,
                      "delta": []
                    }
                  },
                  "poaeQoib82": {
                    "columnId": "poaeQoib82",
                    "value": {
                      "$blocksuite:internal:text$": true,
                      "delta": []
                    }
                  }
                },
                "x61lg7Nlozz3ILhh_RnPB": {
                  "_K2RLi7hK0": {
                    "columnId": "_K2RLi7hK0",
                    "value": {
                      "$blocksuite:internal:text$": true,
                      "delta": []
                    }
                  },
                  "Q7oWHD5JJl": {
                    "columnId": "Q7oWHD5JJl",
                    "value": {
                      "$blocksuite:internal:text$": true,
                      "delta": []
                    }
                  },
                  "poaeQoib82": {
                    "columnId": "poaeQoib82",
                    "value": {
                      "$blocksuite:internal:text$": true,
                      "delta": []
                    }
                  }
                },
                "dEzP62sSSEBu6d_KrbGqS": {
                  "_K2RLi7hK0": {
                    "columnId": "_K2RLi7hK0",
                    "value": {
                      "$blocksuite:internal:text$": true,
                      "delta": []
                    }
                  },
                  "Q7oWHD5JJl": {
                    "columnId": "Q7oWHD5JJl",
                    "value": {
                      "$blocksuite:internal:text$": true,
                      "delta": []
                    }
                  },
                  "poaeQoib82": {
                    "columnId": "poaeQoib82",
                    "value": {
                      "$blocksuite:internal:text$": true,
                      "delta": []
                    }
                  }
                }
              },
              "columns": [
                {
                  "type": "title",
                  "name": "Course",
                  "data": {},
                  "id": "SnUh-JBj_K"
                },
                {
                  "type": "rich-text",
                  "name": "Assignment",
                  "data": {},
                  "id": "_K2RLi7hK0"
                },
                {
                  "type": "rich-text",
                  "name": "Due Date",
                  "data": {},
                  "id": "Q7oWHD5JJl"
                },
                {
                  "type": "rich-text",
                  "name": "Status (Not Started/In Progress/Completed)",
                  "data": {},
                  "id": "poaeQoib82"
                }
              ]
            },
            "children": [
              {
                "type": "block",
                "id": "DitlTPcrnSgjGtfckOdJw",
                "flavour": "affine:paragraph",
                "version": 1,
                "props": {
                  "type": "text",
                  "text": {
                    "$blocksuite:internal:text$": true,
                    "delta": [
                      {
                        "insert": "Course 1"
                      }
                    ]
                  }
                },
                "children": []
              },
              {
                "type": "block",
                "id": "7NCcXwVbUbuNxr3wPXMTD",
                "flavour": "affine:paragraph",
                "version": 1,
                "props": {
                  "type": "text",
                  "text": {
                    "$blocksuite:internal:text$": true,
                    "delta": [
                      {
                        "insert": "Course 2"
                      }
                    ]
                  }
                },
                "children": []
              },
              {
                "type": "block",
                "id": "SmGkz5tQp9x8K2W72gOt-",
                "flavour": "affine:paragraph",
                "version": 1,
                "props": {
                  "type": "text",
                  "text": {
                    "$blocksuite:internal:text$": true,
                    "delta": [
                      {
                        "insert": "Course 3"
                      }
                    ]
                  }
                },
                "children": []
              },
              {
                "type": "block",
                "id": "x61lg7Nlozz3ILhh_RnPB",
                "flavour": "affine:paragraph",
                "version": 1,
                "props": {
                  "type": "text",
                  "text": {
                    "$blocksuite:internal:text$": true,
                    "delta": [
                      {
                        "insert": "Course 4"
                      }
                    ]
                  }
                },
                "children": []
              },
              {
                "type": "block",
                "id": "dEzP62sSSEBu6d_KrbGqS",
                "flavour": "affine:paragraph",
                "version": 1,
                "props": {
                  "type": "text",
                  "text": {
                    "$blocksuite:internal:text$": true,
                    "delta": [
                      {
                        "insert": "Course 5"
                      }
                    ]
                  }
                },
                "children": []
              }
            ]
          },
          {
            "type": "block",
            "id": "jbsLHD5U7TB0M7CrQXOPq",
            "flavour": "affine:divider",
            "version": 1,
            "props": {},
            "children": []
          },
          {
            "type": "block",
            "id": "eIYgg4LgTZZkxZ51DIf0R",
            "flavour": "affine:paragraph",
            "version": 1,
            "props": {
              "type": "h2",
              "text": {
                "$blocksuite:internal:text$": true,
                "delta": [
                  {
                    "insert": "Exam Preparation"
                  }
                ]
              }
            },
            "children": []
          },
          {
            "type": "block",
            "id": "5LMJ_G8FutyVyJW-7avdE",
            "flavour": "affine:paragraph",
            "version": 1,
            "props": {
              "type": "h3",
              "text": {
                "$blocksuite:internal:text$": true,
                "delta": [
                  {
                    "insert": "Exam Schedule"
                  }
                ]
              }
            },
            "children": []
          },
          {
            "type": "block",
            "id": "diLv2nPQ4AhpLY3lAUkUf",
            "flavour": "affine:database",
            "version": 3,
            "props": {
              "views": [
                {
                  "id": "nmEFG9mNmn",
                  "name": "Table View",
                  "mode": "table",
                  "columns": [],
                  "filter": {
                    "type": "group",
                    "op": "and",
                    "conditions": []
                  },
                  "header": {
                    "titleColumn": "BAdy9c7EPr",
                    "iconColumn": "type"
                  }
                }
              ],
              "title": {
                "$blocksuite:internal:text$": true,
                "delta": []
              },
              "cells": {
                "93ipVVxer72y-Wx3tXW68": {
                  "HzQygIsrW-": {
                    "columnId": "HzQygIsrW-",
                    "value": {
                      "$blocksuite:internal:text$": true,
                      "delta": []
                    }
                  },
                  "mxyzQQ6YNC": {
                    "columnId": "mxyzQQ6YNC",
                    "value": {
                      "$blocksuite:internal:text$": true,
                      "delta": []
                    }
                  },
                  "68x21CZX32": {
                    "columnId": "68x21CZX32",
                    "value": {
                      "$blocksuite:internal:text$": true,
                      "delta": []
                    }
                  }
                },
                "_l9EkD9b9paTkoTV938z6": {
                  "HzQygIsrW-": {
                    "columnId": "HzQygIsrW-",
                    "value": {
                      "$blocksuite:internal:text$": true,
                      "delta": []
                    }
                  },
                  "mxyzQQ6YNC": {
                    "columnId": "mxyzQQ6YNC",
                    "value": {
                      "$blocksuite:internal:text$": true,
                      "delta": []
                    }
                  },
                  "68x21CZX32": {
                    "columnId": "68x21CZX32",
                    "value": {
                      "$blocksuite:internal:text$": true,
                      "delta": []
                    }
                  }
                },
                "x4c0flJqUV3enxTwFr5xM": {
                  "HzQygIsrW-": {
                    "columnId": "HzQygIsrW-",
                    "value": {
                      "$blocksuite:internal:text$": true,
                      "delta": []
                    }
                  },
                  "mxyzQQ6YNC": {
                    "columnId": "mxyzQQ6YNC",
                    "value": {
                      "$blocksuite:internal:text$": true,
                      "delta": []
                    }
                  },
                  "68x21CZX32": {
                    "columnId": "68x21CZX32",
                    "value": {
                      "$blocksuite:internal:text$": true,
                      "delta": []
                    }
                  }
                },
                "SL1YCmXib9c74VdGpIx_z": {
                  "HzQygIsrW-": {
                    "columnId": "HzQygIsrW-",
                    "value": {
                      "$blocksuite:internal:text$": true,
                      "delta": []
                    }
                  },
                  "mxyzQQ6YNC": {
                    "columnId": "mxyzQQ6YNC",
                    "value": {
                      "$blocksuite:internal:text$": true,
                      "delta": []
                    }
                  },
                  "68x21CZX32": {
                    "columnId": "68x21CZX32",
                    "value": {
                      "$blocksuite:internal:text$": true,
                      "delta": []
                    }
                  }
                },
                "IPLRX4qwI_iCQBCzE_yN4": {
                  "HzQygIsrW-": {
                    "columnId": "HzQygIsrW-",
                    "value": {
                      "$blocksuite:internal:text$": true,
                      "delta": []
                    }
                  },
                  "mxyzQQ6YNC": {
                    "columnId": "mxyzQQ6YNC",
                    "value": {
                      "$blocksuite:internal:text$": true,
                      "delta": []
                    }
                  },
                  "68x21CZX32": {
                    "columnId": "68x21CZX32",
                    "value": {
                      "$blocksuite:internal:text$": true,
                      "delta": []
                    }
                  }
                }
              },
              "columns": [
                {
                  "type": "title",
                  "name": "Course",
                  "data": {},
                  "id": "BAdy9c7EPr"
                },
                {
                  "type": "rich-text",
                  "name": "Exam Date",
                  "data": {},
                  "id": "HzQygIsrW-"
                },
                {
                  "type": "rich-text",
                  "name": "Topics to Study",
                  "data": {},
                  "id": "mxyzQQ6YNC"
                },
                {
                  "type": "rich-text",
                  "name": "Priority (High/Medium/Low)",
                  "data": {},
                  "id": "68x21CZX32"
                }
              ]
            },
            "children": [
              {
                "type": "block",
                "id": "93ipVVxer72y-Wx3tXW68",
                "flavour": "affine:paragraph",
                "version": 1,
                "props": {
                  "type": "text",
                  "text": {
                    "$blocksuite:internal:text$": true,
                    "delta": [
                      {
                        "insert": "Course 1"
                      }
                    ]
                  }
                },
                "children": []
              },
              {
                "type": "block",
                "id": "_l9EkD9b9paTkoTV938z6",
                "flavour": "affine:paragraph",
                "version": 1,
                "props": {
                  "type": "text",
                  "text": {
                    "$blocksuite:internal:text$": true,
                    "delta": [
                      {
                        "insert": "Course 2"
                      }
                    ]
                  }
                },
                "children": []
              },
              {
                "type": "block",
                "id": "x4c0flJqUV3enxTwFr5xM",
                "flavour": "affine:paragraph",
                "version": 1,
                "props": {
                  "type": "text",
                  "text": {
                    "$blocksuite:internal:text$": true,
                    "delta": [
                      {
                        "insert": "Course 3"
                      }
                    ]
                  }
                },
                "children": []
              },
              {
                "type": "block",
                "id": "SL1YCmXib9c74VdGpIx_z",
                "flavour": "affine:paragraph",
                "version": 1,
                "props": {
                  "type": "text",
                  "text": {
                    "$blocksuite:internal:text$": true,
                    "delta": [
                      {
                        "insert": "Course 4"
                      }
                    ]
                  }
                },
                "children": []
              },
              {
                "type": "block",
                "id": "IPLRX4qwI_iCQBCzE_yN4",
                "flavour": "affine:paragraph",
                "version": 1,
                "props": {
                  "type": "text",
                  "text": {
                    "$blocksuite:internal:text$": true,
                    "delta": [
                      {
                        "insert": "Course 5"
                      }
                    ]
                  }
                },
                "children": []
              }
            ]
          },
          {
            "type": "block",
            "id": "JvFNxDx4HfbJaexWH2-WN",
            "flavour": "affine:paragraph",
            "version": 1,
            "props": {
              "type": "h3",
              "text": {
                "$blocksuite:internal:text$": true,
                "delta": [
                  {
                    "insert": "Study Plan for [Course Name]"
                  }
                ]
              }
            },
            "children": []
          },
          {
            "type": "block",
            "id": "xFFadiKKVUfx1Pd9bDNge",
            "flavour": "affine:list",
            "version": 1,
            "props": {
              "type": "bulleted",
              "text": {
                "$blocksuite:internal:text$": true,
                "delta": [
                  {
                    "insert": "Exam Date",
                    "attributes": {
                      "bold": true
                    }
                  },
                  {
                    "insert": ":"
                  }
                ]
              },
              "checked": false,
              "collapsed": false,
              "order": null
            },
            "children": []
          },
          {
            "type": "block",
            "id": "i10g1FEC_I9kXCAKABhqd",
            "flavour": "affine:list",
            "version": 1,
            "props": {
              "type": "bulleted",
              "text": {
                "$blocksuite:internal:text$": true,
                "delta": [
                  {
                    "insert": "Topics to Cover",
                    "attributes": {
                      "bold": true
                    }
                  },
                  {
                    "insert": ":"
                  }
                ]
              },
              "checked": false,
              "collapsed": false,
              "order": null
            },
            "children": [
              {
                "type": "block",
                "id": "uN8Hv2jalBJqW9MsbjMWA",
                "flavour": "affine:list",
                "version": 1,
                "props": {
                  "type": "todo",
                  "text": {
                    "$blocksuite:internal:text$": true,
                    "delta": [
                      {
                        "insert": "Topic 1"
                      }
                    ]
                  },
                  "checked": false,
                  "collapsed": false,
                  "order": null
                },
                "children": []
              },
              {
                "type": "block",
                "id": "kQU-HBTx7eLprRs-kpDCY",
                "flavour": "affine:list",
                "version": 1,
                "props": {
                  "type": "todo",
                  "text": {
                    "$blocksuite:internal:text$": true,
                    "delta": [
                      {
                        "insert": "Topic 2"
                      }
                    ]
                  },
                  "checked": false,
                  "collapsed": false,
                  "order": null
                },
                "children": []
              },
              {
                "type": "block",
                "id": "zEqI_soe6O6VG-0fdlujK",
                "flavour": "affine:list",
                "version": 1,
                "props": {
                  "type": "todo",
                  "text": {
                    "$blocksuite:internal:text$": true,
                    "delta": [
                      {
                        "insert": "Topic 3"
                      }
                    ]
                  },
                  "checked": false,
                  "collapsed": false,
                  "order": null
                },
                "children": []
              }
            ]
          },
          {
            "type": "block",
            "id": "q1100kfSnZEPK5-Sk081K",
            "flavour": "affine:list",
            "version": 1,
            "props": {
              "type": "bulleted",
              "text": {
                "$blocksuite:internal:text$": true,
                "delta": [
                  {
                    "insert": "Study Sessions",
                    "attributes": {
                      "bold": true
                    }
                  },
                  {
                    "insert": ":"
                  }
                ]
              },
              "checked": false,
              "collapsed": false,
              "order": null
            },
            "children": [
              {
                "type": "block",
                "id": "-GnsFybWq0c9wv8ZetD3B",
                "flavour": "affine:list",
                "version": 1,
                "props": {
                  "type": "todo",
                  "text": {
                    "$blocksuite:internal:text$": true,
                    "delta": [
                      {
                        "insert": "Session 1: [Topic/Date/Time]"
                      }
                    ]
                  },
                  "checked": false,
                  "collapsed": false,
                  "order": null
                },
                "children": []
              },
              {
                "type": "block",
                "id": "VZE7znsbcIAEsZyfhKvDh",
                "flavour": "affine:list",
                "version": 1,
                "props": {
                  "type": "todo",
                  "text": {
                    "$blocksuite:internal:text$": true,
                    "delta": [
                      {
                        "insert": "Session 2: [Topic/Date/Time]"
                      }
                    ]
                  },
                  "checked": false,
                  "collapsed": false,
                  "order": null
                },
                "children": []
              }
            ]
          },
          {
            "type": "block",
            "id": "PFY2OEpgQ49W4UH4BFaAK",
            "flavour": "affine:divider",
            "version": 1,
            "props": {},
            "children": []
          },
          {
            "type": "block",
            "id": "AQyc8EBvLgte_qch5bZ6q",
            "flavour": "affine:paragraph",
            "version": 1,
            "props": {
              "type": "h2",
              "text": {
                "$blocksuite:internal:text$": true,
                "delta": [
                  {
                    "insert": "Personal and Academic Goals"
                  }
                ]
              }
            },
            "children": []
          },
          {
            "type": "block",
            "id": "aB7XHGXMObUPS9UV7Au2R",
            "flavour": "affine:paragraph",
            "version": 1,
            "props": {
              "type": "h3",
              "text": {
                "$blocksuite:internal:text$": true,
                "delta": [
                  {
                    "insert": "Semester Goals"
                  }
                ]
              }
            },
            "children": []
          },
          {
            "type": "block",
            "id": "yNBwcTEBVv7gHt-xWllZC",
            "flavour": "affine:list",
            "version": 1,
            "props": {
              "type": "bulleted",
              "text": {
                "$blocksuite:internal:text$": true,
                "delta": [
                  {
                    "insert": "Academic Goal",
                    "attributes": {
                      "bold": true
                    }
                  },
                  {
                    "insert": ": [e.g., Achieve a GPA of 3.8 or above]"
                  }
                ]
              },
              "checked": false,
              "collapsed": false,
              "order": null
            },
            "children": [
              {
                "type": "block",
                "id": "Mi4Vp_sxcnDCRTy_fP7OJ",
                "flavour": "affine:list",
                "version": 1,
                "props": {
                  "type": "todo",
                  "text": {
                    "$blocksuite:internal:text$": true,
                    "delta": [
                      {
                        "insert": "Task 1:"
                      }
                    ]
                  },
                  "checked": false,
                  "collapsed": false,
                  "order": null
                },
                "children": []
              },
              {
                "type": "block",
                "id": "7120HsO8sbGFMEdFNwVK4",
                "flavour": "affine:list",
                "version": 1,
                "props": {
                  "type": "todo",
                  "text": {
                    "$blocksuite:internal:text$": true,
                    "delta": [
                      {
                        "insert": "Task 2:"
                      }
                    ]
                  },
                  "checked": false,
                  "collapsed": false,
                  "order": null
                },
                "children": []
              }
            ]
          },
          {
            "type": "block",
            "id": "w4oWZ_PP2LTtU2ndE4kZ1",
            "flavour": "affine:list",
            "version": 1,
            "props": {
              "type": "bulleted",
              "text": {
                "$blocksuite:internal:text$": true,
                "delta": [
                  {
                    "insert": "Personal Goal",
                    "attributes": {
                      "bold": true
                    }
                  },
                  {
                    "insert": ": [e.g., Join a new club]"
                  }
                ]
              },
              "checked": false,
              "collapsed": false,
              "order": null
            },
            "children": [
              {
                "type": "block",
                "id": "Mpz7B-r0aQiLxr9MavjhS",
                "flavour": "affine:list",
                "version": 1,
                "props": {
                  "type": "todo",
                  "text": {
                    "$blocksuite:internal:text$": true,
                    "delta": [
                      {
                        "insert": "Task 1:"
                      }
                    ]
                  },
                  "checked": false,
                  "collapsed": false,
                  "order": null
                },
                "children": []
              },
              {
                "type": "block",
                "id": "-YbIztAe5dlaLDQHVYv_U",
                "flavour": "affine:list",
                "version": 1,
                "props": {
                  "type": "todo",
                  "text": {
                    "$blocksuite:internal:text$": true,
                    "delta": [
                      {
                        "insert": "Task 2:"
                      }
                    ]
                  },
                  "checked": false,
                  "collapsed": false,
                  "order": null
                },
                "children": []
              }
            ]
          },
          {
            "type": "block",
            "id": "UO4CTnqKMlt8759cUoiCS",
            "flavour": "affine:divider",
            "version": 1,
            "props": {},
            "children": []
          },
          {
            "type": "block",
            "id": "lisA2J7ZmN9pFjE1zgJ73",
            "flavour": "affine:paragraph",
            "version": 1,
            "props": {
              "type": "h2",
              "text": {
                "$blocksuite:internal:text$": true,
                "delta": [
                  {
                    "insert": "Extracurricular Activities"
                  }
                ]
              }
            },
            "children": []
          },
          {
            "type": "block",
            "id": "zpD7s_J5a_LWMh-yvvj10",
            "flavour": "affine:list",
            "version": 1,
            "props": {
              "type": "bulleted",
              "text": {
                "$blocksuite:internal:text$": true,
                "delta": [
                  {
                    "insert": "Activity 1",
                    "attributes": {
                      "bold": true
                    }
                  },
                  {
                    "insert": ":"
                  }
                ]
              },
              "checked": false,
              "collapsed": false,
              "order": null
            },
            "children": [
              {
                "type": "block",
                "id": "40ry1uJZA3B6-3H6aCYtN",
                "flavour": "affine:list",
                "version": 1,
                "props": {
                  "type": "bulleted",
                  "text": {
                    "$blocksuite:internal:text$": true,
                    "delta": [
                      {
                        "insert": "Details:"
                      }
                    ]
                  },
                  "checked": false,
                  "collapsed": false,
                  "order": null
                },
                "children": []
              },
              {
                "type": "block",
                "id": "kxC2Y3SK4ka0d63JXMpXD",
                "flavour": "affine:list",
                "version": 1,
                "props": {
                  "type": "bulleted",
                  "text": {
                    "$blocksuite:internal:text$": true,
                    "delta": [
                      {
                        "insert": "Time Commitment:"
                      }
                    ]
                  },
                  "checked": false,
                  "collapsed": false,
                  "order": null
                },
                "children": []
              }
            ]
          },
          {
            "type": "block",
            "id": "HLo36iyRUTyUSVdCPL8DA",
            "flavour": "affine:list",
            "version": 1,
            "props": {
              "type": "bulleted",
              "text": {
                "$blocksuite:internal:text$": true,
                "delta": [
                  {
                    "insert": "Activity 2",
                    "attributes": {
                      "bold": true
                    }
                  },
                  {
                    "insert": ":"
                  }
                ]
              },
              "checked": false,
              "collapsed": false,
              "order": null
            },
            "children": [
              {
                "type": "block",
                "id": "73J028FwDVK9SLZsxHpGk",
                "flavour": "affine:list",
                "version": 1,
                "props": {
                  "type": "bulleted",
                  "text": {
                    "$blocksuite:internal:text$": true,
                    "delta": [
                      {
                        "insert": "Details:"
                      }
                    ]
                  },
                  "checked": false,
                  "collapsed": false,
                  "order": null
                },
                "children": []
              },
              {
                "type": "block",
                "id": "jXAJnNzQS_AHdTTjSqFE9",
                "flavour": "affine:list",
                "version": 1,
                "props": {
                  "type": "bulleted",
                  "text": {
                    "$blocksuite:internal:text$": true,
                    "delta": [
                      {
                        "insert": "Time Commitment:"
                      }
                    ]
                  },
                  "checked": false,
                  "collapsed": false,
                  "order": null
                },
                "children": []
              }
            ]
          },
          {
            "type": "block",
            "id": "qlKNZEODBFipiQ4lzOSao",
            "flavour": "affine:divider",
            "version": 1,
            "props": {},
            "children": []
          },
          {
            "type": "block",
            "id": "sJN0MGQRAYBYt4EwFE82S",
            "flavour": "affine:paragraph",
            "version": 1,
            "props": {
              "type": "h2",
              "text": {
                "$blocksuite:internal:text$": true,
                "delta": [
                  {
                    "insert": "Notes and Reflection"
                  }
                ]
              }
            },
            "children": []
          },
          {
            "type": "block",
            "id": "aXALM9h7JKPy08kbK8GQy",
            "flavour": "affine:list",
            "version": 1,
            "props": {
              "type": "bulleted",
              "text": {
                "$blocksuite:internal:text$": true,
                "delta": [
                  {
                    "insert": "What went well this week",
                    "attributes": {
                      "bold": true
                    }
                  },
                  {
                    "insert": ":"
                  }
                ]
              },
              "checked": false,
              "collapsed": false,
              "order": null
            },
            "children": []
          },
          {
            "type": "block",
            "id": "1NWSOgaCpWKwLHZaQVmAV",
            "flavour": "affine:list",
            "version": 1,
            "props": {
              "type": "bulleted",
              "text": {
                "$blocksuite:internal:text$": true,
                "delta": [
                  {
                    "insert": "What needs improvement",
                    "attributes": {
                      "bold": true
                    }
                  },
                  {
                    "insert": ":"
                  }
                ]
              },
              "checked": false,
              "collapsed": false,
              "order": null
            },
            "children": []
          },
          {
            "type": "block",
            "id": "pYHEhg1gNVZnEyL6Fvb9S",
            "flavour": "affine:list",
            "version": 1,
            "props": {
              "type": "bulleted",
              "text": {
                "$blocksuite:internal:text$": true,
                "delta": [
                  {
                    "insert": "Ideas for next week",
                    "attributes": {
                      "bold": true
                    }
                  },
                  {
                    "insert": ":"
                  }
                ]
              },
              "checked": false,
              "collapsed": false,
              "order": null
            },
            "children": []
          }
        ]
      }
    ]
  }
}