{
  "type": "page",
  "meta": {
    "id": "QSo8JL7GTHrBJaQbRbjoB",
    "title": "Vision Board Template 2024（Only）",
    "createDate": 1725826994178,
    "tags": []
  },
  "blocks": {
    "type": "block",
    "id": "OtTNXcfefNWeB-WtDMpiy",
    "flavour": "affine:page",
    "version": 2,
    "props": {
      "title": {
        "$blocksuite:internal:text$": true,
        "delta": [
          {
            "insert": "Vision Board Template 2024（Only）"
          }
        ]
      }
    },
    "children": [
      {
        "type": "block",
        "id": "1alhUTaCGUy6P8nCul6A9",
        "flavour": "affine:surface",
        "version": 5,
        "props": {
          "elements": {
            "qcFFFoOKWt": {
              "index": "aW",
              "seed": 81051138,
              "color": "--affine-palette-line-black",
              "fillColor": {
                "normal": "#a88460ff"
              },
              "filled": true,
              "maxWidth": false,
              "padding": [
                10,
                20
              ],
              "radius": 0,
              "rotate": 0,
              "roughness": 1.4,
              "shadow": null,
              "shapeStyle": "General",
              "shapeType": "rect",
              "strokeColor": "--affine-palette-line-white",
              "strokeStyle": "solid",
              "strokeWidth": 4,
              "textResizing": 1,
              "xywh": "[2150.885447716987,1917.0500972610898,65.10573789423798,65.10565829216694]",
              "type": "shape",
              "id": "qcFFFoOKWt"
            },
            "eowion-1Dy": {
              "index": "aX",
              "seed": 81051138,
              "color": "--affine-palette-line-black",
              "fillColor": {
                "normal": "#bb831aff"
              },
              "filled": true,
              "maxWidth": false,
              "padding": [
                10,
                20
              ],
              "radius": 0,
              "rotate": 0,
              "roughness": 1.4,
              "shadow": null,
              "shapeStyle": "General",
              "shapeType": "rect",
              "strokeColor": "--affine-palette-line-white",
              "strokeStyle": "solid",
              "strokeWidth": 4,
              "textResizing": 1,
              "xywh": "[2234.2417554383555,1917.0500972610898,65.10573789423798,65.10565829216694]",
              "type": "shape",
              "id": "eowion-1Dy"
            },
            "yAvph7QeWN": {
              "index": "aY",
              "seed": 81051138,
              "color": "--affine-palette-line-black",
              "fillColor": {
                "normal": "#52a6dcff"
              },
              "filled": true,
              "maxWidth": false,
              "padding": [
                10,
                20
              ],
              "radius": 0,
              "rotate": 0,
              "roughness": 1.4,
              "shadow": null,
              "shapeStyle": "General",
              "shapeType": "rect",
              "strokeColor": "--affine-palette-line-white",
              "strokeStyle": "solid",
              "strokeWidth": 4,
              "textResizing": 1,
              "xywh": "[2400.9543708810925,1917.0500972610898,65.10573789423798,65.10565829216694]",
              "type": "shape",
              "id": "yAvph7QeWN"
            },
            "Es3bp_iK_Q": {
              "index": "aZ",
              "seed": 81051138,
              "color": "--affine-palette-line-black",
              "fillColor": {
                "normal": "#3c9dabff"
              },
              "filled": true,
              "maxWidth": false,
              "padding": [
                10,
                20
              ],
              "radius": 0,
              "rotate": 0,
              "roughness": 1.4,
              "shadow": null,
              "shapeStyle": "General",
              "shapeType": "rect",
              "strokeColor": "--affine-palette-line-white",
              "strokeStyle": "solid",
              "strokeWidth": 4,
              "textResizing": 1,
              "xywh": "[2317.598063159724,1917.0500972610898,65.10573789423798,65.10565829216694]",
              "type": "shape",
              "id": "Es3bp_iK_Q"
            },
            "3Mhh3zCihy": {
              "index": "aa",
              "seed": 81051138,
              "color": "--affine-palette-line-black",
              "fillColor": {
                "normal": "#645799ff"
              },
              "filled": true,
              "maxWidth": false,
              "padding": [
                10,
                20
              ],
              "radius": 0,
              "rotate": 0,
              "roughness": 1.4,
              "shadow": null,
              "shapeStyle": "General",
              "shapeType": "rect",
              "strokeColor": "--affine-palette-line-white",
              "strokeStyle": "solid",
              "strokeWidth": 4,
              "textResizing": 1,
              "xywh": "[2484.3106786024614,1917.0500972610898,65.10573789423798,65.10565829216694]",
              "type": "shape",
              "id": "3Mhh3zCihy"
            }
          }
        },
        "children": [
          {
            "type": "block",
            "id": "Gvf50o5_X19Ozqgz9ilQk",
            "flavour": "affine:edgeless-text",
            "version": 1,
            "props": {
              "xywh": "[1614.2828170659845,1381.9516235381493,448.19479105489245,14.402571159773805]",
              "index": "a1",
              "color": "--affine-palette-line-black",
              "fontFamily": "blocksuite:surface:Kalam",
              "fontStyle": "normal",
              "fontWeight": "600",
              "textAlign": "center",
              "scale": 1.908439825743801,
              "rotate": 0,
              "hasMaxWidth": true
            },
            "children": [
              {
                "type": "block",
                "id": "Hl895OuOqAKbRMdF9T-VX",
                "flavour": "affine:paragraph",
                "version": 1,
                "props": {
                  "type": "text",
                  "text": {
                    "$blocksuite:internal:text$": true,
                    "delta": [
                      {
                        "insert": "Coffee"
                      }
                    ]
                  }
                },
                "children": []
              }
            ]
          },
          {
            "type": "block",
            "id": "9U48SgA6wjnC4T0UvnLuQ",
            "flavour": "affine:edgeless-text",
            "version": 1,
            "props": {
              "xywh": "[2130.490769561122,1381.9516235381493,448.34432072705704,14.402571159773805]",
              "index": "a7",
              "color": "--affine-palette-line-black",
              "fontFamily": "blocksuite:surface:Kalam",
              "fontStyle": "normal",
              "fontWeight": "600",
              "textAlign": "center",
              "scale": 1.908439825743801,
              "rotate": 0,
              "hasMaxWidth": true
            },
            "children": [
              {
                "type": "block",
                "id": "_OxFzxaKgxprGPFP6qKHF",
                "flavour": "affine:paragraph",
                "version": 1,
                "props": {
                  "type": "text",
                  "text": {
                    "$blocksuite:internal:text$": true,
                    "delta": [
                      {
                        "insert": "Puppy"
                      }
                    ]
                  }
                },
                "children": []
              }
            ]
          },
          {
            "type": "block",
            "id": "LSYzGh5aV7ZFwxJ8hVbIz",
            "flavour": "affine:edgeless-text",
            "version": 1,
            "props": {
              "xywh": "[2646.378714962848,1381.9516235381493,449.1687860415068,14.402571159773805]",
              "index": "a9",
              "color": "--affine-palette-line-black",
              "fontFamily": "blocksuite:surface:Kalam",
              "fontStyle": "normal",
              "fontWeight": "600",
              "textAlign": "center",
              "scale": 1.908439825743801,
              "rotate": 0,
              "hasMaxWidth": true
            },
            "children": [
              {
                "type": "block",
                "id": "W7kz-RInC7NDgu3MgIBkU",
                "flavour": "affine:paragraph",
                "version": 1,
                "props": {
                  "type": "text",
                  "text": {
                    "$blocksuite:internal:text$": true,
                    "delta": [
                      {
                        "insert": "Coral reefs"
                      }
                    ]
                  }
                },
                "children": []
              }
            ]
          },
          {
            "type": "block",
            "id": "eud2o8nI5vmNPnJcviZeZ",
            "flavour": "affine:edgeless-text",
            "version": 1,
            "props": {
              "xywh": "[1614.2828170659845,1967.1369413290577,448.19479105489245,14.402571159773805]",
              "index": "aB",
              "color": "--affine-palette-line-black",
              "fontFamily": "blocksuite:surface:Kalam",
              "fontStyle": "normal",
              "fontWeight": "600",
              "textAlign": "center",
              "scale": 1.908439825743801,
              "rotate": 0,
              "hasMaxWidth": true
            },
            "children": [
              {
                "type": "block",
                "id": "31ZPWZo7HF7skvpDTlrh6",
                "flavour": "affine:paragraph",
                "version": 1,
                "props": {
                  "type": "text",
                  "text": {
                    "$blocksuite:internal:text$": true,
                    "delta": [
                      {
                        "insert": "Clock tower"
                      }
                    ]
                  }
                },
                "children": []
              }
            ]
          },
          {
            "type": "block",
            "id": "qr5WYhWOfsJYtfIe9T339",
            "flavour": "affine:edgeless-text",
            "version": 1,
            "props": {
              "xywh": "[2646.378714962848,1967.1369413290577,448.19479105489245,14.402571159773805]",
              "index": "aE",
              "color": "--affine-palette-line-black",
              "fontFamily": "blocksuite:surface:Kalam",
              "fontStyle": "normal",
              "fontWeight": "600",
              "textAlign": "center",
              "scale": 1.908439825743801,
              "rotate": 0,
              "hasMaxWidth": true
            },
            "children": [
              {
                "type": "block",
                "id": "Kf3AKZWURjwvlVUxFRPsx",
                "flavour": "affine:paragraph",
                "version": 1,
                "props": {
                  "type": "text",
                  "text": {
                    "$blocksuite:internal:text$": true,
                    "delta": [
                      {
                        "insert": "letter"
                      }
                    ]
                  }
                },
                "children": []
              }
            ]
          },
          {
            "type": "block",
            "id": "3oCQ1X-y_iRNLNBrpw5Uf",
            "flavour": "affine:edgeless-text",
            "version": 1,
            "props": {
              "xywh": "[1614.2828170659845,2552.3222591199656,448.19479105489245,14.402571159773805]",
              "index": "aK",
              "color": "--affine-palette-line-black",
              "fontFamily": "blocksuite:surface:Kalam",
              "fontStyle": "normal",
              "fontWeight": "600",
              "textAlign": "center",
              "scale": 1.908439825743801,
              "rotate": 0,
              "hasMaxWidth": true
            },
            "children": [
              {
                "type": "block",
                "id": "SDrbyVFOVa78xLz_0KkeW",
                "flavour": "affine:paragraph",
                "version": 1,
                "props": {
                  "type": "text",
                  "text": {
                    "$blocksuite:internal:text$": true,
                    "delta": [
                      {
                        "insert": "Ice"
                      }
                    ]
                  }
                },
                "children": []
              }
            ]
          },
          {
            "type": "block",
            "id": "L16ITve758vvNOuCU_GU9",
            "flavour": "affine:edgeless-text",
            "version": 1,
            "props": {
              "xywh": "[2130.490769561122,2552.3222591199656,448.34432072705704,14.402571159773805]",
              "index": "aM",
              "color": "--affine-palette-line-black",
              "fontFamily": "blocksuite:surface:Kalam",
              "fontStyle": "normal",
              "fontWeight": "600",
              "textAlign": "center",
              "scale": 1.908439825743801,
              "rotate": 0,
              "hasMaxWidth": true
            },
            "children": [
              {
                "type": "block",
                "id": "5mQwOIFzKO1GfzF41qZr4",
                "flavour": "affine:paragraph",
                "version": 1,
                "props": {
                  "type": "text",
                  "text": {
                    "$blocksuite:internal:text$": true,
                    "delta": [
                      {
                        "insert": "City street"
                      }
                    ]
                  }
                },
                "children": []
              }
            ]
          },
          {
            "type": "block",
            "id": "BYTU623TXEjyVb20MiiB3",
            "flavour": "affine:edgeless-text",
            "version": 1,
            "props": {
              "xywh": "[2646.378714962848,2552.3222591199656,449.1687860415068,14.402571159773805]",
              "index": "aO",
              "color": "--affine-palette-line-black",
              "fontFamily": "blocksuite:surface:Kalam",
              "fontStyle": "normal",
              "fontWeight": "600",
              "textAlign": "center",
              "scale": 1.908439825743801,
              "rotate": 0,
              "hasMaxWidth": true
            },
            "children": [
              {
                "type": "block",
                "id": "NIYFYjVb7atVLqHHrj2yL",
                "flavour": "affine:paragraph",
                "version": 1,
                "props": {
                  "type": "text",
                  "text": {
                    "$blocksuite:internal:text$": true,
                    "delta": [
                      {
                        "insert": "Lake"
                      }
                    ]
                  }
                },
                "children": []
              }
            ]
          },
          {
            "type": "block",
            "id": "342yV9ZtSdmLuZimaJ0nu",
            "flavour": "affine:edgeless-text",
            "version": 1,
            "props": {
              "xywh": "[2162.2347581978784,1671.189272948412,375.8323478179286,14.402571159773805]",
              "index": "aP",
              "color": {
                "normal": "#65472fff"
              },
              "fontFamily": "blocksuite:surface:Kalam",
              "fontStyle": "normal",
              "fontWeight": "400",
              "textAlign": "center",
              "scale": 2.9784734773450383,
              "rotate": 0,
              "hasMaxWidth": true
            },
            "children": [
              {
                "type": "block",
                "id": "hdNoMcNzg61IIKmmVnCJ1",
                "flavour": "affine:paragraph",
                "version": 1,
                "props": {
                  "type": "text",
                  "text": {
                    "$blocksuite:internal:text$": true,
                    "delta": [
                      {
                        "insert": "A Year of Travel Adventures"
                      }
                    ]
                  }
                },
                "children": []
              }
            ]
          },
          {
            "type": "block",
            "id": "QllLYuUIVyij2vWriUY8X",
            "flavour": "affine:frame",
            "version": 1,
            "props": {
              "title": {
                "$blocksuite:internal:text$": true,
                "delta": [
                  {
                    "insert": "Vision Board"
                  }
                ]
              },
              "background": {
                "normal": "#d5cbbaff"
              },
              "xywh": "[1507.3069233818287,839.7615949970136,1705.1218548401866,2102.0552277886104]",
              "index": "a0",
              "childElementIds": {}
            },
            "children": []
          },
          {
            "type": "block",
            "id": "1LXbDKSe35byl4rDDdHK9",
            "flavour": "affine:edgeless-text",
            "version": 1,
            "props": {
              "xywh": "[2094.9195099258077,1519.87522277381,510.4628443620705,14.402571159773805]",
              "index": "aQ",
              "color": {
                "normal": "#65472f"
              },
              "fontFamily": "blocksuite:surface:Kalam",
              "fontStyle": "normal",
              "fontWeight": "600",
              "textAlign": "center",
              "scale": 4.453000818517166,
              "rotate": 0,
              "hasMaxWidth": true
            },
            "children": [
              {
                "type": "block",
                "id": "ISi_mcGkJzqThpIKRWPwl",
                "flavour": "affine:paragraph",
                "version": 1,
                "props": {
                  "type": "text",
                  "text": {
                    "$blocksuite:internal:text$": true,
                    "delta": [
                      {
                        "insert": "VISION BOARD"
                      }
                    ]
                  }
                },
                "children": []
              }
            ]
          },
          {
            "type": "block",
            "id": "16mAproJIii1PV1h9zsDw",
            "flavour": "affine:edgeless-text",
            "version": 1,
            "props": {
              "xywh": "[1585.899860835645,2686.0183222569867,476.5777472852319,14.402571159773805]",
              "index": "aR",
              "color": {
                "normal": "#7b6f65ff"
              },
              "fontFamily": "blocksuite:surface:Lora",
              "fontStyle": "italic",
              "fontWeight": "600",
              "textAlign": "center",
              "scale": 3.5530565719269527,
              "rotate": 0,
              "hasMaxWidth": true
            },
            "children": [
              {
                "type": "block",
                "id": "RYQE6kNAaVSLGP7tjb4dD",
                "flavour": "affine:paragraph",
                "version": 1,
                "props": {
                  "type": "text",
                  "text": {
                    "$blocksuite:internal:text$": true,
                    "delta": [
                      {
                        "insert": "Make it Happen"
                      }
                    ]
                  }
                },
                "children": []
              }
            ]
          },
          {
            "type": "block",
            "id": "Zkd1KnR7pVHIgYefsnGV-",
            "flavour": "affine:edgeless-text",
            "version": 1,
            "props": {
              "xywh": "[2924.8219789986015,2686.0182883749135,201.80141432157097,14.402571159773805]",
              "index": "ab",
              "color": {
                "normal": "#7b6f65ff"
              },
              "fontFamily": "blocksuite:surface:Lora",
              "fontStyle": "italic",
              "fontWeight": "600",
              "textAlign": "center",
              "scale": 3.5530565719269527,
              "rotate": 0,
              "hasMaxWidth": true
            },
            "children": [
              {
                "type": "block",
                "id": "_sjpbSQ3ikgykX8Lz9dnp",
                "flavour": "affine:paragraph",
                "version": 1,
                "props": {
                  "type": "text",
                  "text": {
                    "$blocksuite:internal:text$": true,
                    "delta": [
                      {
                        "insert": "2024"
                      }
                    ]
                  }
                },
                "children": []
              }
            ]
          }
        ]
      },
      {
        "type": "block",
        "id": "NrGKUSDRX2GX2NFdQWWpA",
        "flavour": "affine:note",
        "version": 1,
        "props": {
          "xywh": "[1614.4153983305282,951.2742768268326,448,517]",
          "background": "--affine-note-background-white",
          "index": "a0",
          "hidden": false,
          "displayMode": "edgeless",
          "edgeless": {
            "style": {
              "borderRadius": 0,
              "borderSize": 4,
              "borderStyle": "none",
              "shadowType": "--affine-note-shadow-box"
            }
          }
        },
        "children": [
          {
            "type": "block",
            "id": "8A410wyoVWGlVv1SBF03N",
            "flavour": "affine:image",
            "version": 1,
            "props": {
              "caption": "",
              "sourceId": "SQIFcpsd9UbEnkAEpHv1IHgKsh3bgcI_vDQzjzkaRZQ=",
              "width": 0,
              "height": 0,
              "index": "a5",
              "xywh": "[0,0,0,0]",
              "rotate": 0,
              "size": 877476
            },
            "children": []
          },
          {
            "type": "block",
            "id": "gbceb4RMrIAAc28kcwcB3",
            "flavour": "affine:paragraph",
            "version": 1,
            "props": {
              "type": "text",
              "text": {
                "$blocksuite:internal:text$": true,
                "delta": []
              }
            },
            "children": []
          }
        ]
      },
      {
        "type": "block",
        "id": "ENUeHJUizZT_A8CBH8SaW",
        "flavour": "affine:note",
        "version": 1,
        "props": {
          "xywh": "[2130.987626692087,951.2742768268326,448,517]",
          "background": "--affine-note-background-white",
          "index": "a6",
          "hidden": false,
          "displayMode": "edgeless",
          "edgeless": {
            "style": {
              "borderRadius": 0,
              "borderSize": 4,
              "borderStyle": "none",
              "shadowType": "--affine-note-shadow-box"
            }
          }
        },
        "children": [
          {
            "type": "block",
            "id": "9iReb4YK96pFgyoplXs03",
            "flavour": "affine:image",
            "version": 1,
            "props": {
              "caption": "",
              "sourceId": "xc0RaIPYWHxWnTxSl4jZ2vyPS_hRTVou1U4xZqPfL6g=",
              "width": 0,
              "height": 0,
              "index": "a4",
              "xywh": "[0,0,0,0]",
              "rotate": 0,
              "size": 910553
            },
            "children": []
          },
          {
            "type": "block",
            "id": "Y8ABsjnSnu_7uhLYKP26G",
            "flavour": "affine:paragraph",
            "version": 1,
            "props": {
              "type": "text",
              "text": {
                "$blocksuite:internal:text$": true,
                "delta": []
              }
            },
            "children": []
          }
        ]
      },
      {
        "type": "block",
        "id": "XJPfs4mbfF7a2DO6Lr-Et",
        "flavour": "affine:note",
        "version": 1,
        "props": {
          "xywh": "[2647.5598550536456,951.2742768268326,448,517]",
          "background": "--affine-note-background-white",
          "index": "a8",
          "hidden": false,
          "displayMode": "edgeless",
          "edgeless": {
            "style": {
              "borderRadius": 0,
              "borderSize": 4,
              "borderStyle": "none",
              "shadowType": "--affine-note-shadow-box"
            }
          }
        },
        "children": [
          {
            "type": "block",
            "id": "sWoXYsa2TrRevbdwvqSkT",
            "flavour": "affine:image",
            "version": 1,
            "props": {
              "caption": "",
              "sourceId": "wxKZFWU6GRydcHuCTA_KoydanoDvkDHLqkTF2vLPNv0=",
              "width": 0,
              "height": 0,
              "index": "aA",
              "xywh": "[0,0,0,0]",
              "rotate": 0,
              "size": 1372463
            },
            "children": []
          },
          {
            "type": "block",
            "id": "V_KsKLoGqRHtOTbqzs2-K",
            "flavour": "affine:paragraph",
            "version": 1,
            "props": {
              "type": "text",
              "text": {
                "$blocksuite:internal:text$": true,
                "delta": []
              }
            },
            "children": []
          }
        ]
      },
      {
        "type": "block",
        "id": "ZDKUTt2FNT9HBW0QTxdlX",
        "flavour": "affine:note",
        "version": 1,
        "props": {
          "xywh": "[1614.4153983305282,1536.459594617741,448,517]",
          "background": "--affine-note-background-white",
          "index": "aA",
          "hidden": false,
          "displayMode": "edgeless",
          "edgeless": {
            "style": {
              "borderRadius": 0,
              "borderSize": 4,
              "borderStyle": "none",
              "shadowType": "--affine-note-shadow-box"
            }
          }
        },
        "children": [
          {
            "type": "block",
            "id": "TQ24fb8YwlaiFDYjaPttN",
            "flavour": "affine:image",
            "version": 1,
            "props": {
              "caption": "",
              "sourceId": "6C5F-ygilN3_37PlcRQYYkzle39YXiMaPhch-6nWAIg=",
              "width": 0,
              "height": 0,
              "index": "aF",
              "xywh": "[0,0,0,0]",
              "rotate": 0,
              "size": 1096592
            },
            "children": []
          },
          {
            "type": "block",
            "id": "I3n1AoadTX7GwXMJ2SLRh",
            "flavour": "affine:paragraph",
            "version": 1,
            "props": {
              "type": "text",
              "text": {
                "$blocksuite:internal:text$": true,
                "delta": []
              }
            },
            "children": []
          }
        ]
      },
      {
        "type": "block",
        "id": "Nyvj7NeCO0O0O7hDrZX8s",
        "flavour": "affine:note",
        "version": 1,
        "props": {
          "xywh": "[2646.5112962273915,1536.459594617741,448,517]",
          "background": "--affine-note-background-white",
          "index": "aD",
          "hidden": false,
          "displayMode": "edgeless",
          "edgeless": {
            "style": {
              "borderRadius": 0,
              "borderSize": 4,
              "borderStyle": "none",
              "shadowType": "--affine-note-shadow-box"
            }
          }
        },
        "children": [
          {
            "type": "block",
            "id": "dhnlMeCjbMwIN2Xpw06ct",
            "flavour": "affine:image",
            "version": 1,
            "props": {
              "caption": "",
              "sourceId": "lX_U051DUZb01nOj4ezUGkDcuR_gnyTEuSFRRVbNDKs=",
              "width": 0,
              "height": 0,
              "index": "a3",
              "xywh": "[0,0,0,0]",
              "rotate": 0,
              "size": 1371968
            },
            "children": []
          },
          {
            "type": "block",
            "id": "GwQxyrIW-rXv3hvrbCOKE",
            "flavour": "affine:paragraph",
            "version": 1,
            "props": {
              "type": "text",
              "text": {
                "$blocksuite:internal:text$": true,
                "delta": []
              }
            },
            "children": []
          }
        ]
      },
      {
        "type": "block",
        "id": "HfCHUjjcZEpDYyJUV-q9l",
        "flavour": "affine:note",
        "version": 1,
        "props": {
          "xywh": "[1614.4153983305282,2121.6449124086494,448,517]",
          "background": "--affine-note-background-white",
          "index": "aJ",
          "hidden": false,
          "displayMode": "edgeless",
          "edgeless": {
            "style": {
              "borderRadius": 0,
              "borderSize": 4,
              "borderStyle": "none",
              "shadowType": "--affine-note-shadow-box"
            }
          }
        },
        "children": [
          {
            "type": "block",
            "id": "GNHN3rwvaSgIP-XkQ5x5X",
            "flavour": "affine:image",
            "version": 1,
            "props": {
              "caption": "",
              "sourceId": "5EhL1BONKAoBNvYSjGTOa_MXj7JRa23aPtpK_8utFWQ=",
              "width": 0,
              "height": 0,
              "index": "aG",
              "xywh": "[0,0,0,0]",
              "rotate": 0,
              "size": 1077874
            },
            "children": []
          },
          {
            "type": "block",
            "id": "HiWcq3dMTuknQR_gUJ8ac",
            "flavour": "affine:paragraph",
            "version": 1,
            "props": {
              "type": "text",
              "text": {
                "$blocksuite:internal:text$": true,
                "delta": []
              }
            },
            "children": []
          }
        ]
      },
      {
        "type": "block",
        "id": "ITWM2e9od2s2gtWwP87i7",
        "flavour": "affine:note",
        "version": 1,
        "props": {
          "xywh": "[2130.987626692087,2121.6449124086494,448,517]",
          "background": "--affine-note-background-white",
          "index": "aL",
          "hidden": false,
          "displayMode": "edgeless",
          "edgeless": {
            "style": {
              "borderRadius": 0,
              "borderSize": 4,
              "borderStyle": "none",
              "shadowType": "--affine-note-shadow-box"
            }
          }
        },
        "children": [
          {
            "type": "block",
            "id": "Y92Qv7AbOeR3tSObszPMI",
            "flavour": "affine:image",
            "version": 1,
            "props": {
              "caption": "",
              "sourceId": "GwDsuo-EuO0z5-Gf0pCWlgqQHTc1jugQ1tCAK7-YRw8=",
              "width": 0,
              "height": 0,
              "index": "aH",
              "xywh": "[0,0,0,0]",
              "rotate": 0,
              "size": 1170119
            },
            "children": []
          },
          {
            "type": "block",
            "id": "R4JcQHMDNNyd2VgJmCAg3",
            "flavour": "affine:paragraph",
            "version": 1,
            "props": {
              "type": "text",
              "text": {
                "$blocksuite:internal:text$": true,
                "delta": []
              }
            },
            "children": []
          }
        ]
      },
      {
        "type": "block",
        "id": "0djCdg64BihIubT1Jsru4",
        "flavour": "affine:note",
        "version": 1,
        "props": {
          "xywh": "[2647.5598550536456,2121.6449124086494,448,517]",
          "background": "--affine-note-background-white",
          "index": "aN",
          "hidden": false,
          "displayMode": "edgeless",
          "edgeless": {
            "style": {
              "borderRadius": 0,
              "borderSize": 4,
              "borderStyle": "none",
              "shadowType": "--affine-note-shadow-box"
            }
          }
        },
        "children": [
          {
            "type": "block",
            "id": "U5w0eLLyK8hbAw3_IfrNg",
            "flavour": "affine:image",
            "version": 1,
            "props": {
              "caption": "",
              "sourceId": "-gRUWvH0IK_kywOT2Vx1AeW6sCxMLfnTTHOr18TNYXs=",
              "width": 0,
              "height": 0,
              "index": "aI",
              "xywh": "[0,0,0,0]",
              "rotate": 0,
              "size": 1183318
            },
            "children": []
          },
          {
            "type": "block",
            "id": "8cVC2awSHx1pGwZx17BDf",
            "flavour": "affine:paragraph",
            "version": 1,
            "props": {
              "type": "text",
              "text": {
                "$blocksuite:internal:text$": true,
                "delta": []
              }
            },
            "children": []
          }
        ]
      }
    ]
  }
}