{
  "type": "page",
  "meta": {
    "id": "YivPwV_KXezbWR02LBbEt",
    "title": "Math Lesson Plan",
    "createDate": 1728291634796,
    "tags": []
  },
  "blocks": {
    "type": "block",
    "id": "rmv7eBivlzmDKp93i8pZU",
    "flavour": "affine:page",
    "version": 2,
    "props": {
      "title": {
        "$blocksuite:internal:text$": true,
        "delta": [
          {
            "insert": "Math Lesson Plan"
          }
        ]
      }
    },
    "children": [
      {
        "type": "block",
        "id": "Mcizj9ipaazHr7cBssCLA",
        "flavour": "affine:surface",
        "version": 5,
        "props": {
          "elements": {}
        },
        "children": []
      },
      {
        "type": "block",
        "id": "_xfeNxmmp0aCHZyKWxCnq",
        "flavour": "affine:note",
        "version": 1,
        "props": {
          "xywh": "[0,0,800,95]",
          "background": "--affine-note-background-white",
          "index": "a0",
          "hidden": false,
          "displayMode": "both",
          "edgeless": {
            "style": {
              "borderRadius": 8,
              "borderSize": 4,
              "borderStyle": "none",
              "shadowType": "--affine-note-shadow-box"
            }
          }
        },
        "children": [
          {
            "type": "block",
            "id": "ebko6gnqceBsgwjrx2A1O",
            "flavour": "affine:paragraph",
            "version": 1,
            "props": {
              "type": "text",
              "text": {
                "$blocksuite:internal:text$": true,
                "delta": []
              }
            },
            "children": []
          },
          {
            "type": "block",
            "id": "3RUqZ6O7tcu_oHYhIh2nL",
            "flavour": "affine:paragraph",
            "version": 1,
            "props": {
              "type": "h2",
              "text": {
                "$blocksuite:internal:text$": true,
                "delta": [
                  {
                    "insert": "Lesson Information"
                  }
                ]
              }
            },
            "children": []
          },
          {
            "type": "block",
            "id": "AVzzVbezx6My5mBUKJuXo",
            "flavour": "affine:list",
            "version": 1,
            "props": {
              "type": "bulleted",
              "text": {
                "$blocksuite:internal:text$": true,
                "delta": [
                  {
                    "insert": "Grade Level:"
                  }
                ]
              },
              "checked": false,
              "collapsed": false,
              "order": null
            },
            "children": []
          },
          {
            "type": "block",
            "id": "lgqGxoIoZ7wH0U61nu2Yy",
            "flavour": "affine:list",
            "version": 1,
            "props": {
              "type": "bulleted",
              "text": {
                "$blocksuite:internal:text$": true,
                "delta": [
                  {
                    "insert": "Subject/Topic:"
                  }
                ]
              },
              "checked": false,
              "collapsed": false,
              "order": null
            },
            "children": []
          },
          {
            "type": "block",
            "id": "vnxHUy1vHAekI-yOcaV39",
            "flavour": "affine:list",
            "version": 1,
            "props": {
              "type": "bulleted",
              "text": {
                "$blocksuite:internal:text$": true,
                "delta": [
                  {
                    "insert": "Lesson Duration:"
                  }
                ]
              },
              "checked": false,
              "collapsed": false,
              "order": null
            },
            "children": []
          },
          {
            "type": "block",
            "id": "wmGwUlkDavgDIJAy_U0Pd",
            "flavour": "affine:list",
            "version": 1,
            "props": {
              "type": "bulleted",
              "text": {
                "$blocksuite:internal:text$": true,
                "delta": [
                  {
                    "insert": "Learning Objectives:"
                  }
                ]
              },
              "checked": false,
              "collapsed": false,
              "order": null
            },
            "children": [
              {
                "type": "block",
                "id": "pfLC3AtArqdWhg95cm36i",
                "flavour": "affine:list",
                "version": 1,
                "props": {
                  "type": "bulleted",
                  "text": {
                    "$blocksuite:internal:text$": true,
                    "delta": [
                      {
                        "insert": "Objective 1:"
                      }
                    ]
                  },
                  "checked": false,
                  "collapsed": false,
                  "order": null
                },
                "children": []
              },
              {
                "type": "block",
                "id": "nJQaOG-s2ZunAhdEI7NCY",
                "flavour": "affine:list",
                "version": 1,
                "props": {
                  "type": "bulleted",
                  "text": {
                    "$blocksuite:internal:text$": true,
                    "delta": [
                      {
                        "insert": "Objective 2:"
                      }
                    ]
                  },
                  "checked": false,
                  "collapsed": false,
                  "order": null
                },
                "children": []
              },
              {
                "type": "block",
                "id": "pC77xPdxsvFD5R26jCqUy",
                "flavour": "affine:list",
                "version": 1,
                "props": {
                  "type": "bulleted",
                  "text": {
                    "$blocksuite:internal:text$": true,
                    "delta": [
                      {
                        "insert": "Objective 3:"
                      }
                    ]
                  },
                  "checked": false,
                  "collapsed": false,
                  "order": null
                },
                "children": []
              }
            ]
          },
          {
            "type": "block",
            "id": "8QMcepeM51icAB5hkLVBP",
            "flavour": "affine:paragraph",
            "version": 1,
            "props": {
              "type": "h2",
              "text": {
                "$blocksuite:internal:text$": true,
                "delta": [
                  {
                    "insert": "Materials and Resources"
                  }
                ]
              }
            },
            "children": []
          },
          {
            "type": "block",
            "id": "i2hNqDfS-VCADrJSFH0zY",
            "flavour": "affine:list",
            "version": 1,
            "props": {
              "type": "bulleted",
              "text": {
                "$blocksuite:internal:text$": true,
                "delta": [
                  {
                    "insert": "Textbook:"
                  }
                ]
              },
              "checked": false,
              "collapsed": false,
              "order": null
            },
            "children": []
          },
          {
            "type": "block",
            "id": "IMPbO6679NnKipEndujCd",
            "flavour": "affine:list",
            "version": 1,
            "props": {
              "type": "bulleted",
              "text": {
                "$blocksuite:internal:text$": true,
                "delta": [
                  {
                    "insert": "Worksheets:"
                  }
                ]
              },
              "checked": false,
              "collapsed": false,
              "order": null
            },
            "children": []
          },
          {
            "type": "block",
            "id": "02KrWsKlIF3-3XIcB0mnp",
            "flavour": "affine:list",
            "version": 1,
            "props": {
              "type": "bulleted",
              "text": {
                "$blocksuite:internal:text$": true,
                "delta": [
                  {
                    "insert": "Manipulatives:"
                  }
                ]
              },
              "checked": false,
              "collapsed": false,
              "order": null
            },
            "children": []
          },
          {
            "type": "block",
            "id": "rlKHIOgglPC2VML0N7YfU",
            "flavour": "affine:list",
            "version": 1,
            "props": {
              "type": "bulleted",
              "text": {
                "$blocksuite:internal:text$": true,
                "delta": [
                  {
                    "insert": "Technology:"
                  }
                ]
              },
              "checked": false,
              "collapsed": false,
              "order": null
            },
            "children": []
          },
          {
            "type": "block",
            "id": "YIQCGFS74RkToZg66tRd0",
            "flavour": "affine:paragraph",
            "version": 1,
            "props": {
              "type": "h2",
              "text": {
                "$blocksuite:internal:text$": true,
                "delta": [
                  {
                    "insert": "Warm-Up Activity"
                  }
                ]
              }
            },
            "children": []
          },
          {
            "type": "block",
            "id": "THQVfQZ3lbJQRQ5ATn0ep",
            "flavour": "affine:paragraph",
            "version": 1,
            "props": {
              "type": "text",
              "text": {
                "$blocksuite:internal:text$": true,
                "delta": [
                  {
                    "insert": "Description of the warm-up activity and its purpose."
                  }
                ]
              }
            },
            "children": []
          },
          {
            "type": "block",
            "id": "Bwq0Gmrgsm8rNa7ADY5Vr",
            "flavour": "affine:paragraph",
            "version": 1,
            "props": {
              "type": "h2",
              "text": {
                "$blocksuite:internal:text$": true,
                "delta": [
                  {
                    "insert": "Introduction"
                  }
                ]
              }
            },
            "children": []
          },
          {
            "type": "block",
            "id": "aIbk_OKmHqCP6uuA5H4mk",
            "flavour": "affine:list",
            "version": 1,
            "props": {
              "type": "bulleted",
              "text": {
                "$blocksuite:internal:text$": true,
                "delta": [
                  {
                    "insert": "Connection to previous learning:"
                  }
                ]
              },
              "checked": false,
              "collapsed": false,
              "order": null
            },
            "children": []
          },
          {
            "type": "block",
            "id": "o9ioJlTCCvJ17ra_VGYMM",
            "flavour": "affine:list",
            "version": 1,
            "props": {
              "type": "bulleted",
              "text": {
                "$blocksuite:internal:text$": true,
                "delta": [
                  {
                    "insert": "Lesson context and objectives:"
                  }
                ]
              },
              "checked": false,
              "collapsed": false,
              "order": null
            },
            "children": []
          },
          {
            "type": "block",
            "id": "GdDFkQUU-MLmdSfZTcE7A",
            "flavour": "affine:paragraph",
            "version": 1,
            "props": {
              "type": "h2",
              "text": {
                "$blocksuite:internal:text$": true,
                "delta": [
                  {
                    "insert": "Direct Instruction"
                  }
                ]
              }
            },
            "children": []
          },
          {
            "type": "block",
            "id": "VvLNgA52OxuHyOakyAIUB",
            "flavour": "affine:list",
            "version": 1,
            "props": {
              "type": "bulleted",
              "text": {
                "$blocksuite:internal:text$": true,
                "delta": [
                  {
                    "insert": "Explanation of new concepts and strategies:"
                  }
                ]
              },
              "checked": false,
              "collapsed": false,
              "order": null
            },
            "children": []
          },
          {
            "type": "block",
            "id": "vMU8lgNdRcLYBwJ2aRh5y",
            "flavour": "affine:list",
            "version": 1,
            "props": {
              "type": "bulleted",
              "text": {
                "$blocksuite:internal:text$": true,
                "delta": [
                  {
                    "insert": "Instructional methods (modeling, guided practice, think-alouds):"
                  }
                ]
              },
              "checked": false,
              "collapsed": false,
              "order": null
            },
            "children": []
          },
          {
            "type": "block",
            "id": "HbrygpIa9ERArqZ9D_EHP",
            "flavour": "affine:paragraph",
            "version": 1,
            "props": {
              "type": "h2",
              "text": {
                "$blocksuite:internal:text$": true,
                "delta": [
                  {
                    "insert": "Guided Practice"
                  }
                ]
              }
            },
            "children": []
          },
          {
            "type": "block",
            "id": "2egAg6W8rH9WSqWJKECf7",
            "flavour": "affine:list",
            "version": 1,
            "props": {
              "type": "bulleted",
              "text": {
                "$blocksuite:internal:text$": true,
                "delta": [
                  {
                    "insert": "Description of the guided practice activities:"
                  }
                ]
              },
              "checked": false,
              "collapsed": false,
              "order": null
            },
            "children": []
          },
          {
            "type": "block",
            "id": "nFrbyXM34_u5rcr-RXXEL",
            "flavour": "affine:list",
            "version": 1,
            "props": {
              "type": "bulleted",
              "text": {
                "$blocksuite:internal:text$": true,
                "delta": [
                  {
                    "insert": "Monitoring and feedback:"
                  }
                ]
              },
              "checked": false,
              "collapsed": false,
              "order": null
            },
            "children": []
          },
          {
            "type": "block",
            "id": "_UakB3nwEz5vL1O6_l0OP",
            "flavour": "affine:paragraph",
            "version": 1,
            "props": {
              "type": "h2",
              "text": {
                "$blocksuite:internal:text$": true,
                "delta": [
                  {
                    "insert": "Independent Practice"
                  }
                ]
              }
            },
            "children": []
          },
          {
            "type": "block",
            "id": "YTImcH2XE6Tfya6Z6YtD-",
            "flavour": "affine:list",
            "version": 1,
            "props": {
              "type": "bulleted",
              "text": {
                "$blocksuite:internal:text$": true,
                "delta": [
                  {
                    "insert": "Description of the independent practice tasks:"
                  }
                ]
              },
              "checked": false,
              "collapsed": false,
              "order": null
            },
            "children": []
          },
          {
            "type": "block",
            "id": "nS_iYTMW5lwBM38v1H8Lg",
            "flavour": "affine:list",
            "version": 1,
            "props": {
              "type": "bulleted",
              "text": {
                "$blocksuite:internal:text$": true,
                "delta": [
                  {
                    "insert": "Circulation and individual assistance:"
                  }
                ]
              },
              "checked": false,
              "collapsed": false,
              "order": null
            },
            "children": []
          },
          {
            "type": "block",
            "id": "nq3rPMYV108BNt_5_d0LE",
            "flavour": "affine:paragraph",
            "version": 1,
            "props": {
              "type": "h2",
              "text": {
                "$blocksuite:internal:text$": true,
                "delta": [
                  {
                    "insert": "Closure and Assessment"
                  }
                ]
              }
            },
            "children": []
          },
          {
            "type": "block",
            "id": "4fO_PsQXk3dbF8OkTMNlE",
            "flavour": "affine:list",
            "version": 1,
            "props": {
              "type": "bulleted",
              "text": {
                "$blocksuite:internal:text$": true,
                "delta": [
                  {
                    "insert": "Review of key concepts and skills:"
                  }
                ]
              },
              "checked": false,
              "collapsed": false,
              "order": null
            },
            "children": []
          },
          {
            "type": "block",
            "id": "tNdFdRPajiiXQoW_0Sj7p",
            "flavour": "affine:list",
            "version": 1,
            "props": {
              "type": "bulleted",
              "text": {
                "$blocksuite:internal:text$": true,
                "delta": [
                  {
                    "insert": "Formative assessment techniques:"
                  }
                ]
              },
              "checked": false,
              "collapsed": false,
              "order": null
            },
            "children": []
          },
          {
            "type": "block",
            "id": "Qiv_VWKj5IT_qdM1CV2xa",
            "flavour": "affine:paragraph",
            "version": 1,
            "props": {
              "type": "h2",
              "text": {
                "$blocksuite:internal:text$": true,
                "delta": [
                  {
                    "insert": "Differentiation and Accommodations"
                  }
                ]
              }
            },
            "children": []
          },
          {
            "type": "block",
            "id": "pkMri6g0zgyuw6JiTv9N7",
            "flavour": "affine:list",
            "version": 1,
            "props": {
              "type": "bulleted",
              "text": {
                "$blocksuite:internal:text$": true,
                "delta": [
                  {
                    "insert": "Strategies for diverse learner needs:"
                  }
                ]
              },
              "checked": false,
              "collapsed": false,
              "order": null
            },
            "children": []
          },
          {
            "type": "block",
            "id": "nFXlsvQFDaAUz2zvtoaA5",
            "flavour": "affine:list",
            "version": 1,
            "props": {
              "type": "bulleted",
              "text": {
                "$blocksuite:internal:text$": true,
                "delta": [
                  {
                    "insert": "Scaffolding, tiered assignments, alternative materials:"
                  }
                ]
              },
              "checked": false,
              "collapsed": false,
              "order": null
            },
            "children": []
          },
          {
            "type": "block",
            "id": "TArLq7WUG4c6m1TEL5-hD",
            "flavour": "affine:paragraph",
            "version": 1,
            "props": {
              "type": "h2",
              "text": {
                "$blocksuite:internal:text$": true,
                "delta": [
                  {
                    "insert": "Reflection and Next Steps"
                  }
                ]
              }
            },
            "children": []
          },
          {
            "type": "block",
            "id": "qd1uzu6XGfC8hIDJIfKv2",
            "flavour": "affine:list",
            "version": 1,
            "props": {
              "type": "bulleted",
              "text": {
                "$blocksuite:internal:text$": true,
                "delta": [
                  {
                    "insert": "Evaluation of lesson effectiveness:"
                  }
                ]
              },
              "checked": false,
              "collapsed": false,
              "order": null
            },
            "children": []
          },
          {
            "type": "block",
            "id": "0pvteYNyJQa8VyFne2R6V",
            "flavour": "affine:list",
            "version": 1,
            "props": {
              "type": "bulleted",
              "text": {
                "$blocksuite:internal:text$": true,
                "delta": [
                  {
                    "insert": "Identified areas for improvement:"
                  }
                ]
              },
              "checked": false,
              "collapsed": false,
              "order": null
            },
            "children": []
          },
          {
            "type": "block",
            "id": "b07nAavExqJ2r7rk-AFnJ",
            "flavour": "affine:list",
            "version": 1,
            "props": {
              "type": "bulleted",
              "text": {
                "$blocksuite:internal:text$": true,
                "delta": [
                  {
                    "insert": "Adjustments or modifications for future lessons:"
                  }
                ]
              },
              "checked": false,
              "collapsed": false,
              "order": null
            },
            "children": []
          }
        ]
      }
    ]
  }
}