{
  "type": "page",
  "meta": {
    "id": "4WbDEbKI0rEzR833CAmHK",
    "title": "Best Daily Planner",
    "createDate": 1727267878308,
    "tags": []
  },
  "blocks": {
    "type": "block",
    "id": "BdqDq-5-nYUVc1lCMGY5m",
    "flavour": "affine:page",
    "version": 2,
    "props": {
      "title": {
        "$blocksuite:internal:text$": true,
        "delta": [
          {
            "insert": "Best Daily Planner"
          }
        ]
      }
    },
    "children": [
      {
        "type": "block",
        "id": "TAzYMsLI61gcX9jPVAjsR",
        "flavour": "affine:surface",
        "version": 5,
        "props": {
          "elements": {}
        },
        "children": []
      },
      {
        "type": "block",
        "id": "sL_cW7a7Mzi8Rfd08Qv9O",
        "flavour": "affine:note",
        "version": 1,
        "props": {
          "xywh": "[0,0,800,95]",
          "background": "--affine-note-background-white",
          "index": "a0",
          "hidden": false,
          "displayMode": "both",
          "edgeless": {
            "style": {
              "borderRadius": 8,
              "borderSize": 4,
              "borderStyle": "none",
              "shadowType": "--affine-note-shadow-box"
            }
          }
        },
        "children": [
          {
            "type": "block",
            "id": "I6fVg-UL-U9yF5sIBFLyt",
            "flavour": "affine:paragraph",
            "version": 1,
            "props": {
              "type": "h2",
              "text": {
                "$blocksuite:internal:text$": true,
                "delta": [
                  {
                    "insert": "Date: [Enter Date]"
                  }
                ]
              }
            },
            "children": []
          },
          {
            "type": "block",
            "id": "wvIzb_rQuYozV9l5LF4ko",
            "flavour": "affine:divider",
            "version": 1,
            "props": {},
            "children": []
          },
          {
            "type": "block",
            "id": "sqvB9mV9QHmFAeYS__fU1",
            "flavour": "affine:paragraph",
            "version": 1,
            "props": {
              "type": "h2",
              "text": {
                "$blocksuite:internal:text$": true,
                "delta": [
                  {
                    "insert": "Top Priorities"
                  }
                ]
              }
            },
            "children": []
          },
          {
            "type": "block",
            "id": "EtPWdvHMG2R26BcqMPEsH",
            "flavour": "affine:list",
            "version": 1,
            "props": {
              "type": "numbered",
              "text": {
                "$blocksuite:internal:text$": true,
                "delta": [
                  {
                    "insert": "[Enter Priority 1]"
                  }
                ]
              },
              "checked": false,
              "collapsed": false,
              "order": 1
            },
            "children": []
          },
          {
            "type": "block",
            "id": "Xzdfkhnj05jJesZwGd4xO",
            "flavour": "affine:list",
            "version": 1,
            "props": {
              "type": "numbered",
              "text": {
                "$blocksuite:internal:text$": true,
                "delta": [
                  {
                    "insert": "[Enter Priority 2]"
                  }
                ]
              },
              "checked": false,
              "collapsed": false,
              "order": 2
            },
            "children": []
          },
          {
            "type": "block",
            "id": "kXpJih6NFgq5GtEGVrMxE",
            "flavour": "affine:list",
            "version": 1,
            "props": {
              "type": "numbered",
              "text": {
                "$blocksuite:internal:text$": true,
                "delta": [
                  {
                    "insert": "[Enter Priority 3]"
                  }
                ]
              },
              "checked": false,
              "collapsed": false,
              "order": 3
            },
            "children": []
          },
          {
            "type": "block",
            "id": "m3Vrxi35-ZJHatWZXta6e",
            "flavour": "affine:divider",
            "version": 1,
            "props": {},
            "children": []
          },
          {
            "type": "block",
            "id": "eVd__qfTIUdqKayNNfMf1",
            "flavour": "affine:paragraph",
            "version": 1,
            "props": {
              "type": "h2",
              "text": {
                "$blocksuite:internal:text$": true,
                "delta": [
                  {
                    "insert": "To-Do List"
                  }
                ]
              }
            },
            "children": []
          },
          {
            "type": "block",
            "id": "2A2xWCw9AX7Z8s-5LmI7u",
            "flavour": "affine:list",
            "version": 1,
            "props": {
              "type": "bulleted",
              "text": {
                "$blocksuite:internal:text$": true,
                "delta": [
                  {
                    "insert": "[Task 1]"
                  }
                ]
              },
              "checked": false,
              "collapsed": false,
              "order": null
            },
            "children": []
          },
          {
            "type": "block",
            "id": "SGulPbKGpqRPeokjSmL-U",
            "flavour": "affine:list",
            "version": 1,
            "props": {
              "type": "bulleted",
              "text": {
                "$blocksuite:internal:text$": true,
                "delta": [
                  {
                    "insert": "[Task 2]"
                  }
                ]
              },
              "checked": false,
              "collapsed": false,
              "order": null
            },
            "children": []
          },
          {
            "type": "block",
            "id": "JUZVIpI_cwemy0K7hgWqY",
            "flavour": "affine:list",
            "version": 1,
            "props": {
              "type": "bulleted",
              "text": {
                "$blocksuite:internal:text$": true,
                "delta": [
                  {
                    "insert": "[Task 3]"
                  }
                ]
              },
              "checked": false,
              "collapsed": false,
              "order": null
            },
            "children": []
          },
          {
            "type": "block",
            "id": "9bqhvRMycTCtqJWT4ie_y",
            "flavour": "affine:list",
            "version": 1,
            "props": {
              "type": "bulleted",
              "text": {
                "$blocksuite:internal:text$": true,
                "delta": [
                  {
                    "insert": "[Task 4]"
                  }
                ]
              },
              "checked": false,
              "collapsed": false,
              "order": null
            },
            "children": []
          },
          {
            "type": "block",
            "id": "XPT8XrKs4ffK8T5q8lMS1",
            "flavour": "affine:divider",
            "version": 1,
            "props": {},
            "children": []
          },
          {
            "type": "block",
            "id": "zZXE1MtKHkvzIL-bRXIEo",
            "flavour": "affine:paragraph",
            "version": 1,
            "props": {
              "type": "h2",
              "text": {
                "$blocksuite:internal:text$": true,
                "delta": [
                  {
                    "insert": "Hourly Schedule"
                  }
                ]
              }
            },
            "children": []
          },
          {
            "type": "block",
            "id": "GUpRUQ3e397Nw_aNRhHpe",
            "flavour": "affine:paragraph",
            "version": 1,
            "props": {
              "type": "h3",
              "text": {
                "$blocksuite:internal:text$": true,
                "delta": [
                  {
                    "insert": "Morning"
                  }
                ]
              }
            },
            "children": []
          },
          {
            "type": "block",
            "id": "tl4qXJDz9pt6tBMFEvgqS",
            "flavour": "affine:list",
            "version": 1,
            "props": {
              "type": "bulleted",
              "text": {
                "$blocksuite:internal:text$": true,
                "delta": [
                  {
                    "insert": "8:00 AM",
                    "attributes": {
                      "bold": true
                    }
                  },
                  {
                    "insert": ": [Enter Task/Event]"
                  }
                ]
              },
              "checked": false,
              "collapsed": false,
              "order": null
            },
            "children": []
          },
          {
            "type": "block",
            "id": "C-cAmFKaftJjIf6rg6FTq",
            "flavour": "affine:list",
            "version": 1,
            "props": {
              "type": "bulleted",
              "text": {
                "$blocksuite:internal:text$": true,
                "delta": [
                  {
                    "insert": "9:00 AM",
                    "attributes": {
                      "bold": true
                    }
                  },
                  {
                    "insert": ": [Enter Task/Event]"
                  }
                ]
              },
              "checked": false,
              "collapsed": false,
              "order": null
            },
            "children": []
          },
          {
            "type": "block",
            "id": "z1iqvYl5FKwzdlTOkNOwq",
            "flavour": "affine:list",
            "version": 1,
            "props": {
              "type": "bulleted",
              "text": {
                "$blocksuite:internal:text$": true,
                "delta": [
                  {
                    "insert": "10:00 AM",
                    "attributes": {
                      "bold": true
                    }
                  },
                  {
                    "insert": ": [Enter Task/Event]"
                  }
                ]
              },
              "checked": false,
              "collapsed": false,
              "order": null
            },
            "children": []
          },
          {
            "type": "block",
            "id": "eTpNWQU0ec13akc4CorJk",
            "flavour": "affine:list",
            "version": 1,
            "props": {
              "type": "bulleted",
              "text": {
                "$blocksuite:internal:text$": true,
                "delta": [
                  {
                    "insert": "11:00 AM",
                    "attributes": {
                      "bold": true
                    }
                  },
                  {
                    "insert": ": [Enter Task/Event]"
                  }
                ]
              },
              "checked": false,
              "collapsed": false,
              "order": null
            },
            "children": []
          },
          {
            "type": "block",
            "id": "UPnEPJB64-twVt8GxDHCs",
            "flavour": "affine:paragraph",
            "version": 1,
            "props": {
              "type": "h3",
              "text": {
                "$blocksuite:internal:text$": true,
                "delta": [
                  {
                    "insert": "Afternoon"
                  }
                ]
              }
            },
            "children": []
          },
          {
            "type": "block",
            "id": "cGmEXgptvjI35cQl4dQzy",
            "flavour": "affine:list",
            "version": 1,
            "props": {
              "type": "bulleted",
              "text": {
                "$blocksuite:internal:text$": true,
                "delta": [
                  {
                    "insert": "12:00 PM",
                    "attributes": {
                      "bold": true
                    }
                  },
                  {
                    "insert": ": [Enter Task/Event]"
                  }
                ]
              },
              "checked": false,
              "collapsed": false,
              "order": null
            },
            "children": []
          },
          {
            "type": "block",
            "id": "IIxFv-e_ui6jOnjHrqD9h",
            "flavour": "affine:list",
            "version": 1,
            "props": {
              "type": "bulleted",
              "text": {
                "$blocksuite:internal:text$": true,
                "delta": [
                  {
                    "insert": "1:00 PM",
                    "attributes": {
                      "bold": true
                    }
                  },
                  {
                    "insert": ": [Enter Task/Event]"
                  }
                ]
              },
              "checked": false,
              "collapsed": false,
              "order": null
            },
            "children": []
          },
          {
            "type": "block",
            "id": "ZBPkWVVf7ezGp2tiQ8tev",
            "flavour": "affine:list",
            "version": 1,
            "props": {
              "type": "bulleted",
              "text": {
                "$blocksuite:internal:text$": true,
                "delta": [
                  {
                    "insert": "2:00 PM",
                    "attributes": {
                      "bold": true
                    }
                  },
                  {
                    "insert": ": [Enter Task/Event]"
                  }
                ]
              },
              "checked": false,
              "collapsed": false,
              "order": null
            },
            "children": []
          },
          {
            "type": "block",
            "id": "mYRzjwjrOr33yPYY-wh1H",
            "flavour": "affine:list",
            "version": 1,
            "props": {
              "type": "bulleted",
              "text": {
                "$blocksuite:internal:text$": true,
                "delta": [
                  {
                    "insert": "3:00 PM",
                    "attributes": {
                      "bold": true
                    }
                  },
                  {
                    "insert": ": [Enter Task/Event]"
                  }
                ]
              },
              "checked": false,
              "collapsed": false,
              "order": null
            },
            "children": []
          },
          {
            "type": "block",
            "id": "srSoASvcHs-Zfe2f3mbiV",
            "flavour": "affine:list",
            "version": 1,
            "props": {
              "type": "bulleted",
              "text": {
                "$blocksuite:internal:text$": true,
                "delta": [
                  {
                    "insert": "4:00 PM",
                    "attributes": {
                      "bold": true
                    }
                  },
                  {
                    "insert": ": [Enter Task/Event]"
                  }
                ]
              },
              "checked": false,
              "collapsed": false,
              "order": null
            },
            "children": []
          },
          {
            "type": "block",
            "id": "jeQEeSTjwwtf7Rbjk76tl",
            "flavour": "affine:paragraph",
            "version": 1,
            "props": {
              "type": "h3",
              "text": {
                "$blocksuite:internal:text$": true,
                "delta": [
                  {
                    "insert": "Evening"
                  }
                ]
              }
            },
            "children": []
          },
          {
            "type": "block",
            "id": "k71ivS9TZmY7PXzHrRZ7W",
            "flavour": "affine:list",
            "version": 1,
            "props": {
              "type": "bulleted",
              "text": {
                "$blocksuite:internal:text$": true,
                "delta": [
                  {
                    "insert": "5:00 PM",
                    "attributes": {
                      "bold": true
                    }
                  },
                  {
                    "insert": ": [Enter Task/Event]"
                  }
                ]
              },
              "checked": false,
              "collapsed": false,
              "order": null
            },
            "children": []
          },
          {
            "type": "block",
            "id": "S2Q_2msCxeylmHNf-Dc0A",
            "flavour": "affine:list",
            "version": 1,
            "props": {
              "type": "bulleted",
              "text": {
                "$blocksuite:internal:text$": true,
                "delta": [
                  {
                    "insert": "6:00 PM",
                    "attributes": {
                      "bold": true
                    }
                  },
                  {
                    "insert": ": [Enter Task/Event]"
                  }
                ]
              },
              "checked": false,
              "collapsed": false,
              "order": null
            },
            "children": []
          },
          {
            "type": "block",
            "id": "bnvSpyW28z8FvXs-IQ7d9",
            "flavour": "affine:list",
            "version": 1,
            "props": {
              "type": "bulleted",
              "text": {
                "$blocksuite:internal:text$": true,
                "delta": [
                  {
                    "insert": "7:00 PM",
                    "attributes": {
                      "bold": true
                    }
                  },
                  {
                    "insert": ": [Enter Task/Event]"
                  }
                ]
              },
              "checked": false,
              "collapsed": false,
              "order": null
            },
            "children": []
          },
          {
            "type": "block",
            "id": "nSraYR8j-J-XZ6nifArCQ",
            "flavour": "affine:divider",
            "version": 1,
            "props": {},
            "children": []
          },
          {
            "type": "block",
            "id": "d2mZHmaUAbPSf25__gttv",
            "flavour": "affine:paragraph",
            "version": 1,
            "props": {
              "type": "h2",
              "text": {
                "$blocksuite:internal:text$": true,
                "delta": [
                  {
                    "insert": "Notes"
                  }
                ]
              }
            },
            "children": []
          },
          {
            "type": "block",
            "id": "Ns-BfO36lOqrfQkf1IfNw",
            "flavour": "affine:paragraph",
            "version": 1,
            "props": {
              "type": "text",
              "text": {
                "$blocksuite:internal:text$": true,
                "delta": [
                  {
                    "insert": "[Enter any additional notes or reminders]"
                  }
                ]
              }
            },
            "children": []
          },
          {
            "type": "block",
            "id": "3GhSroxmjZXSQHUDGFDL3",
            "flavour": "affine:divider",
            "version": 1,
            "props": {},
            "children": []
          },
          {
            "type": "block",
            "id": "xBDfVMY_IAijQ844zg8x3",
            "flavour": "affine:paragraph",
            "version": 1,
            "props": {
              "type": "h2",
              "text": {
                "$blocksuite:internal:text$": true,
                "delta": [
                  {
                    "insert": "Daily Reflection"
                  }
                ]
              }
            },
            "children": []
          },
          {
            "type": "block",
            "id": "-FI2cNz0CaaiTFYqqKrrc",
            "flavour": "affine:list",
            "version": 1,
            "props": {
              "type": "bulleted",
              "text": {
                "$blocksuite:internal:text$": true,
                "delta": [
                  {
                    "insert": "What went well today",
                    "attributes": {
                      "bold": true
                    }
                  },
                  {
                    "insert": ": [Reflection]"
                  }
                ]
              },
              "checked": false,
              "collapsed": false,
              "order": null
            },
            "children": []
          },
          {
            "type": "block",
            "id": "4Xznuon2MHhxQb_boHthZ",
            "flavour": "affine:list",
            "version": 1,
            "props": {
              "type": "bulleted",
              "text": {
                "$blocksuite:internal:text$": true,
                "delta": [
                  {
                    "insert": "What can I improve",
                    "attributes": {
                      "bold": true
                    }
                  },
                  {
                    "insert": ": [Reflection]"
                  }
                ]
              },
              "checked": false,
              "collapsed": false,
              "order": null
            },
            "children": []
          },
          {
            "type": "block",
            "id": "hiubrXag-SDqsL-NqUfsd",
            "flavour": "affine:list",
            "version": 1,
            "props": {
              "type": "bulleted",
              "text": {
                "$blocksuite:internal:text$": true,
                "delta": [
                  {
                    "insert": "Tomorrow’s goals",
                    "attributes": {
                      "bold": true
                    }
                  },
                  {
                    "insert": ": [List goals]"
                  }
                ]
              },
              "checked": false,
              "collapsed": false,
              "order": null
            },
            "children": []
          }
        ]
      }
    ]
  }
}