{
  "type": "page",
  "meta": {
    "id": "H89wGZTRi8ZbRci_-9fHL",
    "title": "Storyboard Template",
    "createDate": 1728290370239,
    "tags": []
  },
  "blocks": {
    "type": "block",
    "id": "MVlQ5i5QUJwdxhsGoSJ1L",
    "flavour": "affine:page",
    "version": 2,
    "props": {
      "title": {
        "$blocksuite:internal:text$": true,
        "delta": [
          {
            "insert": "Storyboard Template"
          }
        ]
      }
    },
    "children": [
      {
        "type": "block",
        "id": "rtZyis6Q0L5CKRonNtlHg",
        "flavour": "affine:surface",
        "version": 5,
        "props": {
          "elements": {}
        },
        "children": []
      },
      {
        "type": "block",
        "id": "Z3l4EWJ0B9xuuUYBJFLKV",
        "flavour": "affine:note",
        "version": 1,
        "props": {
          "xywh": "[0,0,800,95]",
          "background": "--affine-note-background-white",
          "index": "a0",
          "hidden": false,
          "displayMode": "both",
          "edgeless": {
            "style": {
              "borderRadius": 8,
              "borderSize": 4,
              "borderStyle": "none",
              "shadowType": "--affine-note-shadow-box"
            }
          }
        },
        "children": [
          {
            "type": "block",
            "id": "-f1CKBN0J3yIR_5R9fTm-",
            "flavour": "affine:paragraph",
            "version": 1,
            "props": {
              "type": "h2",
              "text": {
                "$blocksuite:internal:text$": true,
                "delta": [
                  {
                    "insert": "Scene 1"
                  }
                ]
              }
            },
            "children": []
          },
          {
            "type": "block",
            "id": "aHDB7Lwp4H-qApFwmhBdf",
            "flavour": "affine:paragraph",
            "version": 1,
            "props": {
              "type": "h3",
              "text": {
                "$blocksuite:internal:text$": true,
                "delta": [
                  {
                    "insert": "Title"
                  }
                ]
              }
            },
            "children": []
          },
          {
            "type": "block",
            "id": "xmbQXLXjnx-PULznOp-0S",
            "flavour": "affine:paragraph",
            "version": 1,
            "props": {
              "type": "text",
              "text": {
                "$blocksuite:internal:text$": true,
                "delta": [
                  {
                    "insert": "Description of the scene"
                  }
                ]
              }
            },
            "children": []
          },
          {
            "type": "block",
            "id": "udPLzyWRoTi40GARw4LCR",
            "flavour": "affine:paragraph",
            "version": 1,
            "props": {
              "type": "h3",
              "text": {
                "$blocksuite:internal:text$": true,
                "delta": [
                  {
                    "insert": "Characters"
                  }
                ]
              }
            },
            "children": []
          },
          {
            "type": "block",
            "id": "ysKjeeGj2HCoV5g373dmf",
            "flavour": "affine:list",
            "version": 1,
            "props": {
              "type": "bulleted",
              "text": {
                "$blocksuite:internal:text$": true,
                "delta": [
                  {
                    "insert": "Character 1"
                  }
                ]
              },
              "checked": false,
              "collapsed": false,
              "order": null
            },
            "children": []
          },
          {
            "type": "block",
            "id": "spLFQSb_YayVqSfk9xzr3",
            "flavour": "affine:list",
            "version": 1,
            "props": {
              "type": "bulleted",
              "text": {
                "$blocksuite:internal:text$": true,
                "delta": [
                  {
                    "insert": "Character 2"
                  }
                ]
              },
              "checked": false,
              "collapsed": false,
              "order": null
            },
            "children": []
          },
          {
            "type": "block",
            "id": "BhnMs2aitzvqfk6GNzYQA",
            "flavour": "affine:list",
            "version": 1,
            "props": {
              "type": "bulleted",
              "text": {
                "$blocksuite:internal:text$": true,
                "delta": [
                  {
                    "insert": "Character 3"
                  }
                ]
              },
              "checked": false,
              "collapsed": false,
              "order": null
            },
            "children": []
          },
          {
            "type": "block",
            "id": "DIT9ApKt_rXezjP-q9ome",
            "flavour": "affine:paragraph",
            "version": 1,
            "props": {
              "type": "h3",
              "text": {
                "$blocksuite:internal:text$": true,
                "delta": [
                  {
                    "insert": "Location"
                  }
                ]
              }
            },
            "children": []
          },
          {
            "type": "block",
            "id": "8jNPpgqYLaBZMaz8q4Xu9",
            "flavour": "affine:paragraph",
            "version": 1,
            "props": {
              "type": "text",
              "text": {
                "$blocksuite:internal:text$": true,
                "delta": [
                  {
                    "insert": "Description of the location"
                  }
                ]
              }
            },
            "children": []
          },
          {
            "type": "block",
            "id": "vQNiDA_zPjWRXhebLbfIf",
            "flavour": "affine:paragraph",
            "version": 1,
            "props": {
              "type": "h3",
              "text": {
                "$blocksuite:internal:text$": true,
                "delta": [
                  {
                    "insert": "Action"
                  }
                ]
              }
            },
            "children": []
          },
          {
            "type": "block",
            "id": "HeGb3vPklHjPZK6RPee98",
            "flavour": "affine:paragraph",
            "version": 1,
            "props": {
              "type": "text",
              "text": {
                "$blocksuite:internal:text$": true,
                "delta": [
                  {
                    "insert": "Detailed description of the action taking place in the scene"
                  }
                ]
              }
            },
            "children": []
          },
          {
            "type": "block",
            "id": "twA3dCOsRlXy_cQxfHIeb",
            "flavour": "affine:paragraph",
            "version": 1,
            "props": {
              "type": "h2",
              "text": {
                "$blocksuite:internal:text$": true,
                "delta": [
                  {
                    "insert": "Scene 2"
                  }
                ]
              }
            },
            "children": []
          },
          {
            "type": "block",
            "id": "wRWVglw2tdEiCd680w66P",
            "flavour": "affine:paragraph",
            "version": 1,
            "props": {
              "type": "h3",
              "text": {
                "$blocksuite:internal:text$": true,
                "delta": [
                  {
                    "insert": "Title"
                  }
                ]
              }
            },
            "children": []
          },
          {
            "type": "block",
            "id": "W6NV3gq-XrStFXlVZ8e2Y",
            "flavour": "affine:paragraph",
            "version": 1,
            "props": {
              "type": "text",
              "text": {
                "$blocksuite:internal:text$": true,
                "delta": [
                  {
                    "insert": "Description of the scene"
                  }
                ]
              }
            },
            "children": []
          },
          {
            "type": "block",
            "id": "HJ16Sk-xXL77U6ZDNKqVC",
            "flavour": "affine:paragraph",
            "version": 1,
            "props": {
              "type": "h3",
              "text": {
                "$blocksuite:internal:text$": true,
                "delta": [
                  {
                    "insert": "Characters"
                  }
                ]
              }
            },
            "children": []
          },
          {
            "type": "block",
            "id": "UIlEok4vRGSoIJGyrNSzF",
            "flavour": "affine:list",
            "version": 1,
            "props": {
              "type": "bulleted",
              "text": {
                "$blocksuite:internal:text$": true,
                "delta": [
                  {
                    "insert": "Character 1"
                  }
                ]
              },
              "checked": false,
              "collapsed": false,
              "order": null
            },
            "children": []
          },
          {
            "type": "block",
            "id": "g6UkrlxfCOa2aXrJ9w2KV",
            "flavour": "affine:list",
            "version": 1,
            "props": {
              "type": "bulleted",
              "text": {
                "$blocksuite:internal:text$": true,
                "delta": [
                  {
                    "insert": "Character 2"
                  }
                ]
              },
              "checked": false,
              "collapsed": false,
              "order": null
            },
            "children": []
          },
          {
            "type": "block",
            "id": "4IUswH1EFoz9hzWyP8FOd",
            "flavour": "affine:paragraph",
            "version": 1,
            "props": {
              "type": "h3",
              "text": {
                "$blocksuite:internal:text$": true,
                "delta": [
                  {
                    "insert": "Location"
                  }
                ]
              }
            },
            "children": []
          },
          {
            "type": "block",
            "id": "XOGS5B7T9Yp0ljDgrk6rO",
            "flavour": "affine:paragraph",
            "version": 1,
            "props": {
              "type": "text",
              "text": {
                "$blocksuite:internal:text$": true,
                "delta": [
                  {
                    "insert": "Description of the location"
                  }
                ]
              }
            },
            "children": []
          },
          {
            "type": "block",
            "id": "M0b24IcqjNR7lkg4uBpuU",
            "flavour": "affine:paragraph",
            "version": 1,
            "props": {
              "type": "h3",
              "text": {
                "$blocksuite:internal:text$": true,
                "delta": [
                  {
                    "insert": "Action"
                  }
                ]
              }
            },
            "children": []
          },
          {
            "type": "block",
            "id": "VFDVxc4Kk_zHvnkWZOjup",
            "flavour": "affine:paragraph",
            "version": 1,
            "props": {
              "type": "text",
              "text": {
                "$blocksuite:internal:text$": true,
                "delta": [
                  {
                    "insert": "Detailed description of the action taking place in the scene"
                  }
                ]
              }
            },
            "children": []
          },
          {
            "type": "block",
            "id": "xtgiG404hic72l7sF24oy",
            "flavour": "affine:paragraph",
            "version": 1,
            "props": {
              "type": "h2",
              "text": {
                "$blocksuite:internal:text$": true,
                "delta": [
                  {
                    "insert": "Scene 3"
                  }
                ]
              }
            },
            "children": []
          },
          {
            "type": "block",
            "id": "0O35Jk8UhZHudWMafWwYK",
            "flavour": "affine:paragraph",
            "version": 1,
            "props": {
              "type": "h3",
              "text": {
                "$blocksuite:internal:text$": true,
                "delta": [
                  {
                    "insert": "Title"
                  }
                ]
              }
            },
            "children": []
          },
          {
            "type": "block",
            "id": "XnC5QSZnXd7aO_NcbNjlH",
            "flavour": "affine:paragraph",
            "version": 1,
            "props": {
              "type": "text",
              "text": {
                "$blocksuite:internal:text$": true,
                "delta": [
                  {
                    "insert": "Description of the scene"
                  }
                ]
              }
            },
            "children": []
          },
          {
            "type": "block",
            "id": "QOkcTS-a_VqNjBAlvKHbJ",
            "flavour": "affine:paragraph",
            "version": 1,
            "props": {
              "type": "h3",
              "text": {
                "$blocksuite:internal:text$": true,
                "delta": [
                  {
                    "insert": "Characters"
                  }
                ]
              }
            },
            "children": []
          },
          {
            "type": "block",
            "id": "mEVHjGV2FPolIesVvC68o",
            "flavour": "affine:list",
            "version": 1,
            "props": {
              "type": "bulleted",
              "text": {
                "$blocksuite:internal:text$": true,
                "delta": [
                  {
                    "insert": "Character 1"
                  }
                ]
              },
              "checked": false,
              "collapsed": false,
              "order": null
            },
            "children": []
          },
          {
            "type": "block",
            "id": "bVSI-WsEhgsNiLARuJMyM",
            "flavour": "affine:list",
            "version": 1,
            "props": {
              "type": "bulleted",
              "text": {
                "$blocksuite:internal:text$": true,
                "delta": [
                  {
                    "insert": "Character 3"
                  }
                ]
              },
              "checked": false,
              "collapsed": false,
              "order": null
            },
            "children": []
          },
          {
            "type": "block",
            "id": "ep0ttMUJ8M-yFYlxapyb0",
            "flavour": "affine:paragraph",
            "version": 1,
            "props": {
              "type": "h3",
              "text": {
                "$blocksuite:internal:text$": true,
                "delta": [
                  {
                    "insert": "Location"
                  }
                ]
              }
            },
            "children": []
          },
          {
            "type": "block",
            "id": "XK0_VRHNLwKqyFtNOwDwV",
            "flavour": "affine:paragraph",
            "version": 1,
            "props": {
              "type": "text",
              "text": {
                "$blocksuite:internal:text$": true,
                "delta": [
                  {
                    "insert": "Description of the location"
                  }
                ]
              }
            },
            "children": []
          },
          {
            "type": "block",
            "id": "NX0g_SgQLlVUk-r93I2yj",
            "flavour": "affine:paragraph",
            "version": 1,
            "props": {
              "type": "h3",
              "text": {
                "$blocksuite:internal:text$": true,
                "delta": [
                  {
                    "insert": "Action"
                  }
                ]
              }
            },
            "children": []
          },
          {
            "type": "block",
            "id": "HoU6FVMB6iV-rJIfo_Zk5",
            "flavour": "affine:paragraph",
            "version": 1,
            "props": {
              "type": "text",
              "text": {
                "$blocksuite:internal:text$": true,
                "delta": [
                  {
                    "insert": "Detailed description of the action taking place in the scene"
                  }
                ]
              }
            },
            "children": []
          },
          {
            "type": "block",
            "id": "G0VuULhETtxamvKkxpd65",
            "flavour": "affine:paragraph",
            "version": 1,
            "props": {
              "type": "h2",
              "text": {
                "$blocksuite:internal:text$": true,
                "delta": [
                  {
                    "insert": "Scene 4"
                  }
                ]
              }
            },
            "children": []
          },
          {
            "type": "block",
            "id": "3ezKX8dMlBMVuEn30FRhT",
            "flavour": "affine:paragraph",
            "version": 1,
            "props": {
              "type": "h3",
              "text": {
                "$blocksuite:internal:text$": true,
                "delta": [
                  {
                    "insert": "Title"
                  }
                ]
              }
            },
            "children": []
          },
          {
            "type": "block",
            "id": "Auw3gHrPn3NbIhlAxmD63",
            "flavour": "affine:paragraph",
            "version": 1,
            "props": {
              "type": "text",
              "text": {
                "$blocksuite:internal:text$": true,
                "delta": [
                  {
                    "insert": "Description of the scene"
                  }
                ]
              }
            },
            "children": []
          },
          {
            "type": "block",
            "id": "9W8DCbt3Kz95zrqKvWJZy",
            "flavour": "affine:paragraph",
            "version": 1,
            "props": {
              "type": "h3",
              "text": {
                "$blocksuite:internal:text$": true,
                "delta": [
                  {
                    "insert": "Characters"
                  }
                ]
              }
            },
            "children": []
          },
          {
            "type": "block",
            "id": "88pkBBaaH22ayghbJEqMn",
            "flavour": "affine:list",
            "version": 1,
            "props": {
              "type": "bulleted",
              "text": {
                "$blocksuite:internal:text$": true,
                "delta": [
                  {
                    "insert": "Character 2"
                  }
                ]
              },
              "checked": false,
              "collapsed": false,
              "order": null
            },
            "children": []
          },
          {
            "type": "block",
            "id": "PO0ARMOybAldWPdYiBwpx",
            "flavour": "affine:list",
            "version": 1,
            "props": {
              "type": "bulleted",
              "text": {
                "$blocksuite:internal:text$": true,
                "delta": [
                  {
                    "insert": "Character 3"
                  }
                ]
              },
              "checked": false,
              "collapsed": false,
              "order": null
            },
            "children": []
          },
          {
            "type": "block",
            "id": "2KyWnJkI3wBrI8jF8GVIi",
            "flavour": "affine:paragraph",
            "version": 1,
            "props": {
              "type": "h3",
              "text": {
                "$blocksuite:internal:text$": true,
                "delta": [
                  {
                    "insert": "Location"
                  }
                ]
              }
            },
            "children": []
          },
          {
            "type": "block",
            "id": "ZzZdzBBjmNWrVtRnHtX0F",
            "flavour": "affine:paragraph",
            "version": 1,
            "props": {
              "type": "text",
              "text": {
                "$blocksuite:internal:text$": true,
                "delta": [
                  {
                    "insert": "Description of the location"
                  }
                ]
              }
            },
            "children": []
          },
          {
            "type": "block",
            "id": "1nZRFm-P3rk1fumfgEAjQ",
            "flavour": "affine:paragraph",
            "version": 1,
            "props": {
              "type": "h3",
              "text": {
                "$blocksuite:internal:text$": true,
                "delta": [
                  {
                    "insert": "Action"
                  }
                ]
              }
            },
            "children": []
          },
          {
            "type": "block",
            "id": "gcThjtflV63LUyVTKqcKz",
            "flavour": "affine:paragraph",
            "version": 1,
            "props": {
              "type": "text",
              "text": {
                "$blocksuite:internal:text$": true,
                "delta": [
                  {
                    "insert": "Detailed description of the action taking place in the scene"
                  }
                ]
              }
            },
            "children": []
          },
          {
            "type": "block",
            "id": "Ymh-iy8vWwu9dvbwVFsIW",
            "flavour": "affine:paragraph",
            "version": 1,
            "props": {
              "type": "h2",
              "text": {
                "$blocksuite:internal:text$": true,
                "delta": [
                  {
                    "insert": "Scene 5"
                  }
                ]
              }
            },
            "children": []
          },
          {
            "type": "block",
            "id": "DLd4pSGVw_YP9C4VzAWSj",
            "flavour": "affine:paragraph",
            "version": 1,
            "props": {
              "type": "h3",
              "text": {
                "$blocksuite:internal:text$": true,
                "delta": [
                  {
                    "insert": "Title"
                  }
                ]
              }
            },
            "children": []
          },
          {
            "type": "block",
            "id": "cjBLBLBoIhWg4j93_BYPk",
            "flavour": "affine:paragraph",
            "version": 1,
            "props": {
              "type": "text",
              "text": {
                "$blocksuite:internal:text$": true,
                "delta": [
                  {
                    "insert": "Description of the scene"
                  }
                ]
              }
            },
            "children": []
          },
          {
            "type": "block",
            "id": "QDj1AQiweUANxJBTfsCRt",
            "flavour": "affine:paragraph",
            "version": 1,
            "props": {
              "type": "h3",
              "text": {
                "$blocksuite:internal:text$": true,
                "delta": [
                  {
                    "insert": "Characters"
                  }
                ]
              }
            },
            "children": []
          },
          {
            "type": "block",
            "id": "iycQq6nUn0zK1ZlJgJA65",
            "flavour": "affine:list",
            "version": 1,
            "props": {
              "type": "bulleted",
              "text": {
                "$blocksuite:internal:text$": true,
                "delta": [
                  {
                    "insert": "Character 1"
                  }
                ]
              },
              "checked": false,
              "collapsed": false,
              "order": null
            },
            "children": []
          },
          {
            "type": "block",
            "id": "Y6igP4bbqNi7VKLwD-zTi",
            "flavour": "affine:list",
            "version": 1,
            "props": {
              "type": "bulleted",
              "text": {
                "$blocksuite:internal:text$": true,
                "delta": [
                  {
                    "insert": "Character 2"
                  }
                ]
              },
              "checked": false,
              "collapsed": false,
              "order": null
            },
            "children": []
          },
          {
            "type": "block",
            "id": "PI1b0OON5bExckgxb76-F",
            "flavour": "affine:list",
            "version": 1,
            "props": {
              "type": "bulleted",
              "text": {
                "$blocksuite:internal:text$": true,
                "delta": [
                  {
                    "insert": "Character 3"
                  }
                ]
              },
              "checked": false,
              "collapsed": false,
              "order": null
            },
            "children": []
          },
          {
            "type": "block",
            "id": "E85VlmblWBgO2oc9LLV0z",
            "flavour": "affine:paragraph",
            "version": 1,
            "props": {
              "type": "h3",
              "text": {
                "$blocksuite:internal:text$": true,
                "delta": [
                  {
                    "insert": "Location"
                  }
                ]
              }
            },
            "children": []
          },
          {
            "type": "block",
            "id": "kOnIoVJYohI-8cbZMI9zI",
            "flavour": "affine:paragraph",
            "version": 1,
            "props": {
              "type": "text",
              "text": {
                "$blocksuite:internal:text$": true,
                "delta": [
                  {
                    "insert": "Description of the location"
                  }
                ]
              }
            },
            "children": []
          },
          {
            "type": "block",
            "id": "zxPZTLh0mGt0fLAqby5Rt",
            "flavour": "affine:paragraph",
            "version": 1,
            "props": {
              "type": "h3",
              "text": {
                "$blocksuite:internal:text$": true,
                "delta": [
                  {
                    "insert": "Action"
                  }
                ]
              }
            },
            "children": []
          },
          {
            "type": "block",
            "id": "BRcbQKaEJRCg861PdrAdM",
            "flavour": "affine:paragraph",
            "version": 1,
            "props": {
              "type": "text",
              "text": {
                "$blocksuite:internal:text$": true,
                "delta": [
                  {
                    "insert": "Detailed description of the action taking place in the scene"
                  }
                ]
              }
            },
            "children": []
          },
          {
            "type": "block",
            "id": "1UeY7pFJdvvllYjfvKc3-",
            "flavour": "affine:paragraph",
            "version": 1,
            "props": {
              "type": "h2",
              "text": {
                "$blocksuite:internal:text$": true,
                "delta": [
                  {
                    "insert": "Conclusion"
                  }
                ]
              }
            },
            "children": []
          },
          {
            "type": "block",
            "id": "ie6prrWY43FjbT-WY-1SM",
            "flavour": "affine:paragraph",
            "version": 1,
            "props": {
              "type": "text",
              "text": {
                "$blocksuite:internal:text$": true,
                "delta": [
                  {
                    "insert": "Summarize the key events and outcomes of the storyboard."
                  }
                ]
              }
            },
            "children": []
          }
        ]
      }
    ]
  }
}