{
  "type": "page",
  "meta": {
    "id": "yyvcx1EOC4HHYB8LidLOO",
    "title": "Pregnancy Planner",
    "createDate": 1728643905405,
    "tags": []
  },
  "blocks": {
    "type": "block",
    "id": "BdqDq-5-nYUVc1lCMGY5m",
    "flavour": "affine:page",
    "version": 2,
    "props": {
      "title": {
        "$blocksuite:internal:text$": true,
        "delta": [
          {
            "insert": "Pregnancy Planner"
          }
        ]
      }
    },
    "children": [
      {
        "type": "block",
        "id": "TAzYMsLI61gcX9jPVAjsR",
        "flavour": "affine:surface",
        "version": 5,
        "props": {
          "elements": {}
        },
        "children": []
      },
      {
        "type": "block",
        "id": "sL_cW7a7Mzi8Rfd08Qv9O",
        "flavour": "affine:note",
        "version": 1,
        "props": {
          "xywh": "[0,0,800,95]",
          "background": "--affine-note-background-white",
          "index": "a0",
          "hidden": false,
          "displayMode": "both",
          "edgeless": {
            "style": {
              "borderRadius": 8,
              "borderSize": 4,
              "borderStyle": "none",
              "shadowType": "--affine-note-shadow-box"
            }
          }
        },
        "children": [
          {
            "type": "block",
            "id": "panKNLDjMpDruf5jGGRJd",
            "flavour": "affine:paragraph",
            "version": 1,
            "props": {
              "type": "h2",
              "text": {
                "$blocksuite:internal:text$": true,
                "delta": [
                  {
                    "insert": "Pregnancy Week: [Enter Week Number]"
                  }
                ]
              }
            },
            "children": []
          },
          {
            "type": "block",
            "id": "xShdBxKP1OO0vLPUm_8ur",
            "flavour": "affine:divider",
            "version": 1,
            "props": {},
            "children": []
          },
          {
            "type": "block",
            "id": "8Fhh68A2QYc7o8ln0DEPB",
            "flavour": "affine:paragraph",
            "version": 1,
            "props": {
              "type": "h2",
              "text": {
                "$blocksuite:internal:text$": true,
                "delta": [
                  {
                    "insert": "Trimester Overview"
                  }
                ]
              }
            },
            "children": []
          },
          {
            "type": "block",
            "id": "wRA4P0Tj1GtnWg1L927uG",
            "flavour": "affine:paragraph",
            "version": 1,
            "props": {
              "type": "h3",
              "text": {
                "$blocksuite:internal:text$": true,
                "delta": [
                  {
                    "insert": "First Trimester (Weeks 1-12)"
                  }
                ]
              }
            },
            "children": []
          },
          {
            "type": "block",
            "id": "DpCXXBg-eg5e3DFJq17xM",
            "flavour": "affine:list",
            "version": 1,
            "props": {
              "type": "todo",
              "text": {
                "$blocksuite:internal:text$": true,
                "delta": [
                  {
                    "insert": "Schedule first prenatal appointment",
                    "attributes": {
                      "bold": true
                    }
                  }
                ]
              },
              "checked": false,
              "collapsed": false,
              "order": null
            },
            "children": []
          },
          {
            "type": "block",
            "id": "NoRBdUMiyguV_Qet1W2yR",
            "flavour": "affine:list",
            "version": 1,
            "props": {
              "type": "todo",
              "text": {
                "$blocksuite:internal:text$": true,
                "delta": [
                  {
                    "insert": "Start taking prenatal vitamins",
                    "attributes": {
                      "bold": true
                    }
                  }
                ]
              },
              "checked": false,
              "collapsed": false,
              "order": null
            },
            "children": []
          },
          {
            "type": "block",
            "id": "KTh7-jlmhuF5AFmO8c_4I",
            "flavour": "affine:list",
            "version": 1,
            "props": {
              "type": "todo",
              "text": {
                "$blocksuite:internal:text$": true,
                "delta": [
                  {
                    "insert": "Research healthcare providers",
                    "attributes": {
                      "bold": true
                    }
                  }
                ]
              },
              "checked": false,
              "collapsed": false,
              "order": null
            },
            "children": []
          },
          {
            "type": "block",
            "id": "UWjqp3kQ07IX9BfHEM3kj",
            "flavour": "affine:list",
            "version": 1,
            "props": {
              "type": "bulleted",
              "text": {
                "$blocksuite:internal:text$": true,
                "delta": [
                  {
                    "insert": "Notes",
                    "attributes": {
                      "bold": true
                    }
                  },
                  {
                    "insert": ": [Additional notes for this trimester]"
                  }
                ]
              },
              "checked": false,
              "collapsed": false,
              "order": null
            },
            "children": []
          },
          {
            "type": "block",
            "id": "rPaRtyxZFcrvexXbcLkde",
            "flavour": "affine:paragraph",
            "version": 1,
            "props": {
              "type": "h3",
              "text": {
                "$blocksuite:internal:text$": true,
                "delta": [
                  {
                    "insert": "Second Trimester (Weeks 13-27)"
                  }
                ]
              }
            },
            "children": []
          },
          {
            "type": "block",
            "id": "YVddznJeU2ovnYm7furMM",
            "flavour": "affine:list",
            "version": 1,
            "props": {
              "type": "todo",
              "text": {
                "$blocksuite:internal:text$": true,
                "delta": [
                  {
                    "insert": "Start baby registry",
                    "attributes": {
                      "bold": true
                    }
                  }
                ]
              },
              "checked": false,
              "collapsed": false,
              "order": null
            },
            "children": []
          },
          {
            "type": "block",
            "id": "icDBCkeP0NbQFIhMvBOKz",
            "flavour": "affine:list",
            "version": 1,
            "props": {
              "type": "todo",
              "text": {
                "$blocksuite:internal:text$": true,
                "delta": [
                  {
                    "insert": "Plan gender reveal (if desired)",
                    "attributes": {
                      "bold": true
                    }
                  }
                ]
              },
              "checked": false,
              "collapsed": false,
              "order": null
            },
            "children": []
          },
          {
            "type": "block",
            "id": "99MXW62fhoCE0w8Lkex49",
            "flavour": "affine:list",
            "version": 1,
            "props": {
              "type": "todo",
              "text": {
                "$blocksuite:internal:text$": true,
                "delta": [
                  {
                    "insert": "Begin nursery setup",
                    "attributes": {
                      "bold": true
                    }
                  }
                ]
              },
              "checked": false,
              "collapsed": false,
              "order": null
            },
            "children": []
          },
          {
            "type": "block",
            "id": "zoG-4aKXDWEaG6O9JHIte",
            "flavour": "affine:list",
            "version": 1,
            "props": {
              "type": "bulleted",
              "text": {
                "$blocksuite:internal:text$": true,
                "delta": [
                  {
                    "insert": "Notes",
                    "attributes": {
                      "bold": true
                    }
                  },
                  {
                    "insert": ":"
                  }
                ]
              },
              "checked": false,
              "collapsed": false,
              "order": null
            },
            "children": []
          },
          {
            "type": "block",
            "id": "0mDOVFTk2E10-zNlq4xm5",
            "flavour": "affine:paragraph",
            "version": 1,
            "props": {
              "type": "h3",
              "text": {
                "$blocksuite:internal:text$": true,
                "delta": [
                  {
                    "insert": "Third Trimester (Weeks 28-40)"
                  }
                ]
              }
            },
            "children": []
          },
          {
            "type": "block",
            "id": "-FZe-1ole4CsovFVp4-pG",
            "flavour": "affine:list",
            "version": 1,
            "props": {
              "type": "todo",
              "text": {
                "$blocksuite:internal:text$": true,
                "delta": [
                  {
                    "insert": "Create birth plan",
                    "attributes": {
                      "bold": true
                    }
                  }
                ]
              },
              "checked": false,
              "collapsed": false,
              "order": null
            },
            "children": []
          },
          {
            "type": "block",
            "id": "FCMtgMwhx6m48xvibHIEt",
            "flavour": "affine:list",
            "version": 1,
            "props": {
              "type": "todo",
              "text": {
                "$blocksuite:internal:text$": true,
                "delta": [
                  {
                    "insert": "Pack hospital bag",
                    "attributes": {
                      "bold": true
                    }
                  }
                ]
              },
              "checked": false,
              "collapsed": false,
              "order": null
            },
            "children": []
          },
          {
            "type": "block",
            "id": "4ppP7ca2RX1KkPig-r1jA",
            "flavour": "affine:list",
            "version": 1,
            "props": {
              "type": "todo",
              "text": {
                "$blocksuite:internal:text$": true,
                "delta": [
                  {
                    "insert": "Finalize nursery and baby essentials",
                    "attributes": {
                      "bold": true
                    }
                  }
                ]
              },
              "checked": false,
              "collapsed": false,
              "order": null
            },
            "children": []
          },
          {
            "type": "block",
            "id": "tlsrrP4j6HzUxbuM-HuQE",
            "flavour": "affine:list",
            "version": 1,
            "props": {
              "type": "bulleted",
              "text": {
                "$blocksuite:internal:text$": true,
                "delta": [
                  {
                    "insert": "Notes",
                    "attributes": {
                      "bold": true
                    }
                  },
                  {
                    "insert": ":"
                  }
                ]
              },
              "checked": false,
              "collapsed": false,
              "order": null
            },
            "children": []
          },
          {
            "type": "block",
            "id": "emmJskti26OJ-vmCX3FBg",
            "flavour": "affine:divider",
            "version": 1,
            "props": {},
            "children": []
          },
          {
            "type": "block",
            "id": "ohJYmnivzXQ2O8RH6Jntd",
            "flavour": "affine:paragraph",
            "version": 1,
            "props": {
              "type": "h2",
              "text": {
                "$blocksuite:internal:text$": true,
                "delta": [
                  {
                    "insert": "Weekly Wellness Tracker"
                  }
                ]
              }
            },
            "children": []
          },
          {
            "type": "block",
            "id": "BMNm6ZWRe0wPmSJEY4lSf",
            "flavour": "affine:paragraph",
            "version": 1,
            "props": {
              "type": "h3",
              "text": {
                "$blocksuite:internal:text$": true,
                "delta": [
                  {
                    "insert": "Physical Health"
                  }
                ]
              }
            },
            "children": []
          },
          {
            "type": "block",
            "id": "9T7Nsn1GrH5LJLdZ_CBE9",
            "flavour": "affine:list",
            "version": 1,
            "props": {
              "type": "bulleted",
              "text": {
                "$blocksuite:internal:text$": true,
                "delta": [
                  {
                    "insert": "Weight Check",
                    "attributes": {
                      "bold": true
                    }
                  },
                  {
                    "insert": ": [Enter current weight]"
                  }
                ]
              },
              "checked": false,
              "collapsed": false,
              "order": null
            },
            "children": []
          },
          {
            "type": "block",
            "id": "_eJm1AgEenfzcTRSULep-",
            "flavour": "affine:list",
            "version": 1,
            "props": {
              "type": "bulleted",
              "text": {
                "$blocksuite:internal:text$": true,
                "delta": [
                  {
                    "insert": "Exercise Routine",
                    "attributes": {
                      "bold": true
                    }
                  },
                  {
                    "insert": ": [e.g., Walking, Yoga, Prenatal exercises]"
                  }
                ]
              },
              "checked": false,
              "collapsed": false,
              "order": null
            },
            "children": []
          },
          {
            "type": "block",
            "id": "gWauGjl2m90GbpqQfZIpp",
            "flavour": "affine:list",
            "version": 1,
            "props": {
              "type": "bulleted",
              "text": {
                "$blocksuite:internal:text$": true,
                "delta": [
                  {
                    "insert": "Prenatal Vitamins",
                    "attributes": {
                      "bold": true
                    }
                  },
                  {
                    "insert": ": [Check if taken daily]"
                  }
                ]
              },
              "checked": false,
              "collapsed": false,
              "order": null
            },
            "children": [
              {
                "type": "block",
                "id": "mODR4t2gserz20scgpv6p",
                "flavour": "affine:list",
                "version": 1,
                "props": {
                  "type": "todo",
                  "text": {
                    "$blocksuite:internal:text$": true,
                    "delta": [
                      {
                        "insert": "Monday"
                      }
                    ]
                  },
                  "checked": false,
                  "collapsed": false,
                  "order": null
                },
                "children": []
              },
              {
                "type": "block",
                "id": "yl5N2kNcDp2LcPw6G0Pfs",
                "flavour": "affine:list",
                "version": 1,
                "props": {
                  "type": "todo",
                  "text": {
                    "$blocksuite:internal:text$": true,
                    "delta": [
                      {
                        "insert": "Tuesday"
                      }
                    ]
                  },
                  "checked": false,
                  "collapsed": false,
                  "order": null
                },
                "children": []
              },
              {
                "type": "block",
                "id": "5zx7-wkrHC3jR5BRoT8U2",
                "flavour": "affine:list",
                "version": 1,
                "props": {
                  "type": "todo",
                  "text": {
                    "$blocksuite:internal:text$": true,
                    "delta": [
                      {
                        "insert": "Wednesday"
                      }
                    ]
                  },
                  "checked": false,
                  "collapsed": false,
                  "order": null
                },
                "children": []
              },
              {
                "type": "block",
                "id": "HzdnoWvBXEeVUeSuEiE2w",
                "flavour": "affine:list",
                "version": 1,
                "props": {
                  "type": "todo",
                  "text": {
                    "$blocksuite:internal:text$": true,
                    "delta": [
                      {
                        "insert": "Thursday"
                      }
                    ]
                  },
                  "checked": false,
                  "collapsed": false,
                  "order": null
                },
                "children": []
              },
              {
                "type": "block",
                "id": "_yoj7DuNsw5JAH1vl5re2",
                "flavour": "affine:list",
                "version": 1,
                "props": {
                  "type": "todo",
                  "text": {
                    "$blocksuite:internal:text$": true,
                    "delta": [
                      {
                        "insert": "Friday"
                      }
                    ]
                  },
                  "checked": false,
                  "collapsed": false,
                  "order": null
                },
                "children": []
              },
              {
                "type": "block",
                "id": "-_lCMxabYh-4FXdW1ZzJE",
                "flavour": "affine:list",
                "version": 1,
                "props": {
                  "type": "todo",
                  "text": {
                    "$blocksuite:internal:text$": true,
                    "delta": [
                      {
                        "insert": "Saturday"
                      }
                    ]
                  },
                  "checked": false,
                  "collapsed": false,
                  "order": null
                },
                "children": []
              },
              {
                "type": "block",
                "id": "0qoih3XwX9D8avRHNOHmf",
                "flavour": "affine:list",
                "version": 1,
                "props": {
                  "type": "todo",
                  "text": {
                    "$blocksuite:internal:text$": true,
                    "delta": [
                      {
                        "insert": "Sunday"
                      }
                    ]
                  },
                  "checked": false,
                  "collapsed": false,
                  "order": null
                },
                "children": []
              }
            ]
          },
          {
            "type": "block",
            "id": "SnBdb9bFpwhloKkRzy5eB",
            "flavour": "affine:paragraph",
            "version": 1,
            "props": {
              "type": "h3",
              "text": {
                "$blocksuite:internal:text$": true,
                "delta": [
                  {
                    "insert": "Doctor's Appointments"
                  }
                ]
              }
            },
            "children": []
          },
          {
            "type": "block",
            "id": "WzWEoZOt59CHeFRqSfoaX",
            "flavour": "affine:list",
            "version": 1,
            "props": {
              "type": "bulleted",
              "text": {
                "$blocksuite:internal:text$": true,
                "delta": [
                  {
                    "insert": "Next Appointment",
                    "attributes": {
                      "bold": true
                    }
                  },
                  {
                    "insert": ": [Enter Date]"
                  }
                ]
              },
              "checked": false,
              "collapsed": false,
              "order": null
            },
            "children": []
          },
          {
            "type": "block",
            "id": "2Gi3mGwa44b0OunxS6_s2",
            "flavour": "affine:list",
            "version": 1,
            "props": {
              "type": "bulleted",
              "text": {
                "$blocksuite:internal:text$": true,
                "delta": [
                  {
                    "insert": "Questions to Ask",
                    "attributes": {
                      "bold": true
                    }
                  },
                  {
                    "insert": ":"
                  }
                ]
              },
              "checked": false,
              "collapsed": false,
              "order": null
            },
            "children": [
              {
                "type": "block",
                "id": "QZzyiXG_YDgpuBrHtkDdv",
                "flavour": "affine:list",
                "version": 1,
                "props": {
                  "type": "bulleted",
                  "text": {
                    "$blocksuite:internal:text$": true,
                    "delta": []
                  },
                  "checked": false,
                  "collapsed": false,
                  "order": null
                },
                "children": [
                  {
                    "type": "block",
                    "id": "fkE__D2klYz1F7VrFDFej",
                    "flavour": "affine:list",
                    "version": 1,
                    "props": {
                      "type": "numbered",
                      "text": {
                        "$blocksuite:internal:text$": true,
                        "delta": [
                          {
                            "insert": "[Question 1]"
                          }
                        ]
                      },
                      "checked": false,
                      "collapsed": false,
                      "order": 1
                    },
                    "children": []
                  }
                ]
              },
              {
                "type": "block",
                "id": "p6xuK8rkFLbNtuQ0rP1D8",
                "flavour": "affine:list",
                "version": 1,
                "props": {
                  "type": "bulleted",
                  "text": {
                    "$blocksuite:internal:text$": true,
                    "delta": []
                  },
                  "checked": false,
                  "collapsed": false,
                  "order": null
                },
                "children": [
                  {
                    "type": "block",
                    "id": "LQ6WapdiFK8zz485l6r-U",
                    "flavour": "affine:list",
                    "version": 1,
                    "props": {
                      "type": "numbered",
                      "text": {
                        "$blocksuite:internal:text$": true,
                        "delta": [
                          {
                            "insert": "[Question 2]"
                          }
                        ]
                      },
                      "checked": false,
                      "collapsed": false,
                      "order": 1
                    },
                    "children": []
                  }
                ]
              }
            ]
          },
          {
            "type": "block",
            "id": "Hoy7rq7vrphvIFS1KDaKj",
            "flavour": "affine:divider",
            "version": 1,
            "props": {},
            "children": []
          },
          {
            "type": "block",
            "id": "1qtsUREhJPpFOMlJO47EO",
            "flavour": "affine:paragraph",
            "version": 1,
            "props": {
              "type": "h2",
              "text": {
                "$blocksuite:internal:text$": true,
                "delta": [
                  {
                    "insert": "Baby Preparation"
                  }
                ]
              }
            },
            "children": []
          },
          {
            "type": "block",
            "id": "BcN8g9Oe18ZnWNV3IuwIk",
            "flavour": "affine:paragraph",
            "version": 1,
            "props": {
              "type": "h3",
              "text": {
                "$blocksuite:internal:text$": true,
                "delta": [
                  {
                    "insert": "Baby Names Ideas"
                  }
                ]
              }
            },
            "children": []
          },
          {
            "type": "block",
            "id": "kNT00nOMMdk1wB18HieLO",
            "flavour": "affine:list",
            "version": 1,
            "props": {
              "type": "bulleted",
              "text": {
                "$blocksuite:internal:text$": true,
                "delta": [
                  {
                    "insert": "Boy Names",
                    "attributes": {
                      "bold": true
                    }
                  },
                  {
                    "insert": ":"
                  }
                ]
              },
              "checked": false,
              "collapsed": false,
              "order": null
            },
            "children": [
              {
                "type": "block",
                "id": "mncK-IEzN0U0x6YEnWZ9C",
                "flavour": "affine:list",
                "version": 1,
                "props": {
                  "type": "bulleted",
                  "text": {
                    "$blocksuite:internal:text$": true,
                    "delta": []
                  },
                  "checked": false,
                  "collapsed": false,
                  "order": null
                },
                "children": [
                  {
                    "type": "block",
                    "id": "u98awh_1iOHMvAfZFc45c",
                    "flavour": "affine:list",
                    "version": 1,
                    "props": {
                      "type": "numbered",
                      "text": {
                        "$blocksuite:internal:text$": true,
                        "delta": [
                          {
                            "insert": "[Enter Name]"
                          }
                        ]
                      },
                      "checked": false,
                      "collapsed": false,
                      "order": 1
                    },
                    "children": []
                  }
                ]
              },
              {
                "type": "block",
                "id": "dBU1xcmQSjGaIcUS1pLgE",
                "flavour": "affine:list",
                "version": 1,
                "props": {
                  "type": "bulleted",
                  "text": {
                    "$blocksuite:internal:text$": true,
                    "delta": []
                  },
                  "checked": false,
                  "collapsed": false,
                  "order": null
                },
                "children": [
                  {
                    "type": "block",
                    "id": "JZKF3qR7_zaT79fTBb7Qi",
                    "flavour": "affine:list",
                    "version": 1,
                    "props": {
                      "type": "numbered",
                      "text": {
                        "$blocksuite:internal:text$": true,
                        "delta": [
                          {
                            "insert": "[Enter Name]"
                          }
                        ]
                      },
                      "checked": false,
                      "collapsed": false,
                      "order": 1
                    },
                    "children": []
                  }
                ]
              }
            ]
          },
          {
            "type": "block",
            "id": "mz7ctn4tcugV-Ph0lrEjb",
            "flavour": "affine:list",
            "version": 1,
            "props": {
              "type": "bulleted",
              "text": {
                "$blocksuite:internal:text$": true,
                "delta": [
                  {
                    "insert": "Girl Names",
                    "attributes": {
                      "bold": true
                    }
                  },
                  {
                    "insert": ":"
                  }
                ]
              },
              "checked": false,
              "collapsed": false,
              "order": null
            },
            "children": [
              {
                "type": "block",
                "id": "KvkuncMzYhPnaUpk_HVZ0",
                "flavour": "affine:list",
                "version": 1,
                "props": {
                  "type": "bulleted",
                  "text": {
                    "$blocksuite:internal:text$": true,
                    "delta": []
                  },
                  "checked": false,
                  "collapsed": false,
                  "order": null
                },
                "children": [
                  {
                    "type": "block",
                    "id": "Q7MadWQg3pyc9oCNKYGLD",
                    "flavour": "affine:list",
                    "version": 1,
                    "props": {
                      "type": "numbered",
                      "text": {
                        "$blocksuite:internal:text$": true,
                        "delta": [
                          {
                            "insert": "[Enter Name]"
                          }
                        ]
                      },
                      "checked": false,
                      "collapsed": false,
                      "order": 1
                    },
                    "children": []
                  }
                ]
              },
              {
                "type": "block",
                "id": "FHzVN6MT6FAmYRJhJgvxQ",
                "flavour": "affine:list",
                "version": 1,
                "props": {
                  "type": "bulleted",
                  "text": {
                    "$blocksuite:internal:text$": true,
                    "delta": []
                  },
                  "checked": false,
                  "collapsed": false,
                  "order": null
                },
                "children": [
                  {
                    "type": "block",
                    "id": "sTdXEadmOfTI-3jNBmtFW",
                    "flavour": "affine:list",
                    "version": 1,
                    "props": {
                      "type": "numbered",
                      "text": {
                        "$blocksuite:internal:text$": true,
                        "delta": [
                          {
                            "insert": "[Enter Name]"
                          }
                        ]
                      },
                      "checked": false,
                      "collapsed": false,
                      "order": 1
                    },
                    "children": []
                  }
                ]
              }
            ]
          },
          {
            "type": "block",
            "id": "x9Rb8AWZZ9mFAGe6EiexP",
            "flavour": "affine:paragraph",
            "version": 1,
            "props": {
              "type": "h3",
              "text": {
                "$blocksuite:internal:text$": true,
                "delta": [
                  {
                    "insert": "Nursery Planning"
                  }
                ]
              }
            },
            "children": []
          },
          {
            "type": "block",
            "id": "BHCaaVZqKX3jGA2cRqqxX",
            "flavour": "affine:list",
            "version": 1,
            "props": {
              "type": "bulleted",
              "text": {
                "$blocksuite:internal:text$": true,
                "delta": [
                  {
                    "insert": "Theme",
                    "attributes": {
                      "bold": true
                    }
                  },
                  {
                    "insert": ": [e.g., Woodland, Pastel, Minimalist]"
                  }
                ]
              },
              "checked": false,
              "collapsed": false,
              "order": null
            },
            "children": []
          },
          {
            "type": "block",
            "id": "ZZRBilhY4aV6UozcM5XNY",
            "flavour": "affine:list",
            "version": 1,
            "props": {
              "type": "bulleted",
              "text": {
                "$blocksuite:internal:text$": true,
                "delta": [
                  {
                    "insert": "Items to Purchase",
                    "attributes": {
                      "bold": true
                    }
                  },
                  {
                    "insert": ":"
                  }
                ]
              },
              "checked": false,
              "collapsed": false,
              "order": null
            },
            "children": [
              {
                "type": "block",
                "id": "Se8w4YdDwR_428uJknYsy",
                "flavour": "affine:list",
                "version": 1,
                "props": {
                  "type": "todo",
                  "text": {
                    "$blocksuite:internal:text$": true,
                    "delta": [
                      {
                        "insert": "Crib"
                      }
                    ]
                  },
                  "checked": false,
                  "collapsed": false,
                  "order": null
                },
                "children": []
              },
              {
                "type": "block",
                "id": "B5PFDPQyCotp24bzNkku7",
                "flavour": "affine:list",
                "version": 1,
                "props": {
                  "type": "todo",
                  "text": {
                    "$blocksuite:internal:text$": true,
                    "delta": [
                      {
                        "insert": "Changing Table"
                      }
                    ]
                  },
                  "checked": false,
                  "collapsed": false,
                  "order": null
                },
                "children": []
              },
              {
                "type": "block",
                "id": "n9zEsd9yGaTegElvfQmzN",
                "flavour": "affine:list",
                "version": 1,
                "props": {
                  "type": "todo",
                  "text": {
                    "$blocksuite:internal:text$": true,
                    "delta": [
                      {
                        "insert": "Baby Monitor"
                      }
                    ]
                  },
                  "checked": false,
                  "collapsed": false,
                  "order": null
                },
                "children": []
              }
            ]
          },
          {
            "type": "block",
            "id": "e9rw1dRxIMHFWOyA8YKcq",
            "flavour": "affine:paragraph",
            "version": 1,
            "props": {
              "type": "h3",
              "text": {
                "$blocksuite:internal:text$": true,
                "delta": [
                  {
                    "insert": "Hospital Bag Checklist"
                  }
                ]
              }
            },
            "children": []
          },
          {
            "type": "block",
            "id": "Cr2AUiNjKs7GkHIpMDL_1",
            "flavour": "affine:list",
            "version": 1,
            "props": {
              "type": "bulleted",
              "text": {
                "$blocksuite:internal:text$": true,
                "delta": [
                  {
                    "insert": "For Mom",
                    "attributes": {
                      "bold": true
                    }
                  },
                  {
                    "insert": ":"
                  }
                ]
              },
              "checked": false,
              "collapsed": false,
              "order": null
            },
            "children": [
              {
                "type": "block",
                "id": "kMsWAmGmt1-XeKEQWsFoA",
                "flavour": "affine:list",
                "version": 1,
                "props": {
                  "type": "todo",
                  "text": {
                    "$blocksuite:internal:text$": true,
                    "delta": [
                      {
                        "insert": "Comfortable clothing"
                      }
                    ]
                  },
                  "checked": false,
                  "collapsed": false,
                  "order": null
                },
                "children": []
              },
              {
                "type": "block",
                "id": "2f0X3nt8Q1Zifc2ALF5Yk",
                "flavour": "affine:list",
                "version": 1,
                "props": {
                  "type": "todo",
                  "text": {
                    "$blocksuite:internal:text$": true,
                    "delta": [
                      {
                        "insert": "Toiletries"
                      }
                    ]
                  },
                  "checked": false,
                  "collapsed": false,
                  "order": null
                },
                "children": []
              },
              {
                "type": "block",
                "id": "8fkVPth6GdRNREnMgvcup",
                "flavour": "affine:list",
                "version": 1,
                "props": {
                  "type": "todo",
                  "text": {
                    "$blocksuite:internal:text$": true,
                    "delta": [
                      {
                        "insert": "Nursing bras"
                      }
                    ]
                  },
                  "checked": false,
                  "collapsed": false,
                  "order": null
                },
                "children": []
              }
            ]
          },
          {
            "type": "block",
            "id": "RyI9HFHAPFL4NaJAAL5cc",
            "flavour": "affine:list",
            "version": 1,
            "props": {
              "type": "bulleted",
              "text": {
                "$blocksuite:internal:text$": true,
                "delta": [
                  {
                    "insert": "For Baby",
                    "attributes": {
                      "bold": true
                    }
                  },
                  {
                    "insert": ":"
                  }
                ]
              },
              "checked": false,
              "collapsed": false,
              "order": null
            },
            "children": [
              {
                "type": "block",
                "id": "_yqFbA3_xDSJojLCfaox4",
                "flavour": "affine:list",
                "version": 1,
                "props": {
                  "type": "todo",
                  "text": {
                    "$blocksuite:internal:text$": true,
                    "delta": [
                      {
                        "insert": "Onesies"
                      }
                    ]
                  },
                  "checked": false,
                  "collapsed": false,
                  "order": null
                },
                "children": []
              },
              {
                "type": "block",
                "id": "iiRt-anFQjiurlgngwtwB",
                "flavour": "affine:list",
                "version": 1,
                "props": {
                  "type": "todo",
                  "text": {
                    "$blocksuite:internal:text$": true,
                    "delta": [
                      {
                        "insert": "Diapers"
                      }
                    ]
                  },
                  "checked": false,
                  "collapsed": false,
                  "order": null
                },
                "children": []
              },
              {
                "type": "block",
                "id": "FNI6yZ3jYVr2J7geaFGTt",
                "flavour": "affine:list",
                "version": 1,
                "props": {
                  "type": "todo",
                  "text": {
                    "$blocksuite:internal:text$": true,
                    "delta": [
                      {
                        "insert": "Swaddle blankets"
                      }
                    ]
                  },
                  "checked": false,
                  "collapsed": false,
                  "order": null
                },
                "children": []
              }
            ]
          },
          {
            "type": "block",
            "id": "x02MBcs6bgzz_epyt1tR4",
            "flavour": "affine:divider",
            "version": 1,
            "props": {},
            "children": []
          },
          {
            "type": "block",
            "id": "EIvrYb5LbcISrb7plcBTb",
            "flavour": "affine:paragraph",
            "version": 1,
            "props": {
              "type": "h2",
              "text": {
                "$blocksuite:internal:text$": true,
                "delta": [
                  {
                    "insert": "Birth Plan"
                  }
                ]
              }
            },
            "children": []
          },
          {
            "type": "block",
            "id": "ZAez89hoTAtzDdhDGHPyt",
            "flavour": "affine:paragraph",
            "version": 1,
            "props": {
              "type": "h3",
              "text": {
                "$blocksuite:internal:text$": true,
                "delta": [
                  {
                    "insert": "Delivery Preferences"
                  }
                ]
              }
            },
            "children": []
          },
          {
            "type": "block",
            "id": "0cryNc3Vumlj3avyRQ2NO",
            "flavour": "affine:list",
            "version": 1,
            "props": {
              "type": "bulleted",
              "text": {
                "$blocksuite:internal:text$": true,
                "delta": [
                  {
                    "insert": "Preferred Delivery Method",
                    "attributes": {
                      "bold": true
                    }
                  },
                  {
                    "insert": ": [e.g., Natural, Epidural, C-Section]"
                  }
                ]
              },
              "checked": false,
              "collapsed": false,
              "order": null
            },
            "children": []
          },
          {
            "type": "block",
            "id": "LTGry3-sm5q8xncAol_Of",
            "flavour": "affine:list",
            "version": 1,
            "props": {
              "type": "bulleted",
              "text": {
                "$blocksuite:internal:text$": true,
                "delta": [
                  {
                    "insert": "Support Team",
                    "attributes": {
                      "bold": true
                    }
                  },
                  {
                    "insert": ": [Partner, Doula, etc.]"
                  }
                ]
              },
              "checked": false,
              "collapsed": false,
              "order": null
            },
            "children": []
          },
          {
            "type": "block",
            "id": "a4p3Fk2-50AJno1w_jeNw",
            "flavour": "affine:list",
            "version": 1,
            "props": {
              "type": "bulleted",
              "text": {
                "$blocksuite:internal:text$": true,
                "delta": [
                  {
                    "insert": "Post-Delivery Wishes",
                    "attributes": {
                      "bold": true
                    }
                  },
                  {
                    "insert": ": [e.g., Skin-to-skin, Immediate breastfeeding]"
                  }
                ]
              },
              "checked": false,
              "collapsed": false,
              "order": null
            },
            "children": []
          },
          {
            "type": "block",
            "id": "ho7UyuTz59tEv3s573w52",
            "flavour": "affine:divider",
            "version": 1,
            "props": {},
            "children": []
          },
          {
            "type": "block",
            "id": "1OrqhMpqlg3LDkuw3fG2-",
            "flavour": "affine:paragraph",
            "version": 1,
            "props": {
              "type": "h2",
              "text": {
                "$blocksuite:internal:text$": true,
                "delta": [
                  {
                    "insert": "Monthly Reflection"
                  }
                ]
              }
            },
            "children": []
          },
          {
            "type": "block",
            "id": "_bL1ttygCgVSWanVS0WF9",
            "flavour": "affine:paragraph",
            "version": 1,
            "props": {
              "type": "h3",
              "text": {
                "$blocksuite:internal:text$": true,
                "delta": [
                  {
                    "insert": "How I’m Feeling"
                  }
                ]
              }
            },
            "children": []
          },
          {
            "type": "block",
            "id": "mRf8SHai5PjWFh5mU9y9C",
            "flavour": "affine:list",
            "version": 1,
            "props": {
              "type": "bulleted",
              "text": {
                "$blocksuite:internal:text$": true,
                "delta": [
                  {
                    "insert": "Emotional Well-being",
                    "attributes": {
                      "bold": true
                    }
                  },
                  {
                    "insert": ": [Reflection on mood and energy levels]"
                  }
                ]
              },
              "checked": false,
              "collapsed": false,
              "order": null
            },
            "children": []
          },
          {
            "type": "block",
            "id": "bS3K9yVu43M_5l9FyM303",
            "flavour": "affine:list",
            "version": 1,
            "props": {
              "type": "bulleted",
              "text": {
                "$blocksuite:internal:text$": true,
                "delta": [
                  {
                    "insert": "Physical Changes",
                    "attributes": {
                      "bold": true
                    }
                  },
                  {
                    "insert": ": [Tracking physical changes or new symptoms]"
                  }
                ]
              },
              "checked": false,
              "collapsed": false,
              "order": null
            },
            "children": []
          },
          {
            "type": "block",
            "id": "AKfiQM-cYD5gV_EOTX1r_",
            "flavour": "affine:paragraph",
            "version": 1,
            "props": {
              "type": "h3",
              "text": {
                "$blocksuite:internal:text$": true,
                "delta": [
                  {
                    "insert": "Baby Development Milestones"
                  }
                ]
              }
            },
            "children": []
          },
          {
            "type": "block",
            "id": "egROx1es2qgD0jhWu9rN-",
            "flavour": "affine:list",
            "version": 1,
            "props": {
              "type": "bulleted",
              "text": {
                "$blocksuite:internal:text$": true,
                "delta": [
                  {
                    "insert": "Milestone 1",
                    "attributes": {
                      "bold": true
                    }
                  },
                  {
                    "insert": ": [e.g., First kick felt, Ultrasound results]"
                  }
                ]
              },
              "checked": false,
              "collapsed": false,
              "order": null
            },
            "children": []
          },
          {
            "type": "block",
            "id": "pARjnTan82Cj15ROU5eu2",
            "flavour": "affine:list",
            "version": 1,
            "props": {
              "type": "bulleted",
              "text": {
                "$blocksuite:internal:text$": true,
                "delta": [
                  {
                    "insert": "Milestone 2",
                    "attributes": {
                      "bold": true
                    }
                  },
                  {
                    "insert": ": [e.g., Baby’s heartbeat heard]"
                  }
                ]
              },
              "checked": false,
              "collapsed": false,
              "order": null
            },
            "children": []
          },
          {
            "type": "block",
            "id": "GkEqc-oMB1m8hnbSFlP3r",
            "flavour": "affine:divider",
            "version": 1,
            "props": {},
            "children": []
          },
          {
            "type": "block",
            "id": "d-ldSGIeH9lh4O_o9Z8fJ",
            "flavour": "affine:paragraph",
            "version": 1,
            "props": {
              "type": "h2",
              "text": {
                "$blocksuite:internal:text$": true,
                "delta": [
                  {
                    "insert": "Postpartum Preparation"
                  }
                ]
              }
            },
            "children": []
          },
          {
            "type": "block",
            "id": "-kYJsn_8XLQZtRmu7OXsV",
            "flavour": "affine:paragraph",
            "version": 1,
            "props": {
              "type": "h3",
              "text": {
                "$blocksuite:internal:text$": true,
                "delta": [
                  {
                    "insert": "Postpartum Care Checklist"
                  }
                ]
              }
            },
            "children": []
          },
          {
            "type": "block",
            "id": "6Q5gNKYNV63meHh9WoAge",
            "flavour": "affine:list",
            "version": 1,
            "props": {
              "type": "todo",
              "text": {
                "$blocksuite:internal:text$": true,
                "delta": [
                  {
                    "insert": "Schedule postpartum appointment",
                    "attributes": {
                      "bold": true
                    }
                  }
                ]
              },
              "checked": false,
              "collapsed": false,
              "order": null
            },
            "children": []
          },
          {
            "type": "block",
            "id": "s4JQsq2cA1_ikIu-ExL8R",
            "flavour": "affine:list",
            "version": 1,
            "props": {
              "type": "todo",
              "text": {
                "$blocksuite:internal:text$": true,
                "delta": [
                  {
                    "insert": "Arrange for help during the first few weeks",
                    "attributes": {
                      "bold": true
                    }
                  }
                ]
              },
              "checked": false,
              "collapsed": false,
              "order": null
            },
            "children": []
          },
          {
            "type": "block",
            "id": "iaymH8MES4u8vSsTN_xYl",
            "flavour": "affine:list",
            "version": 1,
            "props": {
              "type": "todo",
              "text": {
                "$blocksuite:internal:text$": true,
                "delta": [
                  {
                    "insert": "Plan meals for the first few weeks after birth",
                    "attributes": {
                      "bold": true
                    }
                  }
                ]
              },
              "checked": false,
              "collapsed": false,
              "order": null
            },
            "children": []
          },
          {
            "type": "block",
            "id": "CdrrpN_QDpNbagplmQmRb",
            "flavour": "affine:list",
            "version": 1,
            "props": {
              "type": "bulleted",
              "text": {
                "$blocksuite:internal:text$": true,
                "delta": [
                  {
                    "insert": "Notes",
                    "attributes": {
                      "bold": true
                    }
                  },
                  {
                    "insert": ": [Anything else to prepare for postpartum recovery]"
                  }
                ]
              },
              "checked": false,
              "collapsed": false,
              "order": null
            },
            "children": []
          }
        ]
      }
    ]
  }
}