{
  "type": "page",
  "meta": {
    "id": "ctEcafPBkAd2IYBGStBD5",
    "title": "Minecraft Building Planner",
    "createDate": 1727537515670,
    "tags": []
  },
  "blocks": {
    "type": "block",
    "id": "BdqDq-5-nYUVc1lCMGY5m",
    "flavour": "affine:page",
    "version": 2,
    "props": {
      "title": {
        "$blocksuite:internal:text$": true,
        "delta": [
          {
            "insert": "Minecraft Building Planner"
          }
        ]
      }
    },
    "children": [
      {
        "type": "block",
        "id": "TAzYMsLI61gcX9jPVAjsR",
        "flavour": "affine:surface",
        "version": 5,
        "props": {
          "elements": {}
        },
        "children": []
      },
      {
        "type": "block",
        "id": "sL_cW7a7Mzi8Rfd08Qv9O",
        "flavour": "affine:note",
        "version": 1,
        "props": {
          "xywh": "[0,0,800,95]",
          "background": "--affine-note-background-white",
          "index": "a0",
          "hidden": false,
          "displayMode": "both",
          "edgeless": {
            "style": {
              "borderRadius": 8,
              "borderSize": 4,
              "borderStyle": "none",
              "shadowType": "--affine-note-shadow-box"
            }
          }
        },
        "children": [
          {
            "type": "block",
            "id": "bJKcZc_mrWBT-pTqeglbj",
            "flavour": "affine:paragraph",
            "version": 1,
            "props": {
              "type": "h2",
              "text": {
                "$blocksuite:internal:text$": true,
                "delta": [
                  {
                    "insert": "Project: [Enter Building Name/Type]"
                  }
                ]
              }
            },
            "children": []
          },
          {
            "type": "block",
            "id": "CeRryX9AeFAkbzha05EEY",
            "flavour": "affine:divider",
            "version": 1,
            "props": {},
            "children": []
          },
          {
            "type": "block",
            "id": "uROcYggwKIsgeLf7Rc5sA",
            "flavour": "affine:paragraph",
            "version": 1,
            "props": {
              "type": "h2",
              "text": {
                "$blocksuite:internal:text$": true,
                "delta": [
                  {
                    "insert": "Project Planning"
                  }
                ]
              }
            },
            "children": []
          },
          {
            "type": "block",
            "id": "pFLU9xs0mrMDjcVYolYQf",
            "flavour": "affine:paragraph",
            "version": 1,
            "props": {
              "type": "h3",
              "text": {
                "$blocksuite:internal:text$": true,
                "delta": [
                  {
                    "insert": "Build Details"
                  }
                ]
              }
            },
            "children": []
          },
          {
            "type": "block",
            "id": "9jFBGOOn6nb4RKKVVNhCp",
            "flavour": "affine:list",
            "version": 1,
            "props": {
              "type": "bulleted",
              "text": {
                "$blocksuite:internal:text$": true,
                "delta": [
                  {
                    "insert": "Type of Build",
                    "attributes": {
                      "bold": true
                    }
                  },
                  {
                    "insert": ": [House, Castle, Farm, etc.]"
                  }
                ]
              },
              "checked": false,
              "collapsed": false,
              "order": null
            },
            "children": []
          },
          {
            "type": "block",
            "id": "gEjKS6-MPORjf7dkrTadq",
            "flavour": "affine:list",
            "version": 1,
            "props": {
              "type": "bulleted",
              "text": {
                "$blocksuite:internal:text$": true,
                "delta": [
                  {
                    "insert": "Location in Minecraft World",
                    "attributes": {
                      "bold": true
                    }
                  },
                  {
                    "insert": ": [Coordinates or biome]"
                  }
                ]
              },
              "checked": false,
              "collapsed": false,
              "order": null
            },
            "children": []
          },
          {
            "type": "block",
            "id": "3aEdQrahZJ1-Q92WFKISp",
            "flavour": "affine:list",
            "version": 1,
            "props": {
              "type": "bulleted",
              "text": {
                "$blocksuite:internal:text$": true,
                "delta": [
                  {
                    "insert": "Dimensions",
                    "attributes": {
                      "bold": true
                    }
                  },
                  {
                    "insert": ": [Length x Width x Height]"
                  }
                ]
              },
              "checked": false,
              "collapsed": false,
              "order": null
            },
            "children": []
          },
          {
            "type": "block",
            "id": "dEqg7EbAXq_VDzhpR5Vsy",
            "flavour": "affine:list",
            "version": 1,
            "props": {
              "type": "bulleted",
              "text": {
                "$blocksuite:internal:text$": true,
                "delta": [
                  {
                    "insert": "Design Inspiration",
                    "attributes": {
                      "bold": true
                    }
                  },
                  {
                    "insert": ": [Reference image or link]"
                  }
                ]
              },
              "checked": false,
              "collapsed": false,
              "order": null
            },
            "children": []
          },
          {
            "type": "block",
            "id": "Ef1eaP6a_-RH4ds6DvF7Y",
            "flavour": "affine:list",
            "version": 1,
            "props": {
              "type": "bulleted",
              "text": {
                "$blocksuite:internal:text$": true,
                "delta": [
                  {
                    "insert": "Estimated Completion Time",
                    "attributes": {
                      "bold": true
                    }
                  },
                  {
                    "insert": ": [Days/Hours]"
                  }
                ]
              },
              "checked": false,
              "collapsed": false,
              "order": null
            },
            "children": []
          },
          {
            "type": "block",
            "id": "1PrYmotdrds-FSRqAPBpC",
            "flavour": "affine:divider",
            "version": 1,
            "props": {},
            "children": []
          },
          {
            "type": "block",
            "id": "YM94r4oBwzCrY5FyHg0Ml",
            "flavour": "affine:paragraph",
            "version": 1,
            "props": {
              "type": "h2",
              "text": {
                "$blocksuite:internal:text$": true,
                "delta": [
                  {
                    "insert": "Resource Management"
                  }
                ]
              }
            },
            "children": []
          },
          {
            "type": "block",
            "id": "CAoxT_RCf765WGqAYXG7E",
            "flavour": "affine:paragraph",
            "version": 1,
            "props": {
              "type": "h3",
              "text": {
                "$blocksuite:internal:text$": true,
                "delta": [
                  {
                    "insert": "Materials Needed"
                  }
                ]
              }
            },
            "children": []
          },
          {
            "type": "block",
            "id": "h4YXrqAMHa4dT-UnRzRx_",
            "flavour": "affine:database",
            "version": 3,
            "props": {
              "views": [
                {
                  "id": "q3IjxT44sw",
                  "name": "Table View",
                  "mode": "table",
                  "columns": [],
                  "filter": {
                    "type": "group",
                    "op": "and",
                    "conditions": []
                  },
                  "header": {
                    "titleColumn": "N0eXCgm7KF",
                    "iconColumn": "type"
                  }
                }
              ],
              "title": {
                "$blocksuite:internal:text$": true,
                "delta": []
              },
              "cells": {
                "TR8HwBT8b6bqJ2qrVYbE7": {
                  "wVR3MKv1Rj": {
                    "columnId": "wVR3MKv1Rj",
                    "value": {
                      "$blocksuite:internal:text$": true,
                      "delta": []
                    }
                  },
                  "uAo5Xk9Nrv": {
                    "columnId": "uAo5Xk9Nrv",
                    "value": {
                      "$blocksuite:internal:text$": true,
                      "delta": [
                        {
                          "insert": "[Yes/No]"
                        }
                      ]
                    }
                  },
                  "kfVn2PPtjG": {
                    "columnId": "kfVn2PPtjG",
                    "value": {
                      "$blocksuite:internal:text$": true,
                      "delta": [
                        {
                          "insert": "[Yes/No]"
                        }
                      ]
                    }
                  }
                },
                "mXlmydnIGghgnQ6GxMSeu": {
                  "wVR3MKv1Rj": {
                    "columnId": "wVR3MKv1Rj",
                    "value": {
                      "$blocksuite:internal:text$": true,
                      "delta": []
                    }
                  },
                  "uAo5Xk9Nrv": {
                    "columnId": "uAo5Xk9Nrv",
                    "value": {
                      "$blocksuite:internal:text$": true,
                      "delta": [
                        {
                          "insert": "[Yes/​⬤"
                        }
                      ]
                    }
                  }
                }
              },
              "columns": [
                {
                  "type": "title",
                  "name": "Material",
                  "data": {},
                  "id": "N0eXCgm7KF"
                },
                {
                  "type": "rich-text",
                  "name": "Quantity Needed",
                  "data": {},
                  "id": "wVR3MKv1Rj"
                },
                {
                  "type": "rich-text",
                  "name": "Already Have",
                  "data": {},
                  "id": "uAo5Xk9Nrv"
                },
                {
                  "type": "rich-text",
                  "name": "Need to Collect",
                  "data": {},
                  "id": "kfVn2PPtjG"
                }
              ]
            },
            "children": [
              {
                "type": "block",
                "id": "TR8HwBT8b6bqJ2qrVYbE7",
                "flavour": "affine:paragraph",
                "version": 1,
                "props": {
                  "type": "text",
                  "text": {
                    "$blocksuite:internal:text$": true,
                    "delta": [
                      {
                        "insert": "Material 1"
                      }
                    ]
                  }
                },
                "children": []
              },
              {
                "type": "block",
                "id": "mXlmydnIGghgnQ6GxMSeu",
                "flavour": "affine:paragraph",
                "version": 1,
                "props": {
                  "type": "text",
                  "text": {
                    "$blocksuite:internal:text$": true,
                    "delta": [
                      {
                        "insert": "Material 2"
                      }
                    ]
                  }
                },
                "children": []
              }
            ]
          }
        ]
      }
    ]
  }
}