{
  "type": "page",
  "meta": {
    "id": "meAWlDKLIuIYhmhcMvCdZ",
    "title": "Weekly Planner Goal Set",
    "createDate": 1728291636357,
    "tags": []
  },
  "blocks": {
    "type": "block",
    "id": "BdqDq-5-nYUVc1lCMGY5m",
    "flavour": "affine:page",
    "version": 2,
    "props": {
      "title": {
        "$blocksuite:internal:text$": true,
        "delta": [
          {
            "insert": "Weekly Planner Goal Set"
          }
        ]
      }
    },
    "children": [
      {
        "type": "block",
        "id": "TAzYMsLI61gcX9jPVAjsR",
        "flavour": "affine:surface",
        "version": 5,
        "props": {
          "elements": {}
        },
        "children": []
      },
      {
        "type": "block",
        "id": "sL_cW7a7Mzi8Rfd08Qv9O",
        "flavour": "affine:note",
        "version": 1,
        "props": {
          "xywh": "[0,0,800,95]",
          "background": "--affine-note-background-white",
          "index": "a0",
          "hidden": false,
          "displayMode": "both",
          "edgeless": {
            "style": {
              "borderRadius": 8,
              "borderSize": 4,
              "borderStyle": "none",
              "shadowType": "--affine-note-shadow-box"
            }
          }
        },
        "children": [
          {
            "type": "block",
            "id": "Ae5P_iDh9tAf5_R7zL5VC",
            "flavour": "affine:paragraph",
            "version": 1,
            "props": {
              "type": "h2",
              "text": {
                "$blocksuite:internal:text$": true,
                "delta": [
                  {
                    "insert": "Week of: [Enter Week Dates]"
                  }
                ]
              }
            },
            "children": []
          },
          {
            "type": "block",
            "id": "yAiwGE2OLI90OcZiMVXEb",
            "flavour": "affine:divider",
            "version": 1,
            "props": {},
            "children": []
          },
          {
            "type": "block",
            "id": "c5xSvWdEHT66nHVUzrVFc",
            "flavour": "affine:paragraph",
            "version": 1,
            "props": {
              "type": "h2",
              "text": {
                "$blocksuite:internal:text$": true,
                "delta": [
                  {
                    "insert": "Weekly Goals"
                  }
                ]
              }
            },
            "children": []
          },
          {
            "type": "block",
            "id": "1kFziAFEv87EshUIfWxXO",
            "flavour": "affine:list",
            "version": 1,
            "props": {
              "type": "numbered",
              "text": {
                "$blocksuite:internal:text$": true,
                "delta": [
                  {
                    "insert": "Goal 1",
                    "attributes": {
                      "bold": true
                    }
                  },
                  {
                    "insert": ": [Enter your main goal]"
                  }
                ]
              },
              "checked": false,
              "collapsed": false,
              "order": 1
            },
            "children": [
              {
                "type": "block",
                "id": "NWTsai6Pq0qmX7HtIt5j_",
                "flavour": "affine:list",
                "version": 1,
                "props": {
                  "type": "bulleted",
                  "text": {
                    "$blocksuite:internal:text$": true,
                    "delta": [
                      {
                        "insert": "Why is this important?:"
                      }
                    ]
                  },
                  "checked": false,
                  "collapsed": false,
                  "order": null
                },
                "children": []
              },
              {
                "type": "block",
                "id": "5IzQBy99f1PbwkWjp5EcV",
                "flavour": "affine:list",
                "version": 1,
                "props": {
                  "type": "bulleted",
                  "text": {
                    "$blocksuite:internal:text$": true,
                    "delta": [
                      {
                        "insert": "Steps to accomplish:"
                      }
                    ]
                  },
                  "checked": false,
                  "collapsed": false,
                  "order": null
                },
                "children": [
                  {
                    "type": "block",
                    "id": "XmgzXb-bYWu18Qpslzkqz",
                    "flavour": "affine:list",
                    "version": 1,
                    "props": {
                      "type": "todo",
                      "text": {
                        "$blocksuite:internal:text$": true,
                        "delta": [
                          {
                            "insert": "Step 1"
                          }
                        ]
                      },
                      "checked": false,
                      "collapsed": false,
                      "order": null
                    },
                    "children": []
                  },
                  {
                    "type": "block",
                    "id": "J4VLZI9vdq2RqZQlF24fg",
                    "flavour": "affine:list",
                    "version": 1,
                    "props": {
                      "type": "todo",
                      "text": {
                        "$blocksuite:internal:text$": true,
                        "delta": [
                          {
                            "insert": "Step 2"
                          }
                        ]
                      },
                      "checked": false,
                      "collapsed": false,
                      "order": null
                    },
                    "children": []
                  },
                  {
                    "type": "block",
                    "id": "SOGYJImwa9B3QmgEIihOo",
                    "flavour": "affine:list",
                    "version": 1,
                    "props": {
                      "type": "todo",
                      "text": {
                        "$blocksuite:internal:text$": true,
                        "delta": [
                          {
                            "insert": "Step 3"
                          }
                        ]
                      },
                      "checked": false,
                      "collapsed": false,
                      "order": null
                    },
                    "children": []
                  }
                ]
              }
            ]
          },
          {
            "type": "block",
            "id": "YOpEvNTyn6NgN2Ey5CC9t",
            "flavour": "affine:list",
            "version": 1,
            "props": {
              "type": "numbered",
              "text": {
                "$blocksuite:internal:text$": true,
                "delta": [
                  {
                    "insert": "Goal 2",
                    "attributes": {
                      "bold": true
                    }
                  },
                  {
                    "insert": ": [Enter your secondary goal]"
                  }
                ]
              },
              "checked": false,
              "collapsed": false,
              "order": 2
            },
            "children": [
              {
                "type": "block",
                "id": "3MRpqpc_D3Bs0yUpqJTKi",
                "flavour": "affine:list",
                "version": 1,
                "props": {
                  "type": "bulleted",
                  "text": {
                    "$blocksuite:internal:text$": true,
                    "delta": [
                      {
                        "insert": "Why is this important?:"
                      }
                    ]
                  },
                  "checked": false,
                  "collapsed": false,
                  "order": null
                },
                "children": []
              },
              {
                "type": "block",
                "id": "aBUVQkun4ch3_IP8c7dj6",
                "flavour": "affine:list",
                "version": 1,
                "props": {
                  "type": "bulleted",
                  "text": {
                    "$blocksuite:internal:text$": true,
                    "delta": [
                      {
                        "insert": "Steps to accomplish:"
                      }
                    ]
                  },
                  "checked": false,
                  "collapsed": false,
                  "order": null
                },
                "children": [
                  {
                    "type": "block",
                    "id": "ULkHuv5he6fEG7QZzlZzW",
                    "flavour": "affine:list",
                    "version": 1,
                    "props": {
                      "type": "todo",
                      "text": {
                        "$blocksuite:internal:text$": true,
                        "delta": [
                          {
                            "insert": "Step 1"
                          }
                        ]
                      },
                      "checked": false,
                      "collapsed": false,
                      "order": null
                    },
                    "children": []
                  },
                  {
                    "type": "block",
                    "id": "O3mfCRKnGrb7zzdiromUk",
                    "flavour": "affine:list",
                    "version": 1,
                    "props": {
                      "type": "todo",
                      "text": {
                        "$blocksuite:internal:text$": true,
                        "delta": [
                          {
                            "insert": "Step 2"
                          }
                        ]
                      },
                      "checked": false,
                      "collapsed": false,
                      "order": null
                    },
                    "children": []
                  },
                  {
                    "type": "block",
                    "id": "ty-nQ-RugR6HOaumisTQQ",
                    "flavour": "affine:list",
                    "version": 1,
                    "props": {
                      "type": "todo",
                      "text": {
                        "$blocksuite:internal:text$": true,
                        "delta": [
                          {
                            "insert": "Step 3"
                          }
                        ]
                      },
                      "checked": false,
                      "collapsed": false,
                      "order": null
                    },
                    "children": []
                  }
                ]
              }
            ]
          },
          {
            "type": "block",
            "id": "FPA2MIwhLq4y4Y54W-Ihu",
            "flavour": "affine:list",
            "version": 1,
            "props": {
              "type": "numbered",
              "text": {
                "$blocksuite:internal:text$": true,
                "delta": [
                  {
                    "insert": "Goal 3",
                    "attributes": {
                      "bold": true
                    }
                  },
                  {
                    "insert": ": [Optional Goal]"
                  }
                ]
              },
              "checked": false,
              "collapsed": false,
              "order": 3
            },
            "children": [
              {
                "type": "block",
                "id": "BaO5pb7FQKcc5615IXu4i",
                "flavour": "affine:list",
                "version": 1,
                "props": {
                  "type": "bulleted",
                  "text": {
                    "$blocksuite:internal:text$": true,
                    "delta": [
                      {
                        "insert": "Why is this important?:"
                      }
                    ]
                  },
                  "checked": false,
                  "collapsed": false,
                  "order": null
                },
                "children": []
              },
              {
                "type": "block",
                "id": "t3GpTwMA5pNv7mgsvDSd3",
                "flavour": "affine:list",
                "version": 1,
                "props": {
                  "type": "bulleted",
                  "text": {
                    "$blocksuite:internal:text$": true,
                    "delta": [
                      {
                        "insert": "Steps to accomplish:"
                      }
                    ]
                  },
                  "checked": false,
                  "collapsed": false,
                  "order": null
                },
                "children": [
                  {
                    "type": "block",
                    "id": "O9iFmH6lph9VB_s8rd_9p",
                    "flavour": "affine:list",
                    "version": 1,
                    "props": {
                      "type": "todo",
                      "text": {
                        "$blocksuite:internal:text$": true,
                        "delta": [
                          {
                            "insert": "Step 1"
                          }
                        ]
                      },
                      "checked": false,
                      "collapsed": false,
                      "order": null
                    },
                    "children": []
                  },
                  {
                    "type": "block",
                    "id": "L3BY87-2m0qrRX-xh7cYo",
                    "flavour": "affine:list",
                    "version": 1,
                    "props": {
                      "type": "todo",
                      "text": {
                        "$blocksuite:internal:text$": true,
                        "delta": [
                          {
                            "insert": "Step 2"
                          }
                        ]
                      },
                      "checked": false,
                      "collapsed": false,
                      "order": null
                    },
                    "children": []
                  },
                  {
                    "type": "block",
                    "id": "RpvK7WKRIUB8o3dCh4hGG",
                    "flavour": "affine:list",
                    "version": 1,
                    "props": {
                      "type": "todo",
                      "text": {
                        "$blocksuite:internal:text$": true,
                        "delta": [
                          {
                            "insert": "Step 3"
                          }
                        ]
                      },
                      "checked": false,
                      "collapsed": false,
                      "order": null
                    },
                    "children": []
                  }
                ]
              }
            ]
          },
          {
            "type": "block",
            "id": "GJ3yYuPdjl1nU2lLAS8AF",
            "flavour": "affine:divider",
            "version": 1,
            "props": {},
            "children": []
          },
          {
            "type": "block",
            "id": "JKo4m1EKRp1-pTcBH8pbb",
            "flavour": "affine:paragraph",
            "version": 1,
            "props": {
              "type": "h2",
              "text": {
                "$blocksuite:internal:text$": true,
                "delta": [
                  {
                    "insert": "Daily Task Breakdown"
                  }
                ]
              }
            },
            "children": []
          },
          {
            "type": "block",
            "id": "0EVhNcKtuaEd2XyZFnl7S",
            "flavour": "affine:paragraph",
            "version": 1,
            "props": {
              "type": "h3",
              "text": {
                "$blocksuite:internal:text$": true,
                "delta": [
                  {
                    "insert": "Monday"
                  }
                ]
              }
            },
            "children": []
          },
          {
            "type": "block",
            "id": "3fhpwrjfx8SXaoljBY6ay",
            "flavour": "affine:list",
            "version": 1,
            "props": {
              "type": "bulleted",
              "text": {
                "$blocksuite:internal:text$": true,
                "delta": [
                  {
                    "insert": "Main Focus",
                    "attributes": {
                      "bold": true
                    }
                  },
                  {
                    "insert": ":"
                  }
                ]
              },
              "checked": false,
              "collapsed": false,
              "order": null
            },
            "children": []
          },
          {
            "type": "block",
            "id": "-UC5u_j6v6KNQyarIkACa",
            "flavour": "affine:list",
            "version": 1,
            "props": {
              "type": "todo",
              "text": {
                "$blocksuite:internal:text$": true,
                "delta": [
                  {
                    "insert": "Task 1"
                  }
                ]
              },
              "checked": false,
              "collapsed": false,
              "order": null
            },
            "children": []
          },
          {
            "type": "block",
            "id": "HdfR2gO5e7SzmnOidyrCe",
            "flavour": "affine:list",
            "version": 1,
            "props": {
              "type": "todo",
              "text": {
                "$blocksuite:internal:text$": true,
                "delta": [
                  {
                    "insert": "Task 2"
                  }
                ]
              },
              "checked": false,
              "collapsed": false,
              "order": null
            },
            "children": []
          },
          {
            "type": "block",
            "id": "Apu83Ye4kJkxjFtnFFlZ1",
            "flavour": "affine:list",
            "version": 1,
            "props": {
              "type": "todo",
              "text": {
                "$blocksuite:internal:text$": true,
                "delta": [
                  {
                    "insert": "Task 3"
                  }
                ]
              },
              "checked": false,
              "collapsed": false,
              "order": null
            },
            "children": []
          },
          {
            "type": "block",
            "id": "Ds-iK3QChKwfjra6s8drE",
            "flavour": "affine:list",
            "version": 1,
            "props": {
              "type": "bulleted",
              "text": {
                "$blocksuite:internal:text$": true,
                "delta": [
                  {
                    "insert": "Notes",
                    "attributes": {
                      "bold": true
                    }
                  },
                  {
                    "insert": ":"
                  }
                ]
              },
              "checked": false,
              "collapsed": false,
              "order": null
            },
            "children": []
          },
          {
            "type": "block",
            "id": "4i8BVCs0csKsGfAfEG7I4",
            "flavour": "affine:paragraph",
            "version": 1,
            "props": {
              "type": "h3",
              "text": {
                "$blocksuite:internal:text$": true,
                "delta": [
                  {
                    "insert": "Tuesday"
                  }
                ]
              }
            },
            "children": []
          },
          {
            "type": "block",
            "id": "cRh4_0bSoKY4sL5E7Lo3W",
            "flavour": "affine:list",
            "version": 1,
            "props": {
              "type": "bulleted",
              "text": {
                "$blocksuite:internal:text$": true,
                "delta": [
                  {
                    "insert": "Main Focus",
                    "attributes": {
                      "bold": true
                    }
                  },
                  {
                    "insert": ":"
                  }
                ]
              },
              "checked": false,
              "collapsed": false,
              "order": null
            },
            "children": []
          },
          {
            "type": "block",
            "id": "OVuVq96yO8Xq2LCjCCt_3",
            "flavour": "affine:list",
            "version": 1,
            "props": {
              "type": "todo",
              "text": {
                "$blocksuite:internal:text$": true,
                "delta": [
                  {
                    "insert": "Task 1"
                  }
                ]
              },
              "checked": false,
              "collapsed": false,
              "order": null
            },
            "children": []
          },
          {
            "type": "block",
            "id": "YAFxTyUVz2JPgE79oOSN5",
            "flavour": "affine:list",
            "version": 1,
            "props": {
              "type": "todo",
              "text": {
                "$blocksuite:internal:text$": true,
                "delta": [
                  {
                    "insert": "Task 2"
                  }
                ]
              },
              "checked": false,
              "collapsed": false,
              "order": null
            },
            "children": []
          },
          {
            "type": "block",
            "id": "Qvrhpga1oyXKDvnkR0MqC",
            "flavour": "affine:list",
            "version": 1,
            "props": {
              "type": "todo",
              "text": {
                "$blocksuite:internal:text$": true,
                "delta": [
                  {
                    "insert": "Task 3"
                  }
                ]
              },
              "checked": false,
              "collapsed": false,
              "order": null
            },
            "children": []
          },
          {
            "type": "block",
            "id": "ZeR9op6iSrg8egWitVHCc",
            "flavour": "affine:list",
            "version": 1,
            "props": {
              "type": "bulleted",
              "text": {
                "$blocksuite:internal:text$": true,
                "delta": [
                  {
                    "insert": "Notes",
                    "attributes": {
                      "bold": true
                    }
                  },
                  {
                    "insert": ":"
                  }
                ]
              },
              "checked": false,
              "collapsed": false,
              "order": null
            },
            "children": []
          },
          {
            "type": "block",
            "id": "E5Ct8dKSgQIlM1ms_OFYd",
            "flavour": "affine:paragraph",
            "version": 1,
            "props": {
              "type": "h3",
              "text": {
                "$blocksuite:internal:text$": true,
                "delta": [
                  {
                    "insert": "Wednesday"
                  }
                ]
              }
            },
            "children": []
          },
          {
            "type": "block",
            "id": "ETvTKekTaQ23_LjcrF_Pw",
            "flavour": "affine:list",
            "version": 1,
            "props": {
              "type": "bulleted",
              "text": {
                "$blocksuite:internal:text$": true,
                "delta": [
                  {
                    "insert": "Main Focus",
                    "attributes": {
                      "bold": true
                    }
                  },
                  {
                    "insert": ":"
                  }
                ]
              },
              "checked": false,
              "collapsed": false,
              "order": null
            },
            "children": []
          },
          {
            "type": "block",
            "id": "xY22st3lVqRz2vJSg3vf_",
            "flavour": "affine:list",
            "version": 1,
            "props": {
              "type": "todo",
              "text": {
                "$blocksuite:internal:text$": true,
                "delta": [
                  {
                    "insert": "Task 1"
                  }
                ]
              },
              "checked": false,
              "collapsed": false,
              "order": null
            },
            "children": []
          },
          {
            "type": "block",
            "id": "FA06v9nEYgvb7ujCthi2q",
            "flavour": "affine:list",
            "version": 1,
            "props": {
              "type": "todo",
              "text": {
                "$blocksuite:internal:text$": true,
                "delta": [
                  {
                    "insert": "Task 2"
                  }
                ]
              },
              "checked": false,
              "collapsed": false,
              "order": null
            },
            "children": []
          },
          {
            "type": "block",
            "id": "lKp1Hzro8dfNDituvdSyl",
            "flavour": "affine:list",
            "version": 1,
            "props": {
              "type": "todo",
              "text": {
                "$blocksuite:internal:text$": true,
                "delta": [
                  {
                    "insert": "Task 3"
                  }
                ]
              },
              "checked": false,
              "collapsed": false,
              "order": null
            },
            "children": []
          },
          {
            "type": "block",
            "id": "uXckPEywC2-t91ob5WdnV",
            "flavour": "affine:list",
            "version": 1,
            "props": {
              "type": "bulleted",
              "text": {
                "$blocksuite:internal:text$": true,
                "delta": [
                  {
                    "insert": "Notes",
                    "attributes": {
                      "bold": true
                    }
                  },
                  {
                    "insert": ":"
                  }
                ]
              },
              "checked": false,
              "collapsed": false,
              "order": null
            },
            "children": []
          },
          {
            "type": "block",
            "id": "K8vCKVOHvnqKN-jrrJSXd",
            "flavour": "affine:paragraph",
            "version": 1,
            "props": {
              "type": "h3",
              "text": {
                "$blocksuite:internal:text$": true,
                "delta": [
                  {
                    "insert": "Thursday"
                  }
                ]
              }
            },
            "children": []
          },
          {
            "type": "block",
            "id": "4dABS46GGji_pWNnUXXGZ",
            "flavour": "affine:list",
            "version": 1,
            "props": {
              "type": "bulleted",
              "text": {
                "$blocksuite:internal:text$": true,
                "delta": [
                  {
                    "insert": "Main Focus",
                    "attributes": {
                      "bold": true
                    }
                  },
                  {
                    "insert": ":"
                  }
                ]
              },
              "checked": false,
              "collapsed": false,
              "order": null
            },
            "children": []
          },
          {
            "type": "block",
            "id": "QZgxc21LAov39PBZNc7eM",
            "flavour": "affine:list",
            "version": 1,
            "props": {
              "type": "todo",
              "text": {
                "$blocksuite:internal:text$": true,
                "delta": [
                  {
                    "insert": "Task 1"
                  }
                ]
              },
              "checked": false,
              "collapsed": false,
              "order": null
            },
            "children": []
          },
          {
            "type": "block",
            "id": "Pjbwlr8uQUd_7dZZQTUJm",
            "flavour": "affine:list",
            "version": 1,
            "props": {
              "type": "todo",
              "text": {
                "$blocksuite:internal:text$": true,
                "delta": [
                  {
                    "insert": "Task 2"
                  }
                ]
              },
              "checked": false,
              "collapsed": false,
              "order": null
            },
            "children": []
          },
          {
            "type": "block",
            "id": "M3UgiIioZgk5uyXyBq6D7",
            "flavour": "affine:list",
            "version": 1,
            "props": {
              "type": "todo",
              "text": {
                "$blocksuite:internal:text$": true,
                "delta": [
                  {
                    "insert": "Task 3"
                  }
                ]
              },
              "checked": false,
              "collapsed": false,
              "order": null
            },
            "children": []
          },
          {
            "type": "block",
            "id": "yo7Au7H1r1z7Hw7nyaras",
            "flavour": "affine:list",
            "version": 1,
            "props": {
              "type": "bulleted",
              "text": {
                "$blocksuite:internal:text$": true,
                "delta": [
                  {
                    "insert": "Notes",
                    "attributes": {
                      "bold": true
                    }
                  },
                  {
                    "insert": ":"
                  }
                ]
              },
              "checked": false,
              "collapsed": false,
              "order": null
            },
            "children": []
          },
          {
            "type": "block",
            "id": "_V6eqWEyhu7RixGW_bKuG",
            "flavour": "affine:paragraph",
            "version": 1,
            "props": {
              "type": "h3",
              "text": {
                "$blocksuite:internal:text$": true,
                "delta": [
                  {
                    "insert": "Friday"
                  }
                ]
              }
            },
            "children": []
          },
          {
            "type": "block",
            "id": "_cT4j103WC5_a75rvMvxt",
            "flavour": "affine:list",
            "version": 1,
            "props": {
              "type": "bulleted",
              "text": {
                "$blocksuite:internal:text$": true,
                "delta": [
                  {
                    "insert": "Main Focus",
                    "attributes": {
                      "bold": true
                    }
                  },
                  {
                    "insert": ":"
                  }
                ]
              },
              "checked": false,
              "collapsed": false,
              "order": null
            },
            "children": []
          },
          {
            "type": "block",
            "id": "0q9bDsLdkfT6xR9nCGsXp",
            "flavour": "affine:list",
            "version": 1,
            "props": {
              "type": "todo",
              "text": {
                "$blocksuite:internal:text$": true,
                "delta": [
                  {
                    "insert": "Task 1"
                  }
                ]
              },
              "checked": false,
              "collapsed": false,
              "order": null
            },
            "children": []
          },
          {
            "type": "block",
            "id": "HEVmgOKkx-NlqAlAvDyUd",
            "flavour": "affine:list",
            "version": 1,
            "props": {
              "type": "todo",
              "text": {
                "$blocksuite:internal:text$": true,
                "delta": [
                  {
                    "insert": "Task 2"
                  }
                ]
              },
              "checked": false,
              "collapsed": false,
              "order": null
            },
            "children": []
          },
          {
            "type": "block",
            "id": "jj38tzZJYwd5a-dWpWl88",
            "flavour": "affine:list",
            "version": 1,
            "props": {
              "type": "todo",
              "text": {
                "$blocksuite:internal:text$": true,
                "delta": [
                  {
                    "insert": "Task 3"
                  }
                ]
              },
              "checked": false,
              "collapsed": false,
              "order": null
            },
            "children": []
          },
          {
            "type": "block",
            "id": "hT9M8TIHfzTTMDk7eHUKN",
            "flavour": "affine:list",
            "version": 1,
            "props": {
              "type": "bulleted",
              "text": {
                "$blocksuite:internal:text$": true,
                "delta": [
                  {
                    "insert": "Notes",
                    "attributes": {
                      "bold": true
                    }
                  },
                  {
                    "insert": ":"
                  }
                ]
              },
              "checked": false,
              "collapsed": false,
              "order": null
            },
            "children": []
          },
          {
            "type": "block",
            "id": "uvOeI1qV_RBeed0kKIotd",
            "flavour": "affine:paragraph",
            "version": 1,
            "props": {
              "type": "h3",
              "text": {
                "$blocksuite:internal:text$": true,
                "delta": [
                  {
                    "insert": "Saturday"
                  }
                ]
              }
            },
            "children": []
          },
          {
            "type": "block",
            "id": "d7Fdx6c_sTjD-1uX7vxKO",
            "flavour": "affine:list",
            "version": 1,
            "props": {
              "type": "bulleted",
              "text": {
                "$blocksuite:internal:text$": true,
                "delta": [
                  {
                    "insert": "Main Focus",
                    "attributes": {
                      "bold": true
                    }
                  },
                  {
                    "insert": ":"
                  }
                ]
              },
              "checked": false,
              "collapsed": false,
              "order": null
            },
            "children": []
          },
          {
            "type": "block",
            "id": "d3Tkt0pzecOpl4xAI1SL_",
            "flavour": "affine:list",
            "version": 1,
            "props": {
              "type": "todo",
              "text": {
                "$blocksuite:internal:text$": true,
                "delta": [
                  {
                    "insert": "Task 1"
                  }
                ]
              },
              "checked": false,
              "collapsed": false,
              "order": null
            },
            "children": []
          },
          {
            "type": "block",
            "id": "yOE3Ihn1253wkjtQFupP4",
            "flavour": "affine:list",
            "version": 1,
            "props": {
              "type": "todo",
              "text": {
                "$blocksuite:internal:text$": true,
                "delta": [
                  {
                    "insert": "Task 2"
                  }
                ]
              },
              "checked": false,
              "collapsed": false,
              "order": null
            },
            "children": []
          },
          {
            "type": "block",
            "id": "R9EEtOspIkwy7tzxoaaCF",
            "flavour": "affine:list",
            "version": 1,
            "props": {
              "type": "todo",
              "text": {
                "$blocksuite:internal:text$": true,
                "delta": [
                  {
                    "insert": "Task 3"
                  }
                ]
              },
              "checked": false,
              "collapsed": false,
              "order": null
            },
            "children": []
          },
          {
            "type": "block",
            "id": "iejAP6t_L5PkaF68Vc3XP",
            "flavour": "affine:list",
            "version": 1,
            "props": {
              "type": "bulleted",
              "text": {
                "$blocksuite:internal:text$": true,
                "delta": [
                  {
                    "insert": "Notes",
                    "attributes": {
                      "bold": true
                    }
                  },
                  {
                    "insert": ":"
                  }
                ]
              },
              "checked": false,
              "collapsed": false,
              "order": null
            },
            "children": []
          },
          {
            "type": "block",
            "id": "863rlCX9X6mOZz2Da-HxA",
            "flavour": "affine:paragraph",
            "version": 1,
            "props": {
              "type": "h3",
              "text": {
                "$blocksuite:internal:text$": true,
                "delta": [
                  {
                    "insert": "Sunday"
                  }
                ]
              }
            },
            "children": []
          },
          {
            "type": "block",
            "id": "bv4jACuR4xS4WYSr_tmH3",
            "flavour": "affine:list",
            "version": 1,
            "props": {
              "type": "bulleted",
              "text": {
                "$blocksuite:internal:text$": true,
                "delta": [
                  {
                    "insert": "Main Focus",
                    "attributes": {
                      "bold": true
                    }
                  },
                  {
                    "insert": ":"
                  }
                ]
              },
              "checked": false,
              "collapsed": false,
              "order": null
            },
            "children": []
          },
          {
            "type": "block",
            "id": "WLyFDnlm-E7QJnQPjyykd",
            "flavour": "affine:list",
            "version": 1,
            "props": {
              "type": "todo",
              "text": {
                "$blocksuite:internal:text$": true,
                "delta": [
                  {
                    "insert": "Task 1"
                  }
                ]
              },
              "checked": false,
              "collapsed": false,
              "order": null
            },
            "children": []
          },
          {
            "type": "block",
            "id": "Uf_UGa6ft_DcDneW0U63Y",
            "flavour": "affine:list",
            "version": 1,
            "props": {
              "type": "todo",
              "text": {
                "$blocksuite:internal:text$": true,
                "delta": [
                  {
                    "insert": "Task 2"
                  }
                ]
              },
              "checked": false,
              "collapsed": false,
              "order": null
            },
            "children": []
          },
          {
            "type": "block",
            "id": "8kFdLlCmiCIGhCoQbzx6g",
            "flavour": "affine:list",
            "version": 1,
            "props": {
              "type": "todo",
              "text": {
                "$blocksuite:internal:text$": true,
                "delta": [
                  {
                    "insert": "Task 3"
                  }
                ]
              },
              "checked": false,
              "collapsed": false,
              "order": null
            },
            "children": []
          },
          {
            "type": "block",
            "id": "3QN3bV5KlCfHd-o1ivH0n",
            "flavour": "affine:list",
            "version": 1,
            "props": {
              "type": "bulleted",
              "text": {
                "$blocksuite:internal:text$": true,
                "delta": [
                  {
                    "insert": "Notes",
                    "attributes": {
                      "bold": true
                    }
                  },
                  {
                    "insert": ":"
                  }
                ]
              },
              "checked": false,
              "collapsed": false,
              "order": null
            },
            "children": []
          },
          {
            "type": "block",
            "id": "iLJ8K_sCxuRcJFATvlIR5",
            "flavour": "affine:divider",
            "version": 1,
            "props": {},
            "children": []
          },
          {
            "type": "block",
            "id": "qwTu5Zyw3SqJruqJGluNM",
            "flavour": "affine:paragraph",
            "version": 1,
            "props": {
              "type": "h2",
              "text": {
                "$blocksuite:internal:text$": true,
                "delta": [
                  {
                    "insert": "Weekly Progress and Reflection"
                  }
                ]
              }
            },
            "children": []
          },
          {
            "type": "block",
            "id": "K0HbGrLX3FPDmrx6yd-Jm",
            "flavour": "affine:paragraph",
            "version": 1,
            "props": {
              "type": "h3",
              "text": {
                "$blocksuite:internal:text$": true,
                "delta": [
                  {
                    "insert": "What went well this week?"
                  }
                ]
              }
            },
            "children": []
          },
          {
            "type": "block",
            "id": "sBEnUhKXofV9QDKHQXwaK",
            "flavour": "affine:list",
            "version": 1,
            "props": {
              "type": "todo",
              "text": {
                "$blocksuite:internal:text$": true,
                "delta": [
                  {
                    "insert": "Achievement 1"
                  }
                ]
              },
              "checked": false,
              "collapsed": false,
              "order": null
            },
            "children": []
          },
          {
            "type": "block",
            "id": "e9McmZ0mqN4OCLGVFWDSV",
            "flavour": "affine:list",
            "version": 1,
            "props": {
              "type": "todo",
              "text": {
                "$blocksuite:internal:text$": true,
                "delta": [
                  {
                    "insert": "Achievement 2"
                  }
                ]
              },
              "checked": false,
              "collapsed": false,
              "order": null
            },
            "children": []
          },
          {
            "type": "block",
            "id": "Rpx7WCCzRtGMZw6ZiN4Bp",
            "flavour": "affine:list",
            "version": 1,
            "props": {
              "type": "todo",
              "text": {
                "$blocksuite:internal:text$": true,
                "delta": [
                  {
                    "insert": "Achievement 3"
                  }
                ]
              },
              "checked": false,
              "collapsed": false,
              "order": null
            },
            "children": []
          },
          {
            "type": "block",
            "id": "hxcahrAAymWksvDGiaLLw",
            "flavour": "affine:paragraph",
            "version": 1,
            "props": {
              "type": "h3",
              "text": {
                "$blocksuite:internal:text$": true,
                "delta": [
                  {
                    "insert": "What needs improvement?"
                  }
                ]
              }
            },
            "children": []
          },
          {
            "type": "block",
            "id": "1b-bRYXE-bZKzR__Q0fab",
            "flavour": "affine:list",
            "version": 1,
            "props": {
              "type": "todo",
              "text": {
                "$blocksuite:internal:text$": true,
                "delta": [
                  {
                    "insert": "Area for improvement 1"
                  }
                ]
              },
              "checked": false,
              "collapsed": false,
              "order": null
            },
            "children": []
          },
          {
            "type": "block",
            "id": "MwdpnAljKS3ZqZ2y1T3ei",
            "flavour": "affine:list",
            "version": 1,
            "props": {
              "type": "todo",
              "text": {
                "$blocksuite:internal:text$": true,
                "delta": [
                  {
                    "insert": "Area for improvement 2"
                  }
                ]
              },
              "checked": false,
              "collapsed": false,
              "order": null
            },
            "children": []
          },
          {
            "type": "block",
            "id": "O6cf3NJNsNrv9FgqC7Sv7",
            "flavour": "affine:paragraph",
            "version": 1,
            "props": {
              "type": "h3",
              "text": {
                "$blocksuite:internal:text$": true,
                "delta": [
                  {
                    "insert": "Completed Goals"
                  }
                ]
              }
            },
            "children": []
          },
          {
            "type": "block",
            "id": "xxTGe7Q0P_5-r9tpdVyqA",
            "flavour": "affine:list",
            "version": 1,
            "props": {
              "type": "todo",
              "text": {
                "$blocksuite:internal:text$": true,
                "delta": [
                  {
                    "insert": "Goal 1: [Yes/No]"
                  }
                ]
              },
              "checked": false,
              "collapsed": false,
              "order": null
            },
            "children": []
          },
          {
            "type": "block",
            "id": "qrYVaP0sPOKaYU4rswUBS",
            "flavour": "affine:list",
            "version": 1,
            "props": {
              "type": "todo",
              "text": {
                "$blocksuite:internal:text$": true,
                "delta": [
                  {
                    "insert": "Goal 2: [Yes/No]"
                  }
                ]
              },
              "checked": false,
              "collapsed": false,
              "order": null
            },
            "children": []
          },
          {
            "type": "block",
            "id": "E5mXdI_qrup38OByaiHyx",
            "flavour": "affine:list",
            "version": 1,
            "props": {
              "type": "todo",
              "text": {
                "$blocksuite:internal:text$": true,
                "delta": [
                  {
                    "insert": "Goal 3: [Yes/No]"
                  }
                ]
              },
              "checked": false,
              "collapsed": false,
              "order": null
            },
            "children": []
          },
          {
            "type": "block",
            "id": "h4oQpjzh1bsLsUNEsz2EK",
            "flavour": "affine:paragraph",
            "version": 1,
            "props": {
              "type": "h3",
              "text": {
                "$blocksuite:internal:text$": true,
                "delta": [
                  {
                    "insert": "Plans for Next Week"
                  }
                ]
              }
            },
            "children": []
          },
          {
            "type": "block",
            "id": "x-VbxQht9wDvoO4_H-UEN",
            "flavour": "affine:list",
            "version": 1,
            "props": {
              "type": "todo",
              "text": {
                "$blocksuite:internal:text$": true,
                "delta": [
                  {
                    "insert": "Goal 1 for next week"
                  }
                ]
              },
              "checked": false,
              "collapsed": false,
              "order": null
            },
            "children": []
          },
          {
            "type": "block",
            "id": "ZeWlxaWgo5ukFxA6MeQjI",
            "flavour": "affine:list",
            "version": 1,
            "props": {
              "type": "todo",
              "text": {
                "$blocksuite:internal:text$": true,
                "delta": [
                  {
                    "insert": "Goal 2 for next week"
                  }
                ]
              },
              "checked": false,
              "collapsed": false,
              "order": null
            },
            "children": []
          }
        ]
      }
    ]
  }
}