{
  "type": "page",
  "meta": {
    "id": "xfbsVCwaCpvDg6aS-mgqJ",
    "title": "",
    "createDate": 1728134294124,
    "tags": []
  },
  "blocks": {
    "type": "block",
    "id": "BdqDq-5-nYUVc1lCMGY5m",
    "flavour": "affine:page",
    "version": 2,
    "props": {
      "title": {
        "$blocksuite:internal:text$": true,
        "delta": []
      }
    },
    "children": [
      {
        "type": "block",
        "id": "TAzYMsLI61gcX9jPVAjsR",
        "flavour": "affine:surface",
        "version": 5,
        "props": {
          "elements": {}
        },
        "children": []
      },
      {
        "type": "block",
        "id": "sL_cW7a7Mzi8Rfd08Qv9O",
        "flavour": "affine:note",
        "version": 1,
        "props": {
          "xywh": "[0,0,800,95]",
          "background": "--affine-note-background-white",
          "index": "a0",
          "hidden": false,
          "displayMode": "both",
          "edgeless": {
            "style": {
              "borderRadius": 8,
              "borderSize": 4,
              "borderStyle": "none",
              "shadowType": "--affine-note-shadow-box"
            }
          }
        },
        "children": [
          {
            "type": "block",
            "id": "QQgBYAEuJMV3VUjO9bLQl",
            "flavour": "affine:paragraph",
            "version": 1,
            "props": {
              "type": "h2",
              "text": {
                "$blocksuite:internal:text$": true,
                "delta": [
                  {
                    "insert": "Year: [Insert Year]"
                  }
                ]
              }
            },
            "children": []
          },
          {
            "type": "block",
            "id": "fnf0vpPK4QYAM3FIyMgIn",
            "flavour": "affine:divider",
            "version": 1,
            "props": {},
            "children": []
          },
          {
            "type": "block",
            "id": "jKxccvc9-WMiN7_rDS3FH",
            "flavour": "affine:paragraph",
            "version": 1,
            "props": {
              "type": "h2",
              "text": {
                "$blocksuite:internal:text$": true,
                "delta": [
                  {
                    "insert": "1. Overview"
                  }
                ]
              }
            },
            "children": []
          },
          {
            "type": "block",
            "id": "x_tXlUULAmLD6WTs7GOXS",
            "flavour": "affine:paragraph",
            "version": 1,
            "props": {
              "type": "text",
              "text": {
                "$blocksuite:internal:text$": true,
                "delta": [
                  {
                    "insert": "The "
                  },
                  {
                    "insert": "Planner for Students",
                    "attributes": {
                      "bold": true
                    }
                  },
                  {
                    "insert": " is designed to help students of all levels manage their academic responsibilities. It provides a structured way to track homework, study plans, extracurricular activities, and personal goals, making it easier to stay organized and succeed in school."
                  }
                ]
              }
            },
            "children": []
          },
          {
            "type": "block",
            "id": "1K31RcjK0slI9W2L0m4-9",
            "flavour": "affine:paragraph",
            "version": 1,
            "props": {
              "type": "h2",
              "text": {
                "$blocksuite:internal:text$": true,
                "delta": [
                  {
                    "insert": "2. Weekly Overview"
                  }
                ]
              }
            },
            "children": []
          },
          {
            "type": "block",
            "id": "HKGmV9VYobAIB1tmLFtpg",
            "flavour": "affine:database",
            "version": 3,
            "props": {
              "views": [
                {
                  "id": "IucEPH0Mk9",
                  "name": "Table View",
                  "mode": "table",
                  "columns": [],
                  "filter": {
                    "type": "group",
                    "op": "and",
                    "conditions": []
                  },
                  "header": {
                    "titleColumn": "BILlaZAJet",
                    "iconColumn": "type"
                  }
                }
              ],
              "title": {
                "$blocksuite:internal:text$": true,
                "delta": []
              },
              "cells": {
                "8nfG6e7irvr13SZI4VBuS": {
                  "rIXRoP7B4T": {
                    "columnId": "rIXRoP7B4T",
                    "value": {
                      "$blocksuite:internal:text$": true,
                      "delta": [
                        {
                          "insert": "[Insert Subject]"
                        }
                      ]
                    }
                  },
                  "6bA0LJdkR0": {
                    "columnId": "6bA0LJdkR0",
                    "value": {
                      "$blocksuite:internal:text$": true,
                      "delta": [
                        {
                          "insert": "[Insert Assignment Title]"
                        }
                      ]
                    }
                  },
                  "y08lhOtgY6": {
                    "columnId": "y08lhOtgY6",
                    "value": {
                      "$blocksuite:internal:text$": true,
                      "delta": [
                        {
                          "insert": "[Insert Due Date]"
                        }
                      ]
                    }
                  },
                  "qNPpV5foMp": {
                    "columnId": "qNPpV5foMp",
                    "value": {
                      "$blocksuite:internal:text$": true,
                      "delta": [
                        {
                          "insert": "[Insert Exam/Quiz]"
                        }
                      ]
                    }
                  }
                }
              },
              "columns": [
                {
                  "type": "title",
                  "name": "Week",
                  "data": {},
                  "id": "BILlaZAJet"
                },
                {
                  "type": "rich-text",
                  "name": "Subjects",
                  "data": {},
                  "id": "rIXRoP7B4T"
                },
                {
                  "type": "rich-text",
                  "name": "Major Assignments",
                  "data": {},
                  "id": "6bA0LJdkR0"
                },
                {
                  "type": "rich-text",
                  "name": "Due Dates",
                  "data": {},
                  "id": "y08lhOtgY6"
                },
                {
                  "type": "rich-text",
                  "name": "Exams/Quizzes",
                  "data": {},
                  "id": "qNPpV5foMp"
                }
              ]
            },
            "children": [
              {
                "type": "block",
                "id": "8nfG6e7irvr13SZI4VBuS",
                "flavour": "affine:paragraph",
                "version": 1,
                "props": {
                  "type": "text",
                  "text": {
                    "$blocksuite:internal:text$": true,
                    "delta": [
                      {
                        "insert": "[Insert Week]"
                      }
                    ]
                  }
                },
                "children": []
              }
            ]
          },
          {
            "type": "block",
            "id": "zozeq05FA6OEBthj3XsHX",
            "flavour": "affine:divider",
            "version": 1,
            "props": {},
            "children": []
          },
          {
            "type": "block",
            "id": "MrJw1lnkGdSwVlFm8d2KI",
            "flavour": "affine:paragraph",
            "version": 1,
            "props": {
              "type": "h2",
              "text": {
                "$blocksuite:internal:text$": true,
                "delta": [
                  {
                    "insert": "3. Daily Schedule"
                  }
                ]
              }
            },
            "children": []
          },
          {
            "type": "block",
            "id": "viA7W3qB9GEW3jriVWsVi",
            "flavour": "affine:paragraph",
            "version": 1,
            "props": {
              "type": "h3",
              "text": {
                "$blocksuite:internal:text$": true,
                "delta": [
                  {
                    "insert": "3.1. Daily Breakdown"
                  }
                ]
              }
            },
            "children": []
          },
          {
            "type": "block",
            "id": "hKr4wakvSMj7kZ1NiKSou",
            "flavour": "affine:database",
            "version": 3,
            "props": {
              "views": [
                {
                  "id": "MtI8fBofAG",
                  "name": "Table View",
                  "mode": "table",
                  "columns": [],
                  "filter": {
                    "type": "group",
                    "op": "and",
                    "conditions": []
                  },
                  "header": {
                    "titleColumn": "6rxvoGwj26",
                    "iconColumn": "type"
                  }
                }
              ],
              "title": {
                "$blocksuite:internal:text$": true,
                "delta": []
              },
              "cells": {
                "QAuZpW75DaBjw0h0j48HG": {
                  "YskRSt-8Yf": {
                    "columnId": "YskRSt-8Yf",
                    "value": {
                      "$blocksuite:internal:text$": true,
                      "delta": [
                        {
                          "insert": "[Insert Class]"
                        }
                      ]
                    }
                  },
                  "OQEbY5oBMB": {
                    "columnId": "OQEbY5oBMB",
                    "value": {
                      "$blocksuite:internal:text$": true,
                      "delta": [
                        {
                          "insert": "[Insert Homework]"
                        }
                      ]
                    }
                  },
                  "CB0RgkrMTl": {
                    "columnId": "CB0RgkrMTl",
                    "value": {
                      "$blocksuite:internal:text$": true,
                      "delta": [
                        {
                          "insert": "[Insert Time]"
                        }
                      ]
                    }
                  },
                  "cepVHzRgaw": {
                    "columnId": "cepVHzRgaw",
                    "value": {
                      "$blocksuite:internal:text$": true,
                      "delta": [
                        {
                          "insert": "[Not Started/In Progress/Completed]"
                        }
                      ]
                    }
                  }
                },
                "UvGJGjOQAQ1DvX_gozqYD": {
                  "YskRSt-8Yf": {
                    "columnId": "YskRSt-8Yf",
                    "value": {
                      "$blocksuite:internal:text$": true,
                      "delta": [
                        {
                          "insert": "[Insert Class]"
                        }
                      ]
                    }
                  },
                  "OQEbY5oBMB": {
                    "columnId": "OQEbY5oBMB",
                    "value": {
                      "$blocksuite:internal:text$": true,
                      "delta": [
                        {
                          "insert": "[Insert Homework]"
                        }
                      ]
                    }
                  },
                  "CB0RgkrMTl": {
                    "columnId": "CB0RgkrMTl",
                    "value": {
                      "$blocksuite:internal:text$": true,
                      "delta": [
                        {
                          "insert": "[Insert Time]"
                        }
                      ]
                    }
                  },
                  "cepVHzRgaw": {
                    "columnId": "cepVHzRgaw",
                    "value": {
                      "$blocksuite:internal:text$": true,
                      "delta": [
                        {
                          "insert": "[Not Started/In Progress/Completed]"
                        }
                      ]
                    }
                  }
                }
              },
              "columns": [
                {
                  "type": "title",
                  "name": "Date",
                  "data": {},
                  "id": "6rxvoGwj26"
                },
                {
                  "type": "rich-text",
                  "name": "Class Schedule",
                  "data": {},
                  "id": "YskRSt-8Yf"
                },
                {
                  "type": "rich-text",
                  "name": "Homework Assigned",
                  "data": {},
                  "id": "OQEbY5oBMB"
                },
                {
                  "type": "rich-text",
                  "name": "Time Needed",
                  "data": {},
                  "id": "CB0RgkrMTl"
                },
                {
                  "type": "rich-text",
                  "name": "Status",
                  "data": {},
                  "id": "cepVHzRgaw"
                }
              ]
            },
            "children": [
              {
                "type": "block",
                "id": "QAuZpW75DaBjw0h0j48HG",
                "flavour": "affine:paragraph",
                "version": 1,
                "props": {
                  "type": "text",
                  "text": {
                    "$blocksuite:internal:text$": true,
                    "delta": [
                      {
                        "insert": "[Insert Date]"
                      }
                    ]
                  }
                },
                "children": []
              },
              {
                "type": "block",
                "id": "UvGJGjOQAQ1DvX_gozqYD",
                "flavour": "affine:paragraph",
                "version": 1,
                "props": {
                  "type": "text",
                  "text": {
                    "$blocksuite:internal:text$": true,
                    "delta": [
                      {
                        "insert": "[Insert Date]"
                      }
                    ]
                  }
                },
                "children": []
              }
            ]
          },
          {
            "type": "block",
            "id": "ciWBMwnD9P8svokoYRkVd",
            "flavour": "affine:paragraph",
            "version": 1,
            "props": {
              "type": "h3",
              "text": {
                "$blocksuite:internal:text$": true,
                "delta": [
                  {
                    "insert": "3.2. Prioritization of Tasks"
                  }
                ]
              }
            },
            "children": []
          },
          {
            "type": "block",
            "id": "TZAdfStPHtRXBjMCfMd4X",
            "flavour": "affine:list",
            "version": 1,
            "props": {
              "type": "bulleted",
              "text": {
                "$blocksuite:internal:text$": true,
                "delta": [
                  {
                    "insert": "High Priority Tasks",
                    "attributes": {
                      "bold": true
                    }
                  },
                  {
                    "insert": ": [Insert High Priority Task]"
                  }
                ]
              },
              "checked": false,
              "collapsed": false,
              "order": null
            },
            "children": []
          },
          {
            "type": "block",
            "id": "wjybxgO_2FS52OG_VcklK",
            "flavour": "affine:list",
            "version": 1,
            "props": {
              "type": "bulleted",
              "text": {
                "$blocksuite:internal:text$": true,
                "delta": [
                  {
                    "insert": "Medium Priority Tasks",
                    "attributes": {
                      "bold": true
                    }
                  },
                  {
                    "insert": ": [Insert Medium Priority Task]"
                  }
                ]
              },
              "checked": false,
              "collapsed": false,
              "order": null
            },
            "children": []
          },
          {
            "type": "block",
            "id": "IYrIhCGBg3BVa5vShbz-m",
            "flavour": "affine:list",
            "version": 1,
            "props": {
              "type": "bulleted",
              "text": {
                "$blocksuite:internal:text$": true,
                "delta": [
                  {
                    "insert": "Low Priority Tasks",
                    "attributes": {
                      "bold": true
                    }
                  },
                  {
                    "insert": ": [Insert Low Priority Task]"
                  }
                ]
              },
              "checked": false,
              "collapsed": false,
              "order": null
            },
            "children": []
          },
          {
            "type": "block",
            "id": "-4UlCG2ZdBn3SPDzme0hn",
            "flavour": "affine:divider",
            "version": 1,
            "props": {},
            "children": []
          },
          {
            "type": "block",
            "id": "JupckBVlcPVtx7JmlteAC",
            "flavour": "affine:paragraph",
            "version": 1,
            "props": {
              "type": "h2",
              "text": {
                "$blocksuite:internal:text$": true,
                "delta": [
                  {
                    "insert": "4. Project and Assignment Tracker"
                  }
                ]
              }
            },
            "children": []
          },
          {
            "type": "block",
            "id": "jFY-VWEirNtX_ZtaQv8Wb",
            "flavour": "affine:database",
            "version": 3,
            "props": {
              "views": [
                {
                  "id": "KkIQ2FgNU4",
                  "name": "Table View",
                  "mode": "table",
                  "columns": [],
                  "filter": {
                    "type": "group",
                    "op": "and",
                    "conditions": []
                  },
                  "header": {
                    "titleColumn": "RK4YPov6NU",
                    "iconColumn": "type"
                  }
                }
              ],
              "title": {
                "$blocksuite:internal:text$": true,
                "delta": []
              },
              "cells": {
                "zU-tmzR5w3TqcwEMSSw5M": {
                  "MzzDcn8mhA": {
                    "columnId": "MzzDcn8mhA",
                    "value": {
                      "$blocksuite:internal:text$": true,
                      "delta": [
                        {
                          "insert": "[Insert Subject]"
                        }
                      ]
                    }
                  },
                  "S0IpcMArft": {
                    "columnId": "S0IpcMArft",
                    "value": {
                      "$blocksuite:internal:text$": true,
                      "delta": [
                        {
                          "insert": "[Insert Due Date]"
                        }
                      ]
                    }
                  },
                  "B07Bhi35RJ": {
                    "columnId": "B07Bhi35RJ",
                    "value": {
                      "$blocksuite:internal:text$": true,
                      "delta": [
                        {
                          "insert": "[Not Started/In Progress/Completed]"
                        }
                      ]
                    }
                  },
                  "jHF10ZiHpU": {
                    "columnId": "jHF10ZiHpU",
                    "value": {
                      "$blocksuite:internal:text$": true,
                      "delta": [
                        {
                          "insert": "[Insert Notes/Resources]"
                        }
                      ]
                    }
                  }
                }
              },
              "columns": [
                {
                  "type": "title",
                  "name": "Project Title",
                  "data": {},
                  "id": "RK4YPov6NU"
                },
                {
                  "type": "rich-text",
                  "name": "Subject",
                  "data": {},
                  "id": "MzzDcn8mhA"
                },
                {
                  "type": "rich-text",
                  "name": "Due Date",
                  "data": {},
                  "id": "S0IpcMArft"
                },
                {
                  "type": "rich-text",
                  "name": "Progress",
                  "data": {},
                  "id": "B07Bhi35RJ"
                },
                {
                  "type": "rich-text",
                  "name": "Notes/Resources",
                  "data": {},
                  "id": "jHF10ZiHpU"
                }
              ]
            },
            "children": [
              {
                "type": "block",
                "id": "zU-tmzR5w3TqcwEMSSw5M",
                "flavour": "affine:paragraph",
                "version": 1,
                "props": {
                  "type": "text",
                  "text": {
                    "$blocksuite:internal:text$": true,
                    "delta": [
                      {
                        "insert": "[Insert Project Title]"
                      }
                    ]
                  }
                },
                "children": []
              }
            ]
          },
          {
            "type": "block",
            "id": "q055twTTAn6wSsVs-USOh",
            "flavour": "affine:divider",
            "version": 1,
            "props": {},
            "children": []
          },
          {
            "type": "block",
            "id": "Fr5mH6zANaUt3RDtb0Lvn",
            "flavour": "affine:paragraph",
            "version": 1,
            "props": {
              "type": "h2",
              "text": {
                "$blocksuite:internal:text$": true,
                "delta": [
                  {
                    "insert": "5. Exam Preparation"
                  }
                ]
              }
            },
            "children": []
          },
          {
            "type": "block",
            "id": "hrkGuCQx6X5dbj0epfdJB",
            "flavour": "affine:paragraph",
            "version": 1,
            "props": {
              "type": "h3",
              "text": {
                "$blocksuite:internal:text$": true,
                "delta": [
                  {
                    "insert": "5.1. Exam Schedule"
                  }
                ]
              }
            },
            "children": []
          },
          {
            "type": "block",
            "id": "Cs0hw2h-0PKv2tQoaFgw1",
            "flavour": "affine:database",
            "version": 3,
            "props": {
              "views": [
                {
                  "id": "4yBltlnTgl",
                  "name": "Table View",
                  "mode": "table",
                  "columns": [],
                  "filter": {
                    "type": "group",
                    "op": "and",
                    "conditions": []
                  },
                  "header": {
                    "titleColumn": "EAFAHC6Fgd",
                    "iconColumn": "type"
                  }
                }
              ],
              "title": {
                "$blocksuite:internal:text$": true,
                "delta": []
              },
              "cells": {
                "M2F8xhr2pY2OSK7fljwmp": {
                  "T_ei5WkxDx": {
                    "columnId": "T_ei5WkxDx",
                    "value": {
                      "$blocksuite:internal:text$": true,
                      "delta": [
                        {
                          "insert": "[Insert Subject]"
                        }
                      ]
                    }
                  },
                  "YU_IlcMJpa": {
                    "columnId": "YU_IlcMJpa",
                    "value": {
                      "$blocksuite:internal:text$": true,
                      "delta": [
                        {
                          "insert": "[Insert Date]"
                        }
                      ]
                    }
                  },
                  "20aEyPy0dM": {
                    "columnId": "20aEyPy0dM",
                    "value": {
                      "$blocksuite:internal:text$": true,
                      "delta": [
                        {
                          "insert": "[Insert Study Plan]"
                        }
                      ]
                    }
                  }
                }
              },
              "columns": [
                {
                  "type": "title",
                  "name": "Exam Title",
                  "data": {},
                  "id": "EAFAHC6Fgd"
                },
                {
                  "type": "rich-text",
                  "name": "Subject",
                  "data": {},
                  "id": "T_ei5WkxDx"
                },
                {
                  "type": "rich-text",
                  "name": "Date",
                  "data": {},
                  "id": "YU_IlcMJpa"
                },
                {
                  "type": "rich-text",
                  "name": "Study Plan",
                  "data": {},
                  "id": "20aEyPy0dM"
                }
              ]
            },
            "children": [
              {
                "type": "block",
                "id": "M2F8xhr2pY2OSK7fljwmp",
                "flavour": "affine:paragraph",
                "version": 1,
                "props": {
                  "type": "text",
                  "text": {
                    "$blocksuite:internal:text$": true,
                    "delta": [
                      {
                        "insert": "[Insert Exam Title]"
                      }
                    ]
                  }
                },
                "children": []
              }
            ]
          },
          {
            "type": "block",
            "id": "UNnOMf-2Ci0iyUnMFwixJ",
            "flavour": "affine:paragraph",
            "version": 1,
            "props": {
              "type": "h3",
              "text": {
                "$blocksuite:internal:text$": true,
                "delta": [
                  {
                    "insert": "5.2. Study Sessions"
                  }
                ]
              }
            },
            "children": []
          },
          {
            "type": "block",
            "id": "JgrfznClhlYqp8CXnQFuB",
            "flavour": "affine:database",
            "version": 3,
            "props": {
              "views": [
                {
                  "id": "6vti3jC7Zr",
                  "name": "Table View",
                  "mode": "table",
                  "columns": [],
                  "filter": {
                    "type": "group",
                    "op": "and",
                    "conditions": []
                  },
                  "header": {
                    "titleColumn": "M3jS4j9zri",
                    "iconColumn": "type"
                  }
                }
              ],
              "title": {
                "$blocksuite:internal:text$": true,
                "delta": []
              },
              "cells": {
                "AtvFbI2nltV62QZ_MhaHH": {
                  "QL55QAFP4D": {
                    "columnId": "QL55QAFP4D",
                    "value": {
                      "$blocksuite:internal:text$": true,
                      "delta": [
                        {
                          "insert": "[Insert Subject]"
                        }
                      ]
                    }
                  },
                  "v1Fi7QNn_X": {
                    "columnId": "v1Fi7QNn_X",
                    "value": {
                      "$blocksuite:internal:text$": true,
                      "delta": [
                        {
                          "insert": "[Insert Focus]"
                        }
                      ]
                    }
                  },
                  "xA4Xp9Gkpx": {
                    "columnId": "xA4Xp9Gkpx",
                    "value": {
                      "$blocksuite:internal:text$": true,
                      "delta": [
                        {
                          "insert": "[Insert Time]"
                        }
                      ]
                    }
                  }
                }
              },
              "columns": [
                {
                  "type": "title",
                  "name": "Date",
                  "data": {},
                  "id": "M3jS4j9zri"
                },
                {
                  "type": "rich-text",
                  "name": "Subject",
                  "data": {},
                  "id": "QL55QAFP4D"
                },
                {
                  "type": "rich-text",
                  "name": "Study Focus",
                  "data": {},
                  "id": "v1Fi7QNn_X"
                },
                {
                  "type": "rich-text",
                  "name": "Time Allocated",
                  "data": {},
                  "id": "xA4Xp9Gkpx"
                }
              ]
            },
            "children": [
              {
                "type": "block",
                "id": "AtvFbI2nltV62QZ_MhaHH",
                "flavour": "affine:paragraph",
                "version": 1,
                "props": {
                  "type": "text",
                  "text": {
                    "$blocksuite:internal:text$": true,
                    "delta": [
                      {
                        "insert": "[Insert Date]"
                      }
                    ]
                  }
                },
                "children": []
              }
            ]
          },
          {
            "type": "block",
            "id": "jMMcp6WUdULiuony3tGZk",
            "flavour": "affine:divider",
            "version": 1,
            "props": {},
            "children": []
          },
          {
            "type": "block",
            "id": "o_dpgIs1ij77gdO3ZKqP5",
            "flavour": "affine:paragraph",
            "version": 1,
            "props": {
              "type": "h2",
              "text": {
                "$blocksuite:internal:text$": true,
                "delta": [
                  {
                    "insert": "6. Monthly Goals"
                  }
                ]
              }
            },
            "children": []
          },
          {
            "type": "block",
            "id": "ehpr3OaDv994ZLzDmVtEs",
            "flavour": "affine:paragraph",
            "version": 1,
            "props": {
              "type": "h3",
              "text": {
                "$blocksuite:internal:text$": true,
                "delta": [
                  {
                    "insert": "6.1. Academic and Personal Goals"
                  }
                ]
              }
            },
            "children": []
          },
          {
            "type": "block",
            "id": "UjjriBCeuy2DaQ1Jkuzrt",
            "flavour": "affine:list",
            "version": 1,
            "props": {
              "type": "bulleted",
              "text": {
                "$blocksuite:internal:text$": true,
                "delta": [
                  {
                    "insert": "Short-term Goals",
                    "attributes": {
                      "bold": true
                    }
                  },
                  {
                    "insert": ": [Insert Short-term Goal]"
                  }
                ]
              },
              "checked": false,
              "collapsed": false,
              "order": null
            },
            "children": []
          },
          {
            "type": "block",
            "id": "BIKF0bUazRI9Jl_OqZ_eB",
            "flavour": "affine:list",
            "version": 1,
            "props": {
              "type": "bulleted",
              "text": {
                "$blocksuite:internal:text$": true,
                "delta": [
                  {
                    "insert": "Long-term Goals",
                    "attributes": {
                      "bold": true
                    }
                  },
                  {
                    "insert": ": [Insert Long-term Goal]"
                  }
                ]
              },
              "checked": false,
              "collapsed": false,
              "order": null
            },
            "children": []
          },
          {
            "type": "block",
            "id": "V6gs769nkh42gsnIzBoXu",
            "flavour": "affine:divider",
            "version": 1,
            "props": {},
            "children": []
          },
          {
            "type": "block",
            "id": "2-bEkvgaWqQwMbmfjuwuH",
            "flavour": "affine:paragraph",
            "version": 1,
            "props": {
              "type": "h2",
              "text": {
                "$blocksuite:internal:text$": true,
                "delta": [
                  {
                    "insert": "7. Reflection and Improvement"
                  }
                ]
              }
            },
            "children": []
          },
          {
            "type": "block",
            "id": "8IjSx0_N0lVuwBfKjpGRo",
            "flavour": "affine:paragraph",
            "version": 1,
            "props": {
              "type": "h3",
              "text": {
                "$blocksuite:internal:text$": true,
                "delta": [
                  {
                    "insert": "7.1. Weekly Review"
                  }
                ]
              }
            },
            "children": []
          },
          {
            "type": "block",
            "id": "wTI6LLGBna7ZRf5KpbZRg",
            "flavour": "affine:list",
            "version": 1,
            "props": {
              "type": "bulleted",
              "text": {
                "$blocksuite:internal:text$": true,
                "delta": [
                  {
                    "insert": "What went well",
                    "attributes": {
                      "bold": true
                    }
                  },
                  {
                    "insert": ": [Insert Reflection]"
                  }
                ]
              },
              "checked": false,
              "collapsed": false,
              "order": null
            },
            "children": []
          },
          {
            "type": "block",
            "id": "Yl0kQChvlS74Gc8aF93hy",
            "flavour": "affine:list",
            "version": 1,
            "props": {
              "type": "bulleted",
              "text": {
                "$blocksuite:internal:text$": true,
                "delta": [
                  {
                    "insert": "Areas to improve",
                    "attributes": {
                      "bold": true
                    }
                  },
                  {
                    "insert": ": [Insert Reflection]"
                  }
                ]
              },
              "checked": false,
              "collapsed": false,
              "order": null
            },
            "children": []
          },
          {
            "type": "block",
            "id": "hzuLshDudXAov-8-sP1_k",
            "flavour": "affine:list",
            "version": 1,
            "props": {
              "type": "bulleted",
              "text": {
                "$blocksuite:internal:text$": true,
                "delta": [
                  {
                    "insert": "Next week's focus",
                    "attributes": {
                      "bold": true
                    }
                  },
                  {
                    "insert": ": [Insert Reflection]"
                  }
                ]
              },
              "checked": false,
              "collapsed": false,
              "order": null
            },
            "children": []
          },
          {
            "type": "block",
            "id": "fGkbBSVCdaCaxKN3xu4wR",
            "flavour": "affine:divider",
            "version": 1,
            "props": {},
            "children": []
          },
          {
            "type": "block",
            "id": "xj6JRfOEgGajaWpO-a_uN",
            "flavour": "affine:paragraph",
            "version": 1,
            "props": {
              "type": "h2",
              "text": {
                "$blocksuite:internal:text$": true,
                "delta": [
                  {
                    "insert": "8. Notes"
                  }
                ]
              }
            },
            "children": []
          },
          {
            "type": "block",
            "id": "xDSSJpoEzfAuL0WIT2K0H",
            "flavour": "affine:list",
            "version": 1,
            "props": {
              "type": "bulleted",
              "text": {
                "$blocksuite:internal:text$": true,
                "delta": [
                  {
                    "insert": "Use this section for any additional notes, reminders, or personal insights for the week."
                  }
                ]
              },
              "checked": false,
              "collapsed": false,
              "order": null
            },
            "children": []
          },
          {
            "type": "block",
            "id": "RNwhBbw6ZuECY4VhouAoT",
            "flavour": "affine:divider",
            "version": 1,
            "props": {},
            "children": []
          }
        ]
      }
    ]
  }
}