{
  "type": "page",
  "meta": {
    "id": "YSBFZtSPvaXA0KyUiM6bF",
    "title": "Pre-K Lesson Plan Template",
    "createDate": 1728643874325,
    "tags": []
  },
  "blocks": {
    "type": "block",
    "id": "KzSqGvymRmVMjVl6CSufm",
    "flavour": "affine:page",
    "version": 2,
    "props": {
      "title": {
        "$blocksuite:internal:text$": true,
        "delta": [
          {
            "insert": "Pre-K Lesson Plan Template"
          }
        ]
      }
    },
    "children": [
      {
        "type": "block",
        "id": "ztljhMHG5C8C9L4eUvMlg",
        "flavour": "affine:surface",
        "version": 5,
        "props": {
          "elements": {}
        },
        "children": []
      },
      {
        "type": "block",
        "id": "oEOmU2WXkzVQCnlkygzW-",
        "flavour": "affine:note",
        "version": 1,
        "props": {
          "xywh": "[0,0,800,95]",
          "background": "--affine-note-background-white",
          "index": "a0",
          "hidden": false,
          "displayMode": "both",
          "edgeless": {
            "style": {
              "borderRadius": 8,
              "borderSize": 4,
              "borderStyle": "none",
              "shadowType": "--affine-note-shadow-box"
            }
          }
        },
        "children": [
          {
            "type": "block",
            "id": "Q4WxIaCZcUiL5JC0CWLU-",
            "flavour": "affine:paragraph",
            "version": 1,
            "props": {
              "type": "h1",
              "text": {
                "$blocksuite:internal:text$": true,
                "delta": [
                  {
                    "insert": "Pre-K Lesson Plan Template"
                  }
                ]
              }
            },
            "children": []
          },
          {
            "type": "block",
            "id": "JXf_NbEdx8ruAddsP-Im3",
            "flavour": "affine:paragraph",
            "version": 1,
            "props": {
              "type": "h2",
              "text": {
                "$blocksuite:internal:text$": true,
                "delta": [
                  {
                    "insert": "General Information"
                  }
                ]
              }
            },
            "children": []
          },
          {
            "type": "block",
            "id": "PQOqufDDENaYfQudlwpmM",
            "flavour": "affine:list",
            "version": 1,
            "props": {
              "type": "bulleted",
              "text": {
                "$blocksuite:internal:text$": true,
                "delta": [
                  {
                    "insert": "Lesson Date:"
                  }
                ]
              },
              "checked": false,
              "collapsed": false,
              "order": null
            },
            "children": []
          },
          {
            "type": "block",
            "id": "ZAo-0uywCW7gIHuilgGlK",
            "flavour": "affine:list",
            "version": 1,
            "props": {
              "type": "bulleted",
              "text": {
                "$blocksuite:internal:text$": true,
                "delta": [
                  {
                    "insert": "Grade/Age Level:"
                  }
                ]
              },
              "checked": false,
              "collapsed": false,
              "order": null
            },
            "children": []
          },
          {
            "type": "block",
            "id": "Tv7Qipv2wBenbcfOrPGqd",
            "flavour": "affine:list",
            "version": 1,
            "props": {
              "type": "bulleted",
              "text": {
                "$blocksuite:internal:text$": true,
                "delta": [
                  {
                    "insert": "Theme/Unit:"
                  }
                ]
              },
              "checked": false,
              "collapsed": false,
              "order": null
            },
            "children": []
          },
          {
            "type": "block",
            "id": "nKc2o703SBglZu5dP7vDn",
            "flavour": "affine:list",
            "version": 1,
            "props": {
              "type": "bulleted",
              "text": {
                "$blocksuite:internal:text$": true,
                "delta": [
                  {
                    "insert": "Lesson Title:"
                  }
                ]
              },
              "checked": false,
              "collapsed": false,
              "order": null
            },
            "children": []
          },
          {
            "type": "block",
            "id": "NWMjiAKviVWXJmadxdWEA",
            "flavour": "affine:paragraph",
            "version": 1,
            "props": {
              "type": "h2",
              "text": {
                "$blocksuite:internal:text$": true,
                "delta": [
                  {
                    "insert": "Learning Objectives"
                  }
                ]
              }
            },
            "children": []
          },
          {
            "type": "block",
            "id": "KVmARYwLphdn5zNgr5MT1",
            "flavour": "affine:list",
            "version": 1,
            "props": {
              "type": "bulleted",
              "text": {
                "$blocksuite:internal:text$": true,
                "delta": [
                  {
                    "insert": "Objective 1:"
                  }
                ]
              },
              "checked": false,
              "collapsed": false,
              "order": null
            },
            "children": []
          },
          {
            "type": "block",
            "id": "6jh5uRzhe2HOeSOAapBwC",
            "flavour": "affine:list",
            "version": 1,
            "props": {
              "type": "bulleted",
              "text": {
                "$blocksuite:internal:text$": true,
                "delta": [
                  {
                    "insert": "Objective 2:"
                  }
                ]
              },
              "checked": false,
              "collapsed": false,
              "order": null
            },
            "children": []
          },
          {
            "type": "block",
            "id": "QRhgbEKQWZtxGdhZKdyb3",
            "flavour": "affine:list",
            "version": 1,
            "props": {
              "type": "bulleted",
              "text": {
                "$blocksuite:internal:text$": true,
                "delta": [
                  {
                    "insert": "Objective 3:"
                  }
                ]
              },
              "checked": false,
              "collapsed": false,
              "order": null
            },
            "children": []
          },
          {
            "type": "block",
            "id": "Rq0xjk7KPB1O8ALkhAM99",
            "flavour": "affine:paragraph",
            "version": 1,
            "props": {
              "type": "h2",
              "text": {
                "$blocksuite:internal:text$": true,
                "delta": [
                  {
                    "insert": "Materials and Resources"
                  }
                ]
              }
            },
            "children": []
          },
          {
            "type": "block",
            "id": "9zhrCKgI8Ssu6RmCxOqqX",
            "flavour": "affine:list",
            "version": 1,
            "props": {
              "type": "bulleted",
              "text": {
                "$blocksuite:internal:text$": true,
                "delta": [
                  {
                    "insert": "List of materials and resources needed for the lesson"
                  }
                ]
              },
              "checked": false,
              "collapsed": false,
              "order": null
            },
            "children": []
          },
          {
            "type": "block",
            "id": "PiVQ_DLMy-zSXNyG7gWnS",
            "flavour": "affine:paragraph",
            "version": 1,
            "props": {
              "type": "h2",
              "text": {
                "$blocksuite:internal:text$": true,
                "delta": [
                  {
                    "insert": "Opening/Introduction"
                  }
                ]
              }
            },
            "children": []
          },
          {
            "type": "block",
            "id": "8Jf1PZ5yKoRIwqnzT1pcU",
            "flavour": "affine:paragraph",
            "version": 1,
            "props": {
              "type": "text",
              "text": {
                "$blocksuite:internal:text$": true,
                "delta": [
                  {
                    "insert": "Description of the opening activity or hook"
                  }
                ]
              }
            },
            "children": []
          },
          {
            "type": "block",
            "id": "kZdw2Pe_xDINznjQoyPLa",
            "flavour": "affine:paragraph",
            "version": 1,
            "props": {
              "type": "h2",
              "text": {
                "$blocksuite:internal:text$": true,
                "delta": [
                  {
                    "insert": "Lesson Sequence"
                  }
                ]
              }
            },
            "children": []
          },
          {
            "type": "block",
            "id": "Jd0ilMuPnvpLpyTqbc2O4",
            "flavour": "affine:list",
            "version": 1,
            "props": {
              "type": "bulleted",
              "text": {
                "$blocksuite:internal:text$": true,
                "delta": [
                  {
                    "insert": "Activity 1 (approximate time)"
                  }
                ]
              },
              "checked": false,
              "collapsed": false,
              "order": null
            },
            "children": [
              {
                "type": "block",
                "id": "A-cRgYxMv6HS1zeHpXKv_",
                "flavour": "affine:list",
                "version": 1,
                "props": {
                  "type": "bulleted",
                  "text": {
                    "$blocksuite:internal:text$": true,
                    "delta": [
                      {
                        "insert": "Description of the activity"
                      }
                    ]
                  },
                  "checked": false,
                  "collapsed": false,
                  "order": null
                },
                "children": []
              }
            ]
          },
          {
            "type": "block",
            "id": "xrQ7p6Tqmc0mrZIp62Ox7",
            "flavour": "affine:list",
            "version": 1,
            "props": {
              "type": "bulleted",
              "text": {
                "$blocksuite:internal:text$": true,
                "delta": [
                  {
                    "insert": "Transition"
                  }
                ]
              },
              "checked": false,
              "collapsed": false,
              "order": null
            },
            "children": []
          },
          {
            "type": "block",
            "id": "ryN-FO6phsrg3MfQRDw6-",
            "flavour": "affine:list",
            "version": 1,
            "props": {
              "type": "bulleted",
              "text": {
                "$blocksuite:internal:text$": true,
                "delta": [
                  {
                    "insert": "Activity 2 (approximate time)"
                  }
                ]
              },
              "checked": false,
              "collapsed": false,
              "order": null
            },
            "children": [
              {
                "type": "block",
                "id": "gXMGfCf6blwcRJH5ed9p-",
                "flavour": "affine:list",
                "version": 1,
                "props": {
                  "type": "bulleted",
                  "text": {
                    "$blocksuite:internal:text$": true,
                    "delta": [
                      {
                        "insert": "Description of the activity"
                      }
                    ]
                  },
                  "checked": false,
                  "collapsed": false,
                  "order": null
                },
                "children": []
              }
            ]
          },
          {
            "type": "block",
            "id": "ZEMfH9HzKFdadat2S7Ker",
            "flavour": "affine:list",
            "version": 1,
            "props": {
              "type": "bulleted",
              "text": {
                "$blocksuite:internal:text$": true,
                "delta": [
                  {
                    "insert": "Transition"
                  }
                ]
              },
              "checked": false,
              "collapsed": false,
              "order": null
            },
            "children": []
          },
          {
            "type": "block",
            "id": "qyhqCSCpK3g5affrJKA_V",
            "flavour": "affine:list",
            "version": 1,
            "props": {
              "type": "bulleted",
              "text": {
                "$blocksuite:internal:text$": true,
                "delta": [
                  {
                    "insert": "Activity 3 (approximate time)"
                  }
                ]
              },
              "checked": false,
              "collapsed": false,
              "order": null
            },
            "children": [
              {
                "type": "block",
                "id": "J0no-uaXFWI5xBn-QenvQ",
                "flavour": "affine:list",
                "version": 1,
                "props": {
                  "type": "bulleted",
                  "text": {
                    "$blocksuite:internal:text$": true,
                    "delta": [
                      {
                        "insert": "Description of the activity"
                      }
                    ]
                  },
                  "checked": false,
                  "collapsed": false,
                  "order": null
                },
                "children": []
              }
            ]
          },
          {
            "type": "block",
            "id": "5zg8XxFzgxh0JSW_71xFu",
            "flavour": "affine:paragraph",
            "version": 1,
            "props": {
              "type": "h2",
              "text": {
                "$blocksuite:internal:text$": true,
                "delta": [
                  {
                    "insert": "Differentiation and Accommodations"
                  }
                ]
              }
            },
            "children": []
          },
          {
            "type": "block",
            "id": "BJBXlajarCNrbldJudYin",
            "flavour": "affine:list",
            "version": 1,
            "props": {
              "type": "bulleted",
              "text": {
                "$blocksuite:internal:text$": true,
                "delta": [
                  {
                    "insert": "Strategies to support diverse learners"
                  }
                ]
              },
              "checked": false,
              "collapsed": false,
              "order": null
            },
            "children": []
          },
          {
            "type": "block",
            "id": "UwGjR-Ienl4w6-HcI3Lcq",
            "flavour": "affine:paragraph",
            "version": 1,
            "props": {
              "type": "h2",
              "text": {
                "$blocksuite:internal:text$": true,
                "delta": [
                  {
                    "insert": "Assessment"
                  }
                ]
              }
            },
            "children": []
          },
          {
            "type": "block",
            "id": "4qgQluxl9tjMaAvQbuDS0",
            "flavour": "affine:list",
            "version": 1,
            "props": {
              "type": "bulleted",
              "text": {
                "$blocksuite:internal:text$": true,
                "delta": [
                  {
                    "insert": "Explain how student learning will be assessed"
                  }
                ]
              },
              "checked": false,
              "collapsed": false,
              "order": null
            },
            "children": []
          },
          {
            "type": "block",
            "id": "l4gXSW8x5MnCeH02kJ16z",
            "flavour": "affine:paragraph",
            "version": 1,
            "props": {
              "type": "h2",
              "text": {
                "$blocksuite:internal:text$": true,
                "delta": [
                  {
                    "insert": "Reflection"
                  }
                ]
              }
            },
            "children": []
          },
          {
            "type": "block",
            "id": "m-lmA9OqEGGeqGpQr4eXr",
            "flavour": "affine:list",
            "version": 1,
            "props": {
              "type": "bulleted",
              "text": {
                "$blocksuite:internal:text$": true,
                "delta": [
                  {
                    "insert": "Notes and observations after implementing the lesson"
                  }
                ]
              },
              "checked": false,
              "collapsed": false,
              "order": null
            },
            "children": []
          },
          {
            "type": "block",
            "id": "ClZcH3sa2nfJcpIw5awgI",
            "flavour": "affine:list",
            "version": 1,
            "props": {
              "type": "bulleted",
              "text": {
                "$blocksuite:internal:text$": true,
                "delta": [
                  {
                    "insert": "Areas for improvement"
                  }
                ]
              },
              "checked": false,
              "collapsed": false,
              "order": null
            },
            "children": []
          }
        ]
      }
    ]
  }
}