{
  "type": "page",
  "meta": {
    "id": "0-zh-78UZ3Okgxf_UGsag",
    "title": "Academic Planner For MBA Students",
    "createDate": 1727349071472,
    "tags": []
  },
  "blocks": {
    "type": "block",
    "id": "BdqDq-5-nYUVc1lCMGY5m",
    "flavour": "affine:page",
    "version": 2,
    "props": {
      "title": {
        "$blocksuite:internal:text$": true,
        "delta": [
          {
            "insert": "Academic Planner For MBA Students"
          }
        ]
      }
    },
    "children": [
      {
        "type": "block",
        "id": "TAzYMsLI61gcX9jPVAjsR",
        "flavour": "affine:surface",
        "version": 5,
        "props": {
          "elements": {}
        },
        "children": []
      },
      {
        "type": "block",
        "id": "sL_cW7a7Mzi8Rfd08Qv9O",
        "flavour": "affine:note",
        "version": 1,
        "props": {
          "xywh": "[0,0,800,95]",
          "background": "--affine-note-background-white",
          "index": "a0",
          "hidden": false,
          "displayMode": "both",
          "edgeless": {
            "style": {
              "borderRadius": 8,
              "borderSize": 4,
              "borderStyle": "none",
              "shadowType": "--affine-note-shadow-box"
            }
          }
        },
        "children": [
          {
            "type": "block",
            "id": "qST9A1TyIx4HBQeLukzVI",
            "flavour": "affine:paragraph",
            "version": 1,
            "props": {
              "type": "h2",
              "text": {
                "$blocksuite:internal:text$": true,
                "delta": [
                  {
                    "insert": "Week of: [Enter Week Dates]"
                  }
                ]
              }
            },
            "children": []
          },
          {
            "type": "block",
            "id": "G8fv9kBYUTLkGlQFk9HPw",
            "flavour": "affine:divider",
            "version": 1,
            "props": {},
            "children": []
          },
          {
            "type": "block",
            "id": "ainc8Wwx0SifzIcFicw2S",
            "flavour": "affine:paragraph",
            "version": 1,
            "props": {
              "type": "h2",
              "text": {
                "$blocksuite:internal:text$": true,
                "delta": [
                  {
                    "insert": "Course Schedule"
                  }
                ]
              }
            },
            "children": []
          },
          {
            "type": "block",
            "id": "4-LVtM3M9r1du454Cpjlv",
            "flavour": "affine:paragraph",
            "version": 1,
            "props": {
              "type": "h3",
              "text": {
                "$blocksuite:internal:text$": true,
                "delta": [
                  {
                    "insert": "Monday"
                  }
                ]
              }
            },
            "children": []
          },
          {
            "type": "block",
            "id": "Y-KJFqv3OmdappEZ5kpbo",
            "flavour": "affine:list",
            "version": 1,
            "props": {
              "type": "bulleted",
              "text": {
                "$blocksuite:internal:text$": true,
                "delta": [
                  {
                    "insert": "Class 1",
                    "attributes": {
                      "bold": true
                    }
                  },
                  {
                    "insert": ": [Enter Course Name/Time]"
                  }
                ]
              },
              "checked": false,
              "collapsed": false,
              "order": null
            },
            "children": []
          },
          {
            "type": "block",
            "id": "ASrJgIIGSJC99NOqNTm-K",
            "flavour": "affine:list",
            "version": 1,
            "props": {
              "type": "bulleted",
              "text": {
                "$blocksuite:internal:text$": true,
                "delta": [
                  {
                    "insert": "Class 2",
                    "attributes": {
                      "bold": true
                    }
                  },
                  {
                    "insert": ": [Enter Course Name/Time]"
                  }
                ]
              },
              "checked": false,
              "collapsed": false,
              "order": null
            },
            "children": []
          },
          {
            "type": "block",
            "id": "Oc5guG2AX_zxDFoB2luoT",
            "flavour": "affine:list",
            "version": 1,
            "props": {
              "type": "bulleted",
              "text": {
                "$blocksuite:internal:text$": true,
                "delta": [
                  {
                    "insert": "Assignment Due",
                    "attributes": {
                      "bold": true
                    }
                  },
                  {
                    "insert": ": [Details]"
                  }
                ]
              },
              "checked": false,
              "collapsed": false,
              "order": null
            },
            "children": []
          },
          {
            "type": "block",
            "id": "xLpAkDAWi1fyJ8r7XuAhA",
            "flavour": "affine:paragraph",
            "version": 1,
            "props": {
              "type": "h3",
              "text": {
                "$blocksuite:internal:text$": true,
                "delta": [
                  {
                    "insert": "Tuesday"
                  }
                ]
              }
            },
            "children": []
          },
          {
            "type": "block",
            "id": "2rqjQqvUu_1Rj-euweGWb",
            "flavour": "affine:list",
            "version": 1,
            "props": {
              "type": "bulleted",
              "text": {
                "$blocksuite:internal:text$": true,
                "delta": [
                  {
                    "insert": "Class 1",
                    "attributes": {
                      "bold": true
                    }
                  },
                  {
                    "insert": ": [Enter Course Name/Time]"
                  }
                ]
              },
              "checked": false,
              "collapsed": false,
              "order": null
            },
            "children": []
          },
          {
            "type": "block",
            "id": "iJ2H6cRlHzKQmzrQrxf8f",
            "flavour": "affine:list",
            "version": 1,
            "props": {
              "type": "bulleted",
              "text": {
                "$blocksuite:internal:text$": true,
                "delta": [
                  {
                    "insert": "Class 2",
                    "attributes": {
                      "bold": true
                    }
                  },
                  {
                    "insert": ": [Enter Course Name/Time]"
                  }
                ]
              },
              "checked": false,
              "collapsed": false,
              "order": null
            },
            "children": []
          },
          {
            "type": "block",
            "id": "8IK9MYcPtbokQy5bHOLLA",
            "flavour": "affine:list",
            "version": 1,
            "props": {
              "type": "bulleted",
              "text": {
                "$blocksuite:internal:text$": true,
                "delta": [
                  {
                    "insert": "Assignment Due",
                    "attributes": {
                      "bold": true
                    }
                  },
                  {
                    "insert": ": [Details]"
                  }
                ]
              },
              "checked": false,
              "collapsed": false,
              "order": null
            },
            "children": []
          },
          {
            "type": "block",
            "id": "3uHpyEF2UoWmM_iekNw87",
            "flavour": "affine:paragraph",
            "version": 1,
            "props": {
              "type": "h3",
              "text": {
                "$blocksuite:internal:text$": true,
                "delta": [
                  {
                    "insert": "Wednesday"
                  }
                ]
              }
            },
            "children": []
          },
          {
            "type": "block",
            "id": "qm58_kn4oUkJJR_WKs10v",
            "flavour": "affine:list",
            "version": 1,
            "props": {
              "type": "bulleted",
              "text": {
                "$blocksuite:internal:text$": true,
                "delta": [
                  {
                    "insert": "Class 1",
                    "attributes": {
                      "bold": true
                    }
                  },
                  {
                    "insert": ": [Enter Course Name/Time]"
                  }
                ]
              },
              "checked": false,
              "collapsed": false,
              "order": null
            },
            "children": []
          },
          {
            "type": "block",
            "id": "RCkwFxWcahT1f7WXg_CoD",
            "flavour": "affine:list",
            "version": 1,
            "props": {
              "type": "bulleted",
              "text": {
                "$blocksuite:internal:text$": true,
                "delta": [
                  {
                    "insert": "Group Project Meeting",
                    "attributes": {
                      "bold": true
                    }
                  },
                  {
                    "insert": ": [Details]"
                  }
                ]
              },
              "checked": false,
              "collapsed": false,
              "order": null
            },
            "children": []
          },
          {
            "type": "block",
            "id": "4zk1JtZVywnARSNMHUHoO",
            "flavour": "affine:list",
            "version": 1,
            "props": {
              "type": "bulleted",
              "text": {
                "$blocksuite:internal:text$": true,
                "delta": [
                  {
                    "insert": "Case Study Review",
                    "attributes": {
                      "bold": true
                    }
                  },
                  {
                    "insert": ": [Details]"
                  }
                ]
              },
              "checked": false,
              "collapsed": false,
              "order": null
            },
            "children": []
          },
          {
            "type": "block",
            "id": "Aks7NY6ap5_do9yMIx_yg",
            "flavour": "affine:paragraph",
            "version": 1,
            "props": {
              "type": "h3",
              "text": {
                "$blocksuite:internal:text$": true,
                "delta": [
                  {
                    "insert": "Thursday"
                  }
                ]
              }
            },
            "children": []
          },
          {
            "type": "block",
            "id": "pWkKhJ-qgdvk9jB6pAF9T",
            "flavour": "affine:list",
            "version": 1,
            "props": {
              "type": "bulleted",
              "text": {
                "$blocksuite:internal:text$": true,
                "delta": [
                  {
                    "insert": "Class 1",
                    "attributes": {
                      "bold": true
                    }
                  },
                  {
                    "insert": ": [Enter Course Name/Time]"
                  }
                ]
              },
              "checked": false,
              "collapsed": false,
              "order": null
            },
            "children": []
          },
          {
            "type": "block",
            "id": "znzAtFjuxNHVqR37COkMs",
            "flavour": "affine:list",
            "version": 1,
            "props": {
              "type": "bulleted",
              "text": {
                "$blocksuite:internal:text$": true,
                "delta": [
                  {
                    "insert": "Assignment Due",
                    "attributes": {
                      "bold": true
                    }
                  },
                  {
                    "insert": ": [Details]"
                  }
                ]
              },
              "checked": false,
              "collapsed": false,
              "order": null
            },
            "children": []
          },
          {
            "type": "block",
            "id": "KBFHc8be5PW7qC5yzFYE_",
            "flavour": "affine:list",
            "version": 1,
            "props": {
              "type": "bulleted",
              "text": {
                "$blocksuite:internal:text$": true,
                "delta": [
                  {
                    "insert": "Networking Event",
                    "attributes": {
                      "bold": true
                    }
                  },
                  {
                    "insert": ": [Details]"
                  }
                ]
              },
              "checked": false,
              "collapsed": false,
              "order": null
            },
            "children": []
          },
          {
            "type": "block",
            "id": "Sp_bZ0mh9PLFl8VqjxMXC",
            "flavour": "affine:paragraph",
            "version": 1,
            "props": {
              "type": "h3",
              "text": {
                "$blocksuite:internal:text$": true,
                "delta": [
                  {
                    "insert": "Friday"
                  }
                ]
              }
            },
            "children": []
          },
          {
            "type": "block",
            "id": "1qPjVADNWbKGl4aa2zqZq",
            "flavour": "affine:list",
            "version": 1,
            "props": {
              "type": "bulleted",
              "text": {
                "$blocksuite:internal:text$": true,
                "delta": [
                  {
                    "insert": "Class 1",
                    "attributes": {
                      "bold": true
                    }
                  },
                  {
                    "insert": ": [Enter Course Name/Time]"
                  }
                ]
              },
              "checked": false,
              "collapsed": false,
              "order": null
            },
            "children": []
          },
          {
            "type": "block",
            "id": "Css9qgUtSEtsNiqpJFnd4",
            "flavour": "affine:list",
            "version": 1,
            "props": {
              "type": "bulleted",
              "text": {
                "$blocksuite:internal:text$": true,
                "delta": [
                  {
                    "insert": "Career Workshop",
                    "attributes": {
                      "bold": true
                    }
                  },
                  {
                    "insert": ": [Details]"
                  }
                ]
              },
              "checked": false,
              "collapsed": false,
              "order": null
            },
            "children": []
          },
          {
            "type": "block",
            "id": "u18QaNevS2ei62-y00vX8",
            "flavour": "affine:divider",
            "version": 1,
            "props": {},
            "children": []
          },
          {
            "type": "block",
            "id": "ox1DRJ3ckRd6Pjes1KYAn",
            "flavour": "affine:paragraph",
            "version": 1,
            "props": {
              "type": "h2",
              "text": {
                "$blocksuite:internal:text$": true,
                "delta": [
                  {
                    "insert": "Important Deadlines"
                  }
                ]
              }
            },
            "children": []
          },
          {
            "type": "block",
            "id": "6VvymnXq7awx9dp1Xh9zN",
            "flavour": "affine:list",
            "version": 1,
            "props": {
              "type": "bulleted",
              "text": {
                "$blocksuite:internal:text$": true,
                "delta": [
                  {
                    "insert": "Assignment Due Date",
                    "attributes": {
                      "bold": true
                    }
                  },
                  {
                    "insert": ": [Enter Date and Assignment Details]"
                  }
                ]
              },
              "checked": false,
              "collapsed": false,
              "order": null
            },
            "children": []
          },
          {
            "type": "block",
            "id": "-VUd_pJLfmr6S_nA1JSbt",
            "flavour": "affine:list",
            "version": 1,
            "props": {
              "type": "bulleted",
              "text": {
                "$blocksuite:internal:text$": true,
                "delta": [
                  {
                    "insert": "Project Milestone",
                    "attributes": {
                      "bold": true
                    }
                  },
                  {
                    "insert": ": [Enter Date and Milestone]"
                  }
                ]
              },
              "checked": false,
              "collapsed": false,
              "order": null
            },
            "children": []
          },
          {
            "type": "block",
            "id": "oAtdHs58mi-CmlZny0nah",
            "flavour": "affine:list",
            "version": 1,
            "props": {
              "type": "bulleted",
              "text": {
                "$blocksuite:internal:text$": true,
                "delta": [
                  {
                    "insert": "Case Study Submission",
                    "attributes": {
                      "bold": true
                    }
                  },
                  {
                    "insert": ": [Enter Date and Case Study Name]"
                  }
                ]
              },
              "checked": false,
              "collapsed": false,
              "order": null
            },
            "children": []
          },
          {
            "type": "block",
            "id": "CuvKn8tqHmiS6I4Aaqzt6",
            "flavour": "affine:list",
            "version": 1,
            "props": {
              "type": "bulleted",
              "text": {
                "$blocksuite:internal:text$": true,
                "delta": [
                  {
                    "insert": "Exam",
                    "attributes": {
                      "bold": true
                    }
                  },
                  {
                    "insert": ": [Enter Date and Exam Subject]"
                  }
                ]
              },
              "checked": false,
              "collapsed": false,
              "order": null
            },
            "children": []
          },
          {
            "type": "block",
            "id": "g9BykUo100QZrrdMPkI9p",
            "flavour": "affine:divider",
            "version": 1,
            "props": {},
            "children": []
          },
          {
            "type": "block",
            "id": "rSSOXOrhsNb3q18gwuRLf",
            "flavour": "affine:paragraph",
            "version": 1,
            "props": {
              "type": "h2",
              "text": {
                "$blocksuite:internal:text$": true,
                "delta": [
                  {
                    "insert": "Networking and Events"
                  }
                ]
              }
            },
            "children": []
          },
          {
            "type": "block",
            "id": "jJYvSTIGHOjnUJyRKtl8c",
            "flavour": "affine:paragraph",
            "version": 1,
            "props": {
              "type": "h3",
              "text": {
                "$blocksuite:internal:text$": true,
                "delta": [
                  {
                    "insert": "Upcoming Events"
                  }
                ]
              }
            },
            "children": []
          },
          {
            "type": "block",
            "id": "67DBTRg1JcHk7Dj4kS8DZ",
            "flavour": "affine:list",
            "version": 1,
            "props": {
              "type": "bulleted",
              "text": {
                "$blocksuite:internal:text$": true,
                "delta": [
                  {
                    "insert": "Networking Event",
                    "attributes": {
                      "bold": true
                    }
                  },
                  {
                    "insert": ": [Event Name, Date, Time]"
                  }
                ]
              },
              "checked": false,
              "collapsed": false,
              "order": null
            },
            "children": []
          },
          {
            "type": "block",
            "id": "0pzg0ywcjipgje77a05t2",
            "flavour": "affine:list",
            "version": 1,
            "props": {
              "type": "bulleted",
              "text": {
                "$blocksuite:internal:text$": true,
                "delta": [
                  {
                    "insert": "Guest Lecture",
                    "attributes": {
                      "bold": true
                    }
                  },
                  {
                    "insert": ": [Lecture Name, Speaker, Date, Time]"
                  }
                ]
              },
              "checked": false,
              "collapsed": false,
              "order": null
            },
            "children": []
          },
          {
            "type": "block",
            "id": "_IDUx7JoQUkshWZ2mqmuR",
            "flavour": "affine:list",
            "version": 1,
            "props": {
              "type": "bulleted",
              "text": {
                "$blocksuite:internal:text$": true,
                "delta": [
                  {
                    "insert": "Club Meeting",
                    "attributes": {
                      "bold": true
                    }
                  },
                  {
                    "insert": ": [Club Name, Topic, Date]"
                  }
                ]
              },
              "checked": false,
              "collapsed": false,
              "order": null
            },
            "children": []
          },
          {
            "type": "block",
            "id": "IdLAAr71UouX6p5LXyd84",
            "flavour": "affine:paragraph",
            "version": 1,
            "props": {
              "type": "h3",
              "text": {
                "$blocksuite:internal:text$": true,
                "delta": [
                  {
                    "insert": "Contacts to Follow Up"
                  }
                ]
              }
            },
            "children": []
          },
          {
            "type": "block",
            "id": "-PHB5lv0QdVtYT694FK9p",
            "flavour": "affine:list",
            "version": 1,
            "props": {
              "type": "bulleted",
              "text": {
                "$blocksuite:internal:text$": true,
                "delta": [
                  {
                    "insert": "Contact 1",
                    "attributes": {
                      "bold": true
                    }
                  },
                  {
                    "insert": ": [Name, Organization, Follow-up Action]"
                  }
                ]
              },
              "checked": false,
              "collapsed": false,
              "order": null
            },
            "children": []
          },
          {
            "type": "block",
            "id": "MqLAdwF3g-DPg7L4w-7Ii",
            "flavour": "affine:list",
            "version": 1,
            "props": {
              "type": "bulleted",
              "text": {
                "$blocksuite:internal:text$": true,
                "delta": [
                  {
                    "insert": "Contact 2",
                    "attributes": {
                      "bold": true
                    }
                  },
                  {
                    "insert": ": [Name, Organization, Follow-up Action]"
                  }
                ]
              },
              "checked": false,
              "collapsed": false,
              "order": null
            },
            "children": []
          },
          {
            "type": "block",
            "id": "qnJPx06GYVf9gHxPIKtkM",
            "flavour": "affine:divider",
            "version": 1,
            "props": {},
            "children": []
          },
          {
            "type": "block",
            "id": "2sWbFp5dtGUP3QO-ai9Zw",
            "flavour": "affine:paragraph",
            "version": 1,
            "props": {
              "type": "h2",
              "text": {
                "$blocksuite:internal:text$": true,
                "delta": [
                  {
                    "insert": "Personal and Career Development Goals"
                  }
                ]
              }
            },
            "children": []
          },
          {
            "type": "block",
            "id": "S67yh_v-NpL2N5nAlZBuW",
            "flavour": "affine:paragraph",
            "version": 1,
            "props": {
              "type": "h3",
              "text": {
                "$blocksuite:internal:text$": true,
                "delta": [
                  {
                    "insert": "Internship Goals"
                  }
                ]
              }
            },
            "children": []
          },
          {
            "type": "block",
            "id": "WWYamh3hgfKGfucayI2QP",
            "flavour": "affine:list",
            "version": 1,
            "props": {
              "type": "bulleted",
              "text": {
                "$blocksuite:internal:text$": true,
                "delta": [
                  {
                    "insert": "Application Deadline",
                    "attributes": {
                      "bold": true
                    }
                  },
                  {
                    "insert": ": [Enter Date]"
                  }
                ]
              },
              "checked": false,
              "collapsed": false,
              "order": null
            },
            "children": []
          },
          {
            "type": "block",
            "id": "3TacMjvzIf820ONYKRZKx",
            "flavour": "affine:list",
            "version": 1,
            "props": {
              "type": "bulleted",
              "text": {
                "$blocksuite:internal:text$": true,
                "delta": [
                  {
                    "insert": "Companies to Apply",
                    "attributes": {
                      "bold": true
                    }
                  },
                  {
                    "insert": ":"
                  }
                ]
              },
              "checked": false,
              "collapsed": false,
              "order": null
            },
            "children": [
              {
                "type": "block",
                "id": "Bc0DFLpJAU6g7BNZY-nBT",
                "flavour": "affine:list",
                "version": 1,
                "props": {
                  "type": "bulleted",
                  "text": {
                    "$blocksuite:internal:text$": true,
                    "delta": []
                  },
                  "checked": false,
                  "collapsed": false,
                  "order": null
                },
                "children": [
                  {
                    "type": "block",
                    "id": "BTdhxrLgFp2scd2L09MPH",
                    "flavour": "affine:list",
                    "version": 1,
                    "props": {
                      "type": "numbered",
                      "text": {
                        "$blocksuite:internal:text$": true,
                        "delta": [
                          {
                            "insert": "[Company Name]"
                          }
                        ]
                      },
                      "checked": false,
                      "collapsed": false,
                      "order": 1
                    },
                    "children": []
                  }
                ]
              },
              {
                "type": "block",
                "id": "KKvVI87IM0Xa6WyAgrs3I",
                "flavour": "affine:list",
                "version": 1,
                "props": {
                  "type": "bulleted",
                  "text": {
                    "$blocksuite:internal:text$": true,
                    "delta": []
                  },
                  "checked": false,
                  "collapsed": false,
                  "order": null
                },
                "children": [
                  {
                    "type": "block",
                    "id": "vI0p91yGwoKRS0r6mxmk-",
                    "flavour": "affine:list",
                    "version": 1,
                    "props": {
                      "type": "numbered",
                      "text": {
                        "$blocksuite:internal:text$": true,
                        "delta": [
                          {
                            "insert": "[Company Name]"
                          }
                        ]
                      },
                      "checked": false,
                      "collapsed": false,
                      "order": 1
                    },
                    "children": []
                  }
                ]
              }
            ]
          },
          {
            "type": "block",
            "id": "-9umt2wBTjespqykI3hbY",
            "flavour": "affine:list",
            "version": 1,
            "props": {
              "type": "bulleted",
              "text": {
                "$blocksuite:internal:text$": true,
                "delta": [
                  {
                    "insert": "Interview Preparation",
                    "attributes": {
                      "bold": true
                    }
                  },
                  {
                    "insert": ": [Details]"
                  }
                ]
              },
              "checked": false,
              "collapsed": false,
              "order": null
            },
            "children": []
          },
          {
            "type": "block",
            "id": "-emk2FE7HErQimDyDFeRv",
            "flavour": "affine:paragraph",
            "version": 1,
            "props": {
              "type": "h3",
              "text": {
                "$blocksuite:internal:text$": true,
                "delta": [
                  {
                    "insert": "Skill Development"
                  }
                ]
              }
            },
            "children": []
          },
          {
            "type": "block",
            "id": "sdcNpNqjCdAGnVfwtfD80",
            "flavour": "affine:list",
            "version": 1,
            "props": {
              "type": "bulleted",
              "text": {
                "$blocksuite:internal:text$": true,
                "delta": [
                  {
                    "insert": "Skill 1",
                    "attributes": {
                      "bold": true
                    }
                  },
                  {
                    "insert": ": [Enter Skill]"
                  }
                ]
              },
              "checked": false,
              "collapsed": false,
              "order": null
            },
            "children": []
          },
          {
            "type": "block",
            "id": "XSW3ouxWenKw2fY1FQCQD",
            "flavour": "affine:list",
            "version": 1,
            "props": {
              "type": "bulleted",
              "text": {
                "$blocksuite:internal:text$": true,
                "delta": [
                  {
                    "insert": "Action Plan",
                    "attributes": {
                      "bold": true
                    }
                  },
                  {
                    "insert": ": [e.g., Enroll in online course, practice with a project]"
                  }
                ]
              },
              "checked": false,
              "collapsed": false,
              "order": null
            },
            "children": []
          },
          {
            "type": "block",
            "id": "I95dycjSJS3dBJ9zUFdru",
            "flavour": "affine:paragraph",
            "version": 1,
            "props": {
              "type": "h3",
              "text": {
                "$blocksuite:internal:text$": true,
                "delta": [
                  {
                    "insert": "Career Planning"
                  }
                ]
              }
            },
            "children": []
          },
          {
            "type": "block",
            "id": "FbZzmarnV87PKxAN6nvun",
            "flavour": "affine:list",
            "version": 1,
            "props": {
              "type": "bulleted",
              "text": {
                "$blocksuite:internal:text$": true,
                "delta": [
                  {
                    "insert": "Target Companies",
                    "attributes": {
                      "bold": true
                    }
                  },
                  {
                    "insert": ": [Enter List of Companies]"
                  }
                ]
              },
              "checked": false,
              "collapsed": false,
              "order": null
            },
            "children": []
          },
          {
            "type": "block",
            "id": "mWRxHbk70OIdXLDx95xAn",
            "flavour": "affine:list",
            "version": 1,
            "props": {
              "type": "bulleted",
              "text": {
                "$blocksuite:internal:text$": true,
                "delta": [
                  {
                    "insert": "Networking Contacts",
                    "attributes": {
                      "bold": true
                    }
                  },
                  {
                    "insert": ": [Enter Contacts to Reach Out]"
                  }
                ]
              },
              "checked": false,
              "collapsed": false,
              "order": null
            },
            "children": []
          },
          {
            "type": "block",
            "id": "pCBF7VuBp8E_X3p1zJClb",
            "flavour": "affine:list",
            "version": 1,
            "props": {
              "type": "bulleted",
              "text": {
                "$blocksuite:internal:text$": true,
                "delta": [
                  {
                    "insert": "Job Application Deadlines",
                    "attributes": {
                      "bold": true
                    }
                  },
                  {
                    "insert": ": [Enter Dates]"
                  }
                ]
              },
              "checked": false,
              "collapsed": false,
              "order": null
            },
            "children": []
          },
          {
            "type": "block",
            "id": "BNKHyVy7oJKqZ2x3iMg_X",
            "flavour": "affine:divider",
            "version": 1,
            "props": {},
            "children": []
          },
          {
            "type": "block",
            "id": "JWj5RzOoW6lF4yTXBV7PW",
            "flavour": "affine:paragraph",
            "version": 1,
            "props": {
              "type": "h2",
              "text": {
                "$blocksuite:internal:text$": true,
                "delta": [
                  {
                    "insert": "Weekly Reflection"
                  }
                ]
              }
            },
            "children": []
          },
          {
            "type": "block",
            "id": "1GOYYBw4xItT9qaUJBE67",
            "flavour": "affine:paragraph",
            "version": 1,
            "props": {
              "type": "h3",
              "text": {
                "$blocksuite:internal:text$": true,
                "delta": [
                  {
                    "insert": "Academic Progress"
                  }
                ]
              }
            },
            "children": []
          },
          {
            "type": "block",
            "id": "M9z0j0mhRHk_cpb4YBHdY",
            "flavour": "affine:list",
            "version": 1,
            "props": {
              "type": "bulleted",
              "text": {
                "$blocksuite:internal:text$": true,
                "delta": [
                  {
                    "insert": "What I Did Well",
                    "attributes": {
                      "bold": true
                    }
                  },
                  {
                    "insert": ": [Reflection on class participation, assignment completion]"
                  }
                ]
              },
              "checked": false,
              "collapsed": false,
              "order": null
            },
            "children": []
          },
          {
            "type": "block",
            "id": "tH-ETOvi8H0K66tRa-nm5",
            "flavour": "affine:list",
            "version": 1,
            "props": {
              "type": "bulleted",
              "text": {
                "$blocksuite:internal:text$": true,
                "delta": [
                  {
                    "insert": "Areas for Improvement",
                    "attributes": {
                      "bold": true
                    }
                  },
                  {
                    "insert": ": [Reflection on time management, understanding of concepts]"
                  }
                ]
              },
              "checked": false,
              "collapsed": false,
              "order": null
            },
            "children": []
          },
          {
            "type": "block",
            "id": "gkmdk3uugc8rrvI_0ce6o",
            "flavour": "affine:paragraph",
            "version": 1,
            "props": {
              "type": "h3",
              "text": {
                "$blocksuite:internal:text$": true,
                "delta": [
                  {
                    "insert": "Career Development Progress"
                  }
                ]
              }
            },
            "children": []
          },
          {
            "type": "block",
            "id": "z3vpKz8Ed2KmHrGItOHjw",
            "flavour": "affine:list",
            "version": 1,
            "props": {
              "type": "bulleted",
              "text": {
                "$blocksuite:internal:text$": true,
                "delta": [
                  {
                    "insert": "What Went Well",
                    "attributes": {
                      "bold": true
                    }
                  },
                  {
                    "insert": ": [Reflection on networking, internship search]"
                  }
                ]
              },
              "checked": false,
              "collapsed": false,
              "order": null
            },
            "children": []
          },
          {
            "type": "block",
            "id": "U5cRo7wQnDbJYbhI3XDkO",
            "flavour": "affine:list",
            "version": 1,
            "props": {
              "type": "bulleted",
              "text": {
                "$blocksuite:internal:text$": true,
                "delta": [
                  {
                    "insert": "Next Steps",
                    "attributes": {
                      "bold": true
                    }
                  },
                  {
                    "insert": ": [Actionable items for career development]"
                  }
                ]
              },
              "checked": false,
              "collapsed": false,
              "order": null
            },
            "children": []
          },
          {
            "type": "block",
            "id": "0WzfnprlicSiSgJkLsI51",
            "flavour": "affine:divider",
            "version": 1,
            "props": {},
            "children": []
          },
          {
            "type": "block",
            "id": "poNV7sScjSPiGp0X9K77O",
            "flavour": "affine:paragraph",
            "version": 1,
            "props": {
              "type": "h2",
              "text": {
                "$blocksuite:internal:text$": true,
                "delta": [
                  {
                    "insert": "Notes"
                  }
                ]
              }
            },
            "children": []
          },
          {
            "type": "block",
            "id": "OkDVXLgQwtWsj0wb00Elg",
            "flavour": "affine:paragraph",
            "version": 1,
            "props": {
              "type": "text",
              "text": {
                "$blocksuite:internal:text$": true,
                "delta": [
                  {
                    "insert": "[Use this section for additional notes or ideas]"
                  }
                ]
              }
            },
            "children": []
          }
        ]
      }
    ]
  }
}