{
  "type": "page",
  "meta": {
    "id": "h7cDD_RA6XRlfmX967882",
    "title": "Day Planner Daily",
    "createDate": 1728134295757,
    "tags": []
  },
  "blocks": {
    "type": "block",
    "id": "BdqDq-5-nYUVc1lCMGY5m",
    "flavour": "affine:page",
    "version": 2,
    "props": {
      "title": {
        "$blocksuite:internal:text$": true,
        "delta": [
          {
            "insert": "Day Planner Daily"
          }
        ]
      }
    },
    "children": [
      {
        "type": "block",
        "id": "TAzYMsLI61gcX9jPVAjsR",
        "flavour": "affine:surface",
        "version": 5,
        "props": {
          "elements": {}
        },
        "children": []
      },
      {
        "type": "block",
        "id": "sL_cW7a7Mzi8Rfd08Qv9O",
        "flavour": "affine:note",
        "version": 1,
        "props": {
          "xywh": "[0,0,800,95]",
          "background": "--affine-note-background-white",
          "index": "a0",
          "hidden": false,
          "displayMode": "both",
          "edgeless": {
            "style": {
              "borderRadius": 8,
              "borderSize": 4,
              "borderStyle": "none",
              "shadowType": "--affine-note-shadow-box"
            }
          }
        },
        "children": [
          {
            "type": "block",
            "id": "GETkW-fwFQrca_fD2Oe6R",
            "flavour": "affine:paragraph",
            "version": 1,
            "props": {
              "type": "h2",
              "text": {
                "$blocksuite:internal:text$": true,
                "delta": [
                  {
                    "insert": "Date: [Insert Date]"
                  }
                ]
              }
            },
            "children": []
          },
          {
            "type": "block",
            "id": "wkqJASLIEd6vWJXghhn33",
            "flavour": "affine:divider",
            "version": 1,
            "props": {},
            "children": []
          },
          {
            "type": "block",
            "id": "aLrCMJHX_RAaSaPyd9lE5",
            "flavour": "affine:paragraph",
            "version": 1,
            "props": {
              "type": "h2",
              "text": {
                "$blocksuite:internal:text$": true,
                "delta": [
                  {
                    "insert": "1. Top Priorities for Today"
                  }
                ]
              }
            },
            "children": []
          },
          {
            "type": "block",
            "id": "V03vWN615yTKiQe2Wo3kf",
            "flavour": "affine:list",
            "version": 1,
            "props": {
              "type": "bulleted",
              "text": {
                "$blocksuite:internal:text$": true,
                "delta": [
                  {
                    "insert": "Priority 1",
                    "attributes": {
                      "bold": true
                    }
                  },
                  {
                    "insert": ": [Insert Task]"
                  }
                ]
              },
              "checked": false,
              "collapsed": false,
              "order": null
            },
            "children": []
          },
          {
            "type": "block",
            "id": "M_BdQDJ8h4Ri0NrKBRUtV",
            "flavour": "affine:list",
            "version": 1,
            "props": {
              "type": "bulleted",
              "text": {
                "$blocksuite:internal:text$": true,
                "delta": [
                  {
                    "insert": "Priority 2",
                    "attributes": {
                      "bold": true
                    }
                  },
                  {
                    "insert": ": [Insert Task]"
                  }
                ]
              },
              "checked": false,
              "collapsed": false,
              "order": null
            },
            "children": []
          },
          {
            "type": "block",
            "id": "9mVP63rA2ZC1T8RGSiCm-",
            "flavour": "affine:list",
            "version": 1,
            "props": {
              "type": "bulleted",
              "text": {
                "$blocksuite:internal:text$": true,
                "delta": [
                  {
                    "insert": "Priority 3",
                    "attributes": {
                      "bold": true
                    }
                  },
                  {
                    "insert": ": [Insert Task]"
                  }
                ]
              },
              "checked": false,
              "collapsed": false,
              "order": null
            },
            "children": []
          },
          {
            "type": "block",
            "id": "cnGBratJEZOxQ4zXlbf6i",
            "flavour": "affine:divider",
            "version": 1,
            "props": {},
            "children": []
          },
          {
            "type": "block",
            "id": "SWOA3qiWtMIeIVYkJ6boS",
            "flavour": "affine:paragraph",
            "version": 1,
            "props": {
              "type": "h2",
              "text": {
                "$blocksuite:internal:text$": true,
                "delta": [
                  {
                    "insert": "2. Daily Schedule"
                  }
                ]
              }
            },
            "children": []
          },
          {
            "type": "block",
            "id": "QVrUgJ9ZwbzLvocbQDSzJ",
            "flavour": "affine:database",
            "version": 3,
            "props": {
              "views": [
                {
                  "id": "a9E6UVN8Yo",
                  "name": "Table View",
                  "mode": "table",
                  "columns": [],
                  "filter": {
                    "type": "group",
                    "op": "and",
                    "conditions": []
                  },
                  "header": {
                    "titleColumn": "4416xEzNFM",
                    "iconColumn": "type"
                  }
                }
              ],
              "title": {
                "$blocksuite:internal:text$": true,
                "delta": []
              },
              "cells": {
                "v8o1H3m3H3fTZ9Egyvq7c": {
                  "FpQKGa-kfV": {
                    "columnId": "FpQKGa-kfV",
                    "value": {
                      "$blocksuite:internal:text$": true,
                      "delta": [
                        {
                          "insert": "[Insert Task]"
                        }
                      ]
                    }
                  },
                  "kQT-KqK1Rw": {
                    "columnId": "kQT-KqK1Rw",
                    "value": {
                      "$blocksuite:internal:text$": true,
                      "delta": [
                        {
                          "insert": "[High/Medium/Low]"
                        }
                      ]
                    }
                  },
                  "gyxXP0EJ_x": {
                    "columnId": "gyxXP0EJ_x",
                    "value": {
                      "$blocksuite:internal:text$": true,
                      "delta": [
                        {
                          "insert": "[Not Started/In Progress/Complete]"
                        }
                      ]
                    }
                  }
                },
                "AXTG818aipruZqbLTZLO3": {
                  "FpQKGa-kfV": {
                    "columnId": "FpQKGa-kfV",
                    "value": {
                      "$blocksuite:internal:text$": true,
                      "delta": [
                        {
                          "insert": "[Insert Task]"
                        }
                      ]
                    }
                  },
                  "kQT-KqK1Rw": {
                    "columnId": "kQT-KqK1Rw",
                    "value": {
                      "$blocksuite:internal:text$": true,
                      "delta": [
                        {
                          "insert": "[High/Medium/Low]"
                        }
                      ]
                    }
                  },
                  "gyxXP0EJ_x": {
                    "columnId": "gyxXP0EJ_x",
                    "value": {
                      "$blocksuite:internal:text$": true,
                      "delta": [
                        {
                          "insert": "[Not Started/In Progress/Complete]"
                        }
                      ]
                    }
                  }
                },
                "WMzVNhMe7UkG6oWkS7DX_": {
                  "FpQKGa-kfV": {
                    "columnId": "FpQKGa-kfV",
                    "value": {
                      "$blocksuite:internal:text$": true,
                      "delta": [
                        {
                          "insert": "Lunch Break"
                        }
                      ]
                    }
                  },
                  "kQT-KqK1Rw": {
                    "columnId": "kQT-KqK1Rw",
                    "value": {
                      "$blocksuite:internal:text$": true,
                      "delta": [
                        {
                          "insert": "[High/Medium/Low]"
                        }
                      ]
                    }
                  },
                  "gyxXP0EJ_x": {
                    "columnId": "gyxXP0EJ_x",
                    "value": {
                      "$blocksuite:internal:text$": true,
                      "delta": [
                        {
                          "insert": "[Not Started/In Progress/Complete]"
                        }
                      ]
                    }
                  }
                },
                "8qcQI5ZXgVDTsBNwtVHSl": {
                  "FpQKGa-kfV": {
                    "columnId": "FpQKGa-kfV",
                    "value": {
                      "$blocksuite:internal:text$": true,
                      "delta": [
                        {
                          "insert": "[Insert Task]"
                        }
                      ]
                    }
                  },
                  "kQT-KqK1Rw": {
                    "columnId": "kQT-KqK1Rw",
                    "value": {
                      "$blocksuite:internal:text$": true,
                      "delta": [
                        {
                          "insert": "[High/Medium/Low]"
                        }
                      ]
                    }
                  },
                  "gyxXP0EJ_x": {
                    "columnId": "gyxXP0EJ_x",
                    "value": {
                      "$blocksuite:internal:text$": true,
                      "delta": [
                        {
                          "insert": "[Not Started/In Progress/Complete]"
                        }
                      ]
                    }
                  }
                },
                "p6XE7XgCm4Xj_a0kKuKtt": {
                  "FpQKGa-kfV": {
                    "columnId": "FpQKGa-kfV",
                    "value": {
                      "$blocksuite:internal:text$": true,
                      "delta": [
                        {
                          "insert": "[Insert Task]"
                        }
                      ]
                    }
                  },
                  "kQT-KqK1Rw": {
                    "columnId": "kQT-KqK1Rw",
                    "value": {
                      "$blocksuite:internal:text$": true,
                      "delta": [
                        {
                          "insert": "[High/Medium/Low]"
                        }
                      ]
                    }
                  },
                  "gyxXP0EJ_x": {
                    "columnId": "gyxXP0EJ_x",
                    "value": {
                      "$blocksuite:internal:text$": true,
                      "delta": [
                        {
                          "insert": "[Not Started/In Progress/Complete]"
                        }
                      ]
                    }
                  }
                }
              },
              "columns": [
                {
                  "type": "title",
                  "name": "Time",
                  "data": {},
                  "id": "4416xEzNFM"
                },
                {
                  "type": "rich-text",
                  "name": "Task/Activity",
                  "data": {},
                  "id": "FpQKGa-kfV"
                },
                {
                  "type": "rich-text",
                  "name": "Priority (High/Medium/Low)",
                  "data": {},
                  "id": "kQT-KqK1Rw"
                },
                {
                  "type": "rich-text",
                  "name": "Status (Not Started/In Progress/Complete)",
                  "data": {},
                  "id": "gyxXP0EJ_x"
                }
              ]
            },
            "children": [
              {
                "type": "block",
                "id": "v8o1H3m3H3fTZ9Egyvq7c",
                "flavour": "affine:paragraph",
                "version": 1,
                "props": {
                  "type": "text",
                  "text": {
                    "$blocksuite:internal:text$": true,
                    "delta": [
                      {
                        "insert": "6:00 AM"
                      }
                    ]
                  }
                },
                "children": []
              },
              {
                "type": "block",
                "id": "AXTG818aipruZqbLTZLO3",
                "flavour": "affine:paragraph",
                "version": 1,
                "props": {
                  "type": "text",
                  "text": {
                    "$blocksuite:internal:text$": true,
                    "delta": [
                      {
                        "insert": "8:00 AM"
                      }
                    ]
                  }
                },
                "children": []
              },
              {
                "type": "block",
                "id": "WMzVNhMe7UkG6oWkS7DX_",
                "flavour": "affine:paragraph",
                "version": 1,
                "props": {
                  "type": "text",
                  "text": {
                    "$blocksuite:internal:text$": true,
                    "delta": [
                      {
                        "insert": "12:00 PM"
                      }
                    ]
                  }
                },
                "children": []
              },
              {
                "type": "block",
                "id": "8qcQI5ZXgVDTsBNwtVHSl",
                "flavour": "affine:paragraph",
                "version": 1,
                "props": {
                  "type": "text",
                  "text": {
                    "$blocksuite:internal:text$": true,
                    "delta": [
                      {
                        "insert": "3:00 PM"
                      }
                    ]
                  }
                },
                "children": []
              },
              {
                "type": "block",
                "id": "p6XE7XgCm4Xj_a0kKuKtt",
                "flavour": "affine:paragraph",
                "version": 1,
                "props": {
                  "type": "text",
                  "text": {
                    "$blocksuite:internal:text$": true,
                    "delta": [
                      {
                        "insert": "5:00 PM"
                      }
                    ]
                  }
                },
                "children": []
              }
            ]
          },
          {
            "type": "block",
            "id": "yfcTOrAIzAthozO7vS-Pm",
            "flavour": "affine:divider",
            "version": 1,
            "props": {},
            "children": []
          },
          {
            "type": "block",
            "id": "7XFRvtXb-A15NJuyRhIK1",
            "flavour": "affine:paragraph",
            "version": 1,
            "props": {
              "type": "h2",
              "text": {
                "$blocksuite:internal:text$": true,
                "delta": [
                  {
                    "insert": "3. Daily Task List"
                  }
                ]
              }
            },
            "children": []
          },
          {
            "type": "block",
            "id": "ILNuw9H4g9Ue4bNfCqT43",
            "flavour": "affine:database",
            "version": 3,
            "props": {
              "views": [
                {
                  "id": "zwl2bDXHD3",
                  "name": "Table View",
                  "mode": "table",
                  "columns": [],
                  "filter": {
                    "type": "group",
                    "op": "and",
                    "conditions": []
                  },
                  "header": {
                    "titleColumn": "PuPKG4il8C",
                    "iconColumn": "type"
                  }
                }
              ],
              "title": {
                "$blocksuite:internal:text$": true,
                "delta": []
              },
              "cells": {
                "ts8YM4tYcI2xDDGlFwu97": {
                  "O-8h9RPLyB": {
                    "columnId": "O-8h9RPLyB",
                    "value": {
                      "$blocksuite:internal:text$": true,
                      "delta": [
                        {
                          "insert": "[Insert Date]"
                        }
                      ]
                    }
                  },
                  "nIlIl2XzK1": {
                    "columnId": "nIlIl2XzK1",
                    "value": {
                      "$blocksuite:internal:text$": true,
                      "delta": [
                        {
                          "insert": "[Priority]"
                        }
                      ]
                    }
                  },
                  "f0RIyuzPnX": {
                    "columnId": "f0RIyuzPnX",
                    "value": {
                      "$blocksuite:internal:text$": true,
                      "delta": [
                        {
                          "insert": "[Not Started/In Progress/Complete]"
                        }
                      ]
                    }
                  }
                },
                "BWaruXOcXxRjGXbRwQe6Z": {
                  "O-8h9RPLyB": {
                    "columnId": "O-8h9RPLyB",
                    "value": {
                      "$blocksuite:internal:text$": true,
                      "delta": [
                        {
                          "insert": "[Insert Date]"
                        }
                      ]
                    }
                  },
                  "nIlIl2XzK1": {
                    "columnId": "nIlIl2XzK1",
                    "value": {
                      "$blocksuite:internal:text$": true,
                      "delta": [
                        {
                          "insert": "[Priority]"
                        }
                      ]
                    }
                  },
                  "f0RIyuzPnX": {
                    "columnId": "f0RIyuzPnX",
                    "value": {
                      "$blocksuite:internal:text$": true,
                      "delta": [
                        {
                          "insert": "[Not Started/In Progress/Complete]"
                        }
                      ]
                    }
                  }
                }
              },
              "columns": [
                {
                  "type": "title",
                  "name": "Task Name",
                  "data": {},
                  "id": "PuPKG4il8C"
                },
                {
                  "type": "rich-text",
                  "name": "Deadline",
                  "data": {},
                  "id": "O-8h9RPLyB"
                },
                {
                  "type": "rich-text",
                  "name": "Priority",
                  "data": {},
                  "id": "nIlIl2XzK1"
                },
                {
                  "type": "rich-text",
                  "name": "Status",
                  "data": {},
                  "id": "f0RIyuzPnX"
                }
              ]
            },
            "children": [
              {
                "type": "block",
                "id": "ts8YM4tYcI2xDDGlFwu97",
                "flavour": "affine:paragraph",
                "version": 1,
                "props": {
                  "type": "text",
                  "text": {
                    "$blocksuite:internal:text$": true,
                    "delta": [
                      {
                        "insert": "[Insert Task]"
                      }
                    ]
                  }
                },
                "children": []
              },
              {
                "type": "block",
                "id": "BWaruXOcXxRjGXbRwQe6Z",
                "flavour": "affine:paragraph",
                "version": 1,
                "props": {
                  "type": "text",
                  "text": {
                    "$blocksuite:internal:text$": true,
                    "delta": [
                      {
                        "insert": "[Insert Task]"
                      }
                    ]
                  }
                },
                "children": []
              }
            ]
          },
          {
            "type": "block",
            "id": "Ji8kNyEUB3PdLXFCB3Yhs",
            "flavour": "affine:divider",
            "version": 1,
            "props": {},
            "children": []
          },
          {
            "type": "block",
            "id": "DC9CRfLpdNKfJKlDEWb6K",
            "flavour": "affine:paragraph",
            "version": 1,
            "props": {
              "type": "h2",
              "text": {
                "$blocksuite:internal:text$": true,
                "delta": [
                  {
                    "insert": "4. Quick Reminders and Notes"
                  }
                ]
              }
            },
            "children": []
          },
          {
            "type": "block",
            "id": "CECgcVCa_y-4bTvLDHvrR",
            "flavour": "affine:list",
            "version": 1,
            "props": {
              "type": "bulleted",
              "text": {
                "$blocksuite:internal:text$": true,
                "delta": [
                  {
                    "insert": "[Insert Reminder or Note]"
                  }
                ]
              },
              "checked": false,
              "collapsed": false,
              "order": null
            },
            "children": []
          },
          {
            "type": "block",
            "id": "LgfX39QeZbDO6nMWUHWd3",
            "flavour": "affine:list",
            "version": 1,
            "props": {
              "type": "bulleted",
              "text": {
                "$blocksuite:internal:text$": true,
                "delta": [
                  {
                    "insert": "[Insert Reminder or Note]"
                  }
                ]
              },
              "checked": false,
              "collapsed": false,
              "order": null
            },
            "children": []
          },
          {
            "type": "block",
            "id": "IAVo3cTV-xift1rvAy-GR",
            "flavour": "affine:divider",
            "version": 1,
            "props": {},
            "children": []
          },
          {
            "type": "block",
            "id": "0TOZUYIiGf1lq0nMGupyY",
            "flavour": "affine:paragraph",
            "version": 1,
            "props": {
              "type": "h2",
              "text": {
                "$blocksuite:internal:text$": true,
                "delta": [
                  {
                    "insert": "5. End of Day Reflection"
                  }
                ]
              }
            },
            "children": []
          },
          {
            "type": "block",
            "id": "oGa2PiOSWh6i7dO5RXbAQ",
            "flavour": "affine:list",
            "version": 1,
            "props": {
              "type": "bulleted",
              "text": {
                "$blocksuite:internal:text$": true,
                "delta": [
                  {
                    "insert": "What went well today",
                    "attributes": {
                      "bold": true
                    }
                  },
                  {
                    "insert": ": [Insert Reflection]"
                  }
                ]
              },
              "checked": false,
              "collapsed": false,
              "order": null
            },
            "children": []
          },
          {
            "type": "block",
            "id": "r60QyxBk93NI__MAYAcXk",
            "flavour": "affine:list",
            "version": 1,
            "props": {
              "type": "bulleted",
              "text": {
                "$blocksuite:internal:text$": true,
                "delta": [
                  {
                    "insert": "What can be improved for tomorrow",
                    "attributes": {
                      "bold": true
                    }
                  },
                  {
                    "insert": ": [Insert Reflection]"
                  }
                ]
              },
              "checked": false,
              "collapsed": false,
              "order": null
            },
            "children": []
          },
          {
            "type": "block",
            "id": "3rXCR-eac8fMycVuwXVnk",
            "flavour": "affine:list",
            "version": 1,
            "props": {
              "type": "bulleted",
              "text": {
                "$blocksuite:internal:text$": true,
                "delta": [
                  {
                    "insert": "Tomorrow’s focus",
                    "attributes": {
                      "bold": true
                    }
                  },
                  {
                    "insert": ": [Insert Focus]"
                  }
                ]
              },
              "checked": false,
              "collapsed": false,
              "order": null
            },
            "children": []
          },
          {
            "type": "block",
            "id": "R-4mCrFI4acHbMVxnYx6H",
            "flavour": "affine:divider",
            "version": 1,
            "props": {},
            "children": []
          },
          {
            "type": "block",
            "id": "I8C_CYUWEGmRXhuxw86O8",
            "flavour": "affine:paragraph",
            "version": 1,
            "props": {
              "type": "h2",
              "text": {
                "$blocksuite:internal:text$": true,
                "delta": [
                  {
                    "insert": "6. Daily Habit Tracker"
                  }
                ]
              }
            },
            "children": []
          },
          {
            "type": "block",
            "id": "g5u7iCgO4MDu7jgZH-HHQ",
            "flavour": "affine:database",
            "version": 3,
            "props": {
              "views": [
                {
                  "id": "VXyrAyv91S",
                  "name": "Table View",
                  "mode": "table",
                  "columns": [],
                  "filter": {
                    "type": "group",
                    "op": "and",
                    "conditions": []
                  },
                  "header": {
                    "titleColumn": "Nr1FtSnT2A",
                    "iconColumn": "type"
                  }
                }
              ],
              "title": {
                "$blocksuite:internal:text$": true,
                "delta": []
              },
              "cells": {
                "_qe_lls5ybnsktJixXd57": {
                  "j1yyagfYWC": {
                    "columnId": "j1yyagfYWC",
                    "value": {
                      "$blocksuite:internal:text$": true,
                      "delta": [
                        {
                          "insert": "[Yes/No]"
                        }
                      ]
                    }
                  }
                },
                "rABde5IyZ45uIwv3XBIbL": {
                  "j1yyagfYWC": {
                    "columnId": "j1yyagfYWC",
                    "value": {
                      "$blocksuite:internal:text$": true,
                      "delta": [
                        {
                          "insert": "[Yes/No]"
                        }
                      ]
                    }
                  }
                }
              },
              "columns": [
                {
                  "type": "title",
                  "name": "Habit",
                  "data": {},
                  "id": "Nr1FtSnT2A"
                },
                {
                  "type": "rich-text",
                  "name": "Completed (Yes/No)",
                  "data": {},
                  "id": "j1yyagfYWC"
                }
              ]
            },
            "children": [
              {
                "type": "block",
                "id": "_qe_lls5ybnsktJixXd57",
                "flavour": "affine:paragraph",
                "version": 1,
                "props": {
                  "type": "text",
                  "text": {
                    "$blocksuite:internal:text$": true,
                    "delta": [
                      {
                        "insert": "[Insert Habit]"
                      }
                    ]
                  }
                },
                "children": []
              },
              {
                "type": "block",
                "id": "rABde5IyZ45uIwv3XBIbL",
                "flavour": "affine:paragraph",
                "version": 1,
                "props": {
                  "type": "text",
                  "text": {
                    "$blocksuite:internal:text$": true,
                    "delta": [
                      {
                        "insert": "[Insert Habit]"
                      }
                    ]
                  }
                },
                "children": []
              }
            ]
          },
          {
            "type": "block",
            "id": "D_aOH2hNFihGQDwzScuoc",
            "flavour": "affine:divider",
            "version": 1,
            "props": {},
            "children": []
          }
        ]
      }
    ]
  }
}