{
  "type": "page",
  "meta": {
    "id": "lWXG5Ov21Xa7EcYG1552F",
    "title": "Teacher Planner",
    "createDate": 1727356090268,
    "tags": []
  },
  "blocks": {
    "type": "block",
    "id": "BdqDq-5-nYUVc1lCMGY5m",
    "flavour": "affine:page",
    "version": 2,
    "props": {
      "title": {
        "$blocksuite:internal:text$": true,
        "delta": [
          {
            "insert": "Teacher Planner"
          }
        ]
      }
    },
    "children": [
      {
        "type": "block",
        "id": "TAzYMsLI61gcX9jPVAjsR",
        "flavour": "affine:surface",
        "version": 5,
        "props": {
          "elements": {}
        },
        "children": []
      },
      {
        "type": "block",
        "id": "sL_cW7a7Mzi8Rfd08Qv9O",
        "flavour": "affine:note",
        "version": 1,
        "props": {
          "xywh": "[0,0,800,95]",
          "background": "--affine-note-background-white",
          "index": "a0",
          "hidden": false,
          "displayMode": "both",
          "edgeless": {
            "style": {
              "borderRadius": 8,
              "borderSize": 4,
              "borderStyle": "none",
              "shadowType": "--affine-note-shadow-box"
            }
          }
        },
        "children": [
          {
            "type": "block",
            "id": "cDj9X6AhA_qUM1IdXsZ_h",
            "flavour": "affine:paragraph",
            "version": 1,
            "props": {
              "type": "h2",
              "text": {
                "$blocksuite:internal:text$": true,
                "delta": [
                  {
                    "insert": "Week of: [Enter Week Dates]"
                  }
                ]
              }
            },
            "children": []
          },
          {
            "type": "block",
            "id": "zfDRtymiXiO7wFkE-JMsk",
            "flavour": "affine:divider",
            "version": 1,
            "props": {},
            "children": []
          },
          {
            "type": "block",
            "id": "VTvrfl2q0TUla4d4vDXb8",
            "flavour": "affine:paragraph",
            "version": 1,
            "props": {
              "type": "h2",
              "text": {
                "$blocksuite:internal:text$": true,
                "delta": [
                  {
                    "insert": "Weekly Goals"
                  }
                ]
              }
            },
            "children": []
          },
          {
            "type": "block",
            "id": "QoSqKIpaozUcfvGJLWZbq",
            "flavour": "affine:list",
            "version": 1,
            "props": {
              "type": "todo",
              "text": {
                "$blocksuite:internal:text$": true,
                "delta": [
                  {
                    "insert": "Teaching Focus (e.g., Math, Literature, Science):"
                  }
                ]
              },
              "checked": false,
              "collapsed": false,
              "order": null
            },
            "children": []
          },
          {
            "type": "block",
            "id": "7PegU7KvUSkcO_FnaZwRa",
            "flavour": "affine:list",
            "version": 1,
            "props": {
              "type": "todo",
              "text": {
                "$blocksuite:internal:text$": true,
                "delta": [
                  {
                    "insert": "Key Learning Objectives:"
                  }
                ]
              },
              "checked": false,
              "collapsed": false,
              "order": null
            },
            "children": []
          },
          {
            "type": "block",
            "id": "5YXJrPEIkkGR-pEeJEmqu",
            "flavour": "affine:list",
            "version": 1,
            "props": {
              "type": "todo",
              "text": {
                "$blocksuite:internal:text$": true,
                "delta": [
                  {
                    "insert": "Classroom Management Goals:"
                  }
                ]
              },
              "checked": false,
              "collapsed": false,
              "order": null
            },
            "children": []
          },
          {
            "type": "block",
            "id": "Qojvfye95zvaJbJ-Cwdeg",
            "flavour": "affine:divider",
            "version": 1,
            "props": {},
            "children": []
          },
          {
            "type": "block",
            "id": "LGorDA6blgEjV7XfpbS_I",
            "flavour": "affine:paragraph",
            "version": 1,
            "props": {
              "type": "h2",
              "text": {
                "$blocksuite:internal:text$": true,
                "delta": [
                  {
                    "insert": "Lesson Plans"
                  }
                ]
              }
            },
            "children": []
          },
          {
            "type": "block",
            "id": "dxyCegs8d_Uhs1bvmaBHo",
            "flavour": "affine:paragraph",
            "version": 1,
            "props": {
              "type": "h3",
              "text": {
                "$blocksuite:internal:text$": true,
                "delta": [
                  {
                    "insert": "Monday"
                  }
                ]
              }
            },
            "children": []
          },
          {
            "type": "block",
            "id": "cCtO_fbYXjGW-4YpHtAYa",
            "flavour": "affine:list",
            "version": 1,
            "props": {
              "type": "bulleted",
              "text": {
                "$blocksuite:internal:text$": true,
                "delta": [
                  {
                    "insert": "Subject",
                    "attributes": {
                      "bold": true
                    }
                  },
                  {
                    "insert": ":"
                  }
                ]
              },
              "checked": false,
              "collapsed": false,
              "order": null
            },
            "children": [
              {
                "type": "block",
                "id": "vRzI08l_R3uqyR48cdV8O",
                "flavour": "affine:list",
                "version": 1,
                "props": {
                  "type": "bulleted",
                  "text": {
                    "$blocksuite:internal:text$": true,
                    "delta": [
                      {
                        "insert": "Learning Objectives:"
                      }
                    ]
                  },
                  "checked": false,
                  "collapsed": false,
                  "order": null
                },
                "children": []
              },
              {
                "type": "block",
                "id": "5T_D4Wd_RWVhulJqb3Fqz",
                "flavour": "affine:list",
                "version": 1,
                "props": {
                  "type": "bulleted",
                  "text": {
                    "$blocksuite:internal:text$": true,
                    "delta": [
                      {
                        "insert": "Activities/Resources:"
                      }
                    ]
                  },
                  "checked": false,
                  "collapsed": false,
                  "order": null
                },
                "children": []
              },
              {
                "type": "block",
                "id": "Bwit8qRKtxjPfqKeaTPbF",
                "flavour": "affine:list",
                "version": 1,
                "props": {
                  "type": "bulleted",
                  "text": {
                    "$blocksuite:internal:text$": true,
                    "delta": [
                      {
                        "insert": "Assessment/Review:"
                      }
                    ]
                  },
                  "checked": false,
                  "collapsed": false,
                  "order": null
                },
                "children": []
              }
            ]
          },
          {
            "type": "block",
            "id": "wjym3tV7xmUpMzcldhPZl",
            "flavour": "affine:list",
            "version": 1,
            "props": {
              "type": "bulleted",
              "text": {
                "$blocksuite:internal:text$": true,
                "delta": [
                  {
                    "insert": "Subject",
                    "attributes": {
                      "bold": true
                    }
                  },
                  {
                    "insert": ":"
                  }
                ]
              },
              "checked": false,
              "collapsed": false,
              "order": null
            },
            "children": [
              {
                "type": "block",
                "id": "he9K7i64jAgsXAn-rYzw5",
                "flavour": "affine:list",
                "version": 1,
                "props": {
                  "type": "bulleted",
                  "text": {
                    "$blocksuite:internal:text$": true,
                    "delta": [
                      {
                        "insert": "Learning Objectives:"
                      }
                    ]
                  },
                  "checked": false,
                  "collapsed": false,
                  "order": null
                },
                "children": []
              },
              {
                "type": "block",
                "id": "Q3_lmJaYmd7yc-WsBPCMf",
                "flavour": "affine:list",
                "version": 1,
                "props": {
                  "type": "bulleted",
                  "text": {
                    "$blocksuite:internal:text$": true,
                    "delta": [
                      {
                        "insert": "Activities/Resources:"
                      }
                    ]
                  },
                  "checked": false,
                  "collapsed": false,
                  "order": null
                },
                "children": []
              },
              {
                "type": "block",
                "id": "P_Do5AwZoWCwg29lzHH28",
                "flavour": "affine:list",
                "version": 1,
                "props": {
                  "type": "bulleted",
                  "text": {
                    "$blocksuite:internal:text$": true,
                    "delta": [
                      {
                        "insert": "Assessment/Review:"
                      }
                    ]
                  },
                  "checked": false,
                  "collapsed": false,
                  "order": null
                },
                "children": []
              }
            ]
          },
          {
            "type": "block",
            "id": "b1_x5ZQRp1u_v-4siHODb",
            "flavour": "affine:paragraph",
            "version": 1,
            "props": {
              "type": "h3",
              "text": {
                "$blocksuite:internal:text$": true,
                "delta": [
                  {
                    "insert": "Tuesday"
                  }
                ]
              }
            },
            "children": []
          },
          {
            "type": "block",
            "id": "j_oS_ErCMDNscHORic6pH",
            "flavour": "affine:list",
            "version": 1,
            "props": {
              "type": "bulleted",
              "text": {
                "$blocksuite:internal:text$": true,
                "delta": [
                  {
                    "insert": "Subject",
                    "attributes": {
                      "bold": true
                    }
                  },
                  {
                    "insert": ":"
                  }
                ]
              },
              "checked": false,
              "collapsed": false,
              "order": null
            },
            "children": [
              {
                "type": "block",
                "id": "sF1jzAbq70PrJ5Sugh9Gd",
                "flavour": "affine:list",
                "version": 1,
                "props": {
                  "type": "bulleted",
                  "text": {
                    "$blocksuite:internal:text$": true,
                    "delta": [
                      {
                        "insert": "Learning Objectives:"
                      }
                    ]
                  },
                  "checked": false,
                  "collapsed": false,
                  "order": null
                },
                "children": []
              },
              {
                "type": "block",
                "id": "i4trfBqSvqReJ0TxMFtSO",
                "flavour": "affine:list",
                "version": 1,
                "props": {
                  "type": "bulleted",
                  "text": {
                    "$blocksuite:internal:text$": true,
                    "delta": [
                      {
                        "insert": "Activities/Resources:"
                      }
                    ]
                  },
                  "checked": false,
                  "collapsed": false,
                  "order": null
                },
                "children": []
              },
              {
                "type": "block",
                "id": "16-CSNBVo3cvFyLj5UhtY",
                "flavour": "affine:list",
                "version": 1,
                "props": {
                  "type": "bulleted",
                  "text": {
                    "$blocksuite:internal:text$": true,
                    "delta": [
                      {
                        "insert": "Assessment/Review:"
                      }
                    ]
                  },
                  "checked": false,
                  "collapsed": false,
                  "order": null
                },
                "children": []
              }
            ]
          },
          {
            "type": "block",
            "id": "QUjL4zOMb57SzIWWR2kAa",
            "flavour": "affine:list",
            "version": 1,
            "props": {
              "type": "bulleted",
              "text": {
                "$blocksuite:internal:text$": true,
                "delta": [
                  {
                    "insert": "Subject",
                    "attributes": {
                      "bold": true
                    }
                  },
                  {
                    "insert": ":"
                  }
                ]
              },
              "checked": false,
              "collapsed": false,
              "order": null
            },
            "children": [
              {
                "type": "block",
                "id": "en-U3Oog0mLnDTCve329T",
                "flavour": "affine:list",
                "version": 1,
                "props": {
                  "type": "bulleted",
                  "text": {
                    "$blocksuite:internal:text$": true,
                    "delta": [
                      {
                        "insert": "Learning Objectives:"
                      }
                    ]
                  },
                  "checked": false,
                  "collapsed": false,
                  "order": null
                },
                "children": []
              },
              {
                "type": "block",
                "id": "8QGLFUa3WI3rehS8uEQjF",
                "flavour": "affine:list",
                "version": 1,
                "props": {
                  "type": "bulleted",
                  "text": {
                    "$blocksuite:internal:text$": true,
                    "delta": [
                      {
                        "insert": "Activities/Resources:"
                      }
                    ]
                  },
                  "checked": false,
                  "collapsed": false,
                  "order": null
                },
                "children": []
              },
              {
                "type": "block",
                "id": "QIXxfyQLvzccf59SZ7qv7",
                "flavour": "affine:list",
                "version": 1,
                "props": {
                  "type": "bulleted",
                  "text": {
                    "$blocksuite:internal:text$": true,
                    "delta": [
                      {
                        "insert": "Assessment/Review:"
                      }
                    ]
                  },
                  "checked": false,
                  "collapsed": false,
                  "order": null
                },
                "children": []
              }
            ]
          },
          {
            "type": "block",
            "id": "PHFWUHcXwur3QvuKVdQ8s",
            "flavour": "affine:paragraph",
            "version": 1,
            "props": {
              "type": "h3",
              "text": {
                "$blocksuite:internal:text$": true,
                "delta": [
                  {
                    "insert": "Wednesday"
                  }
                ]
              }
            },
            "children": []
          },
          {
            "type": "block",
            "id": "QvvqddScikkrmQZxYU3uw",
            "flavour": "affine:list",
            "version": 1,
            "props": {
              "type": "bulleted",
              "text": {
                "$blocksuite:internal:text$": true,
                "delta": [
                  {
                    "insert": "Subject",
                    "attributes": {
                      "bold": true
                    }
                  },
                  {
                    "insert": ":"
                  }
                ]
              },
              "checked": false,
              "collapsed": false,
              "order": null
            },
            "children": [
              {
                "type": "block",
                "id": "XYH3GfO6v0XPoC46o8gtS",
                "flavour": "affine:list",
                "version": 1,
                "props": {
                  "type": "bulleted",
                  "text": {
                    "$blocksuite:internal:text$": true,
                    "delta": [
                      {
                        "insert": "Learning Objectives:"
                      }
                    ]
                  },
                  "checked": false,
                  "collapsed": false,
                  "order": null
                },
                "children": []
              },
              {
                "type": "block",
                "id": "iw-6CTLDM6CvsK6eUeaM9",
                "flavour": "affine:list",
                "version": 1,
                "props": {
                  "type": "bulleted",
                  "text": {
                    "$blocksuite:internal:text$": true,
                    "delta": [
                      {
                        "insert": "Activities/Resources:"
                      }
                    ]
                  },
                  "checked": false,
                  "collapsed": false,
                  "order": null
                },
                "children": []
              },
              {
                "type": "block",
                "id": "slTqAiVPKbO66GiXgpxMR",
                "flavour": "affine:list",
                "version": 1,
                "props": {
                  "type": "bulleted",
                  "text": {
                    "$blocksuite:internal:text$": true,
                    "delta": [
                      {
                        "insert": "Assessment/Review:"
                      }
                    ]
                  },
                  "checked": false,
                  "collapsed": false,
                  "order": null
                },
                "children": []
              }
            ]
          },
          {
            "type": "block",
            "id": "yj2sa3UXSkIddEwDzvUHq",
            "flavour": "affine:list",
            "version": 1,
            "props": {
              "type": "bulleted",
              "text": {
                "$blocksuite:internal:text$": true,
                "delta": [
                  {
                    "insert": "Subject",
                    "attributes": {
                      "bold": true
                    }
                  },
                  {
                    "insert": ":"
                  }
                ]
              },
              "checked": false,
              "collapsed": false,
              "order": null
            },
            "children": [
              {
                "type": "block",
                "id": "CNCy6ferHjp21iMSzqLIj",
                "flavour": "affine:list",
                "version": 1,
                "props": {
                  "type": "bulleted",
                  "text": {
                    "$blocksuite:internal:text$": true,
                    "delta": [
                      {
                        "insert": "Learning Objectives:"
                      }
                    ]
                  },
                  "checked": false,
                  "collapsed": false,
                  "order": null
                },
                "children": []
              },
              {
                "type": "block",
                "id": "dxl3jxXZ7mrcuKajzkydX",
                "flavour": "affine:list",
                "version": 1,
                "props": {
                  "type": "bulleted",
                  "text": {
                    "$blocksuite:internal:text$": true,
                    "delta": [
                      {
                        "insert": "Activities/Resources:"
                      }
                    ]
                  },
                  "checked": false,
                  "collapsed": false,
                  "order": null
                },
                "children": []
              },
              {
                "type": "block",
                "id": "XjJSAQoVC3JyT6T-YMbzG",
                "flavour": "affine:list",
                "version": 1,
                "props": {
                  "type": "bulleted",
                  "text": {
                    "$blocksuite:internal:text$": true,
                    "delta": [
                      {
                        "insert": "Assessment/Review:"
                      }
                    ]
                  },
                  "checked": false,
                  "collapsed": false,
                  "order": null
                },
                "children": []
              }
            ]
          },
          {
            "type": "block",
            "id": "2vkK0HhNSlrVNf6yj-bLK",
            "flavour": "affine:paragraph",
            "version": 1,
            "props": {
              "type": "h3",
              "text": {
                "$blocksuite:internal:text$": true,
                "delta": [
                  {
                    "insert": "Thursday"
                  }
                ]
              }
            },
            "children": []
          },
          {
            "type": "block",
            "id": "zhu4wtOY46oquZ9_WgJV4",
            "flavour": "affine:list",
            "version": 1,
            "props": {
              "type": "bulleted",
              "text": {
                "$blocksuite:internal:text$": true,
                "delta": [
                  {
                    "insert": "Subject",
                    "attributes": {
                      "bold": true
                    }
                  },
                  {
                    "insert": ":"
                  }
                ]
              },
              "checked": false,
              "collapsed": false,
              "order": null
            },
            "children": [
              {
                "type": "block",
                "id": "PYigOXqXtFptzJ1b3j7Tz",
                "flavour": "affine:list",
                "version": 1,
                "props": {
                  "type": "bulleted",
                  "text": {
                    "$blocksuite:internal:text$": true,
                    "delta": [
                      {
                        "insert": "Learning Objectives:"
                      }
                    ]
                  },
                  "checked": false,
                  "collapsed": false,
                  "order": null
                },
                "children": []
              },
              {
                "type": "block",
                "id": "Cwgio7M388txRaKg5kvAA",
                "flavour": "affine:list",
                "version": 1,
                "props": {
                  "type": "bulleted",
                  "text": {
                    "$blocksuite:internal:text$": true,
                    "delta": [
                      {
                        "insert": "Activities/Resources:"
                      }
                    ]
                  },
                  "checked": false,
                  "collapsed": false,
                  "order": null
                },
                "children": []
              },
              {
                "type": "block",
                "id": "Ch9M1yjOTOEa8n9iWB3q-",
                "flavour": "affine:list",
                "version": 1,
                "props": {
                  "type": "bulleted",
                  "text": {
                    "$blocksuite:internal:text$": true,
                    "delta": [
                      {
                        "insert": "Assessment/Review:"
                      }
                    ]
                  },
                  "checked": false,
                  "collapsed": false,
                  "order": null
                },
                "children": []
              }
            ]
          },
          {
            "type": "block",
            "id": "3sMgsU-1eme-kgrqiGQg0",
            "flavour": "affine:list",
            "version": 1,
            "props": {
              "type": "bulleted",
              "text": {
                "$blocksuite:internal:text$": true,
                "delta": [
                  {
                    "insert": "Subject",
                    "attributes": {
                      "bold": true
                    }
                  },
                  {
                    "insert": ":"
                  }
                ]
              },
              "checked": false,
              "collapsed": false,
              "order": null
            },
            "children": [
              {
                "type": "block",
                "id": "RmZXvoA8k3yOQXh-QfVBU",
                "flavour": "affine:list",
                "version": 1,
                "props": {
                  "type": "bulleted",
                  "text": {
                    "$blocksuite:internal:text$": true,
                    "delta": [
                      {
                        "insert": "Learning Objectives:"
                      }
                    ]
                  },
                  "checked": false,
                  "collapsed": false,
                  "order": null
                },
                "children": []
              },
              {
                "type": "block",
                "id": "fjRR1JTV8k1VsoZ2kZcll",
                "flavour": "affine:list",
                "version": 1,
                "props": {
                  "type": "bulleted",
                  "text": {
                    "$blocksuite:internal:text$": true,
                    "delta": [
                      {
                        "insert": "Activities/Resources:"
                      }
                    ]
                  },
                  "checked": false,
                  "collapsed": false,
                  "order": null
                },
                "children": []
              },
              {
                "type": "block",
                "id": "G_V4t_LHi_FRlRPFivmx9",
                "flavour": "affine:list",
                "version": 1,
                "props": {
                  "type": "bulleted",
                  "text": {
                    "$blocksuite:internal:text$": true,
                    "delta": [
                      {
                        "insert": "Assessment/Review:"
                      }
                    ]
                  },
                  "checked": false,
                  "collapsed": false,
                  "order": null
                },
                "children": []
              }
            ]
          },
          {
            "type": "block",
            "id": "oVwZ_kBCQflC-13VaNqPv",
            "flavour": "affine:paragraph",
            "version": 1,
            "props": {
              "type": "h3",
              "text": {
                "$blocksuite:internal:text$": true,
                "delta": [
                  {
                    "insert": "Friday"
                  }
                ]
              }
            },
            "children": []
          },
          {
            "type": "block",
            "id": "T_8aCtYhXT6iO39NpBBDY",
            "flavour": "affine:list",
            "version": 1,
            "props": {
              "type": "bulleted",
              "text": {
                "$blocksuite:internal:text$": true,
                "delta": [
                  {
                    "insert": "Subject",
                    "attributes": {
                      "bold": true
                    }
                  },
                  {
                    "insert": ":"
                  }
                ]
              },
              "checked": false,
              "collapsed": false,
              "order": null
            },
            "children": [
              {
                "type": "block",
                "id": "qSkCsA4ZJO4hUGKx_9QeI",
                "flavour": "affine:list",
                "version": 1,
                "props": {
                  "type": "bulleted",
                  "text": {
                    "$blocksuite:internal:text$": true,
                    "delta": [
                      {
                        "insert": "Learning Objectives:"
                      }
                    ]
                  },
                  "checked": false,
                  "collapsed": false,
                  "order": null
                },
                "children": []
              },
              {
                "type": "block",
                "id": "BZCqJP0Ln_AT0DrvWr_dh",
                "flavour": "affine:list",
                "version": 1,
                "props": {
                  "type": "bulleted",
                  "text": {
                    "$blocksuite:internal:text$": true,
                    "delta": [
                      {
                        "insert": "Activities/Resources:"
                      }
                    ]
                  },
                  "checked": false,
                  "collapsed": false,
                  "order": null
                },
                "children": []
              },
              {
                "type": "block",
                "id": "gqLbAxR7gmAOQmY5mreZa",
                "flavour": "affine:list",
                "version": 1,
                "props": {
                  "type": "bulleted",
                  "text": {
                    "$blocksuite:internal:text$": true,
                    "delta": [
                      {
                        "insert": "Assessment/Review:"
                      }
                    ]
                  },
                  "checked": false,
                  "collapsed": false,
                  "order": null
                },
                "children": []
              }
            ]
          },
          {
            "type": "block",
            "id": "dH5wEUKNpPnlsfDlvqXwi",
            "flavour": "affine:list",
            "version": 1,
            "props": {
              "type": "bulleted",
              "text": {
                "$blocksuite:internal:text$": true,
                "delta": [
                  {
                    "insert": "Subject",
                    "attributes": {
                      "bold": true
                    }
                  },
                  {
                    "insert": ":"
                  }
                ]
              },
              "checked": false,
              "collapsed": false,
              "order": null
            },
            "children": [
              {
                "type": "block",
                "id": "uWl1RvOVQmrc1iBe4rOO-",
                "flavour": "affine:list",
                "version": 1,
                "props": {
                  "type": "bulleted",
                  "text": {
                    "$blocksuite:internal:text$": true,
                    "delta": [
                      {
                        "insert": "Learning Objectives:"
                      }
                    ]
                  },
                  "checked": false,
                  "collapsed": false,
                  "order": null
                },
                "children": []
              },
              {
                "type": "block",
                "id": "4LoBQdl6cRLT_o68X46Lz",
                "flavour": "affine:list",
                "version": 1,
                "props": {
                  "type": "bulleted",
                  "text": {
                    "$blocksuite:internal:text$": true,
                    "delta": [
                      {
                        "insert": "Activities/Resources:"
                      }
                    ]
                  },
                  "checked": false,
                  "collapsed": false,
                  "order": null
                },
                "children": []
              },
              {
                "type": "block",
                "id": "ooOgUPtdV8lPgQKt-GVw7",
                "flavour": "affine:list",
                "version": 1,
                "props": {
                  "type": "bulleted",
                  "text": {
                    "$blocksuite:internal:text$": true,
                    "delta": [
                      {
                        "insert": "Assessment/Review:"
                      }
                    ]
                  },
                  "checked": false,
                  "collapsed": false,
                  "order": null
                },
                "children": []
              }
            ]
          },
          {
            "type": "block",
            "id": "vawvNF8UP16ZtvrryXRe_",
            "flavour": "affine:divider",
            "version": 1,
            "props": {},
            "children": []
          },
          {
            "type": "block",
            "id": "kw4KOhgJgoT6eoI6TDPMt",
            "flavour": "affine:paragraph",
            "version": 1,
            "props": {
              "type": "h2",
              "text": {
                "$blocksuite:internal:text$": true,
                "delta": [
                  {
                    "insert": "Class Schedule"
                  }
                ]
              }
            },
            "children": []
          },
          {
            "type": "block",
            "id": "Hlg9j7DXSzeXVnN7FFkTR",
            "flavour": "affine:database",
            "version": 3,
            "props": {
              "views": [
                {
                  "id": "Kqdv26ATHh",
                  "name": "Table View",
                  "mode": "table",
                  "columns": [],
                  "filter": {
                    "type": "group",
                    "op": "and",
                    "conditions": []
                  },
                  "header": {
                    "titleColumn": "qAD_-eQd8t",
                    "iconColumn": "type"
                  }
                }
              ],
              "title": {
                "$blocksuite:internal:text$": true,
                "delta": []
              },
              "cells": {
                "mNMH3PL5b4NtcRK9rCgmf": {
                  "TUvxDn3R1b": {
                    "columnId": "TUvxDn3R1b",
                    "value": {
                      "$blocksuite:internal:text$": true,
                      "delta": []
                    }
                  },
                  "8uigf9kiq7": {
                    "columnId": "8uigf9kiq7",
                    "value": {
                      "$blocksuite:internal:text$": true,
                      "delta": []
                    }
                  },
                  "X-5k-d7_lh": {
                    "columnId": "X-5k-d7_lh",
                    "value": {
                      "$blocksuite:internal:text$": true,
                      "delta": []
                    }
                  },
                  "SeR6GJQubn": {
                    "columnId": "SeR6GJQubn",
                    "value": {
                      "$blocksuite:internal:text$": true,
                      "delta": []
                    }
                  },
                  "YoFC0zoFzC": {
                    "columnId": "YoFC0zoFzC",
                    "value": {
                      "$blocksuite:internal:text$": true,
                      "delta": []
                    }
                  }
                },
                "3SLL9wf30Y--N2BSW00EV": {
                  "TUvxDn3R1b": {
                    "columnId": "TUvxDn3R1b",
                    "value": {
                      "$blocksuite:internal:text$": true,
                      "delta": []
                    }
                  },
                  "8uigf9kiq7": {
                    "columnId": "8uigf9kiq7",
                    "value": {
                      "$blocksuite:internal:text$": true,
                      "delta": []
                    }
                  },
                  "X-5k-d7_lh": {
                    "columnId": "X-5k-d7_lh",
                    "value": {
                      "$blocksuite:internal:text$": true,
                      "delta": []
                    }
                  },
                  "SeR6GJQubn": {
                    "columnId": "SeR6GJQubn",
                    "value": {
                      "$blocksuite:internal:text$": true,
                      "delta": []
                    }
                  },
                  "YoFC0zoFzC": {
                    "columnId": "YoFC0zoFzC",
                    "value": {
                      "$blocksuite:internal:text$": true,
                      "delta": []
                    }
                  }
                },
                "h0zQg9VHYS4nxuWyw14-T": {
                  "TUvxDn3R1b": {
                    "columnId": "TUvxDn3R1b",
                    "value": {
                      "$blocksuite:internal:text$": true,
                      "delta": []
                    }
                  },
                  "8uigf9kiq7": {
                    "columnId": "8uigf9kiq7",
                    "value": {
                      "$blocksuite:internal:text$": true,
                      "delta": []
                    }
                  },
                  "X-5k-d7_lh": {
                    "columnId": "X-5k-d7_lh",
                    "value": {
                      "$blocksuite:internal:text$": true,
                      "delta": []
                    }
                  },
                  "SeR6GJQubn": {
                    "columnId": "SeR6GJQubn",
                    "value": {
                      "$blocksuite:internal:text$": true,
                      "delta": []
                    }
                  },
                  "YoFC0zoFzC": {
                    "columnId": "YoFC0zoFzC",
                    "value": {
                      "$blocksuite:internal:text$": true,
                      "delta": []
                    }
                  }
                },
                "ZVtxjU5TkbCqs5jY8K39y": {
                  "TUvxDn3R1b": {
                    "columnId": "TUvxDn3R1b",
                    "value": {
                      "$blocksuite:internal:text$": true,
                      "delta": []
                    }
                  },
                  "8uigf9kiq7": {
                    "columnId": "8uigf9kiq7",
                    "value": {
                      "$blocksuite:internal:text$": true,
                      "delta": []
                    }
                  },
                  "X-5k-d7_lh": {
                    "columnId": "X-5k-d7_lh",
                    "value": {
                      "$blocksuite:internal:text$": true,
                      "delta": []
                    }
                  },
                  "SeR6GJQubn": {
                    "columnId": "SeR6GJQubn",
                    "value": {
                      "$blocksuite:internal:text$": true,
                      "delta": []
                    }
                  },
                  "YoFC0zoFzC": {
                    "columnId": "YoFC0zoFzC",
                    "value": {
                      "$blocksuite:internal:text$": true,
                      "delta": []
                    }
                  }
                }
              },
              "columns": [
                {
                  "type": "title",
                  "name": "Time",
                  "data": {},
                  "id": "qAD_-eQd8t"
                },
                {
                  "type": "rich-text",
                  "name": "Monday",
                  "data": {},
                  "id": "TUvxDn3R1b"
                },
                {
                  "type": "rich-text",
                  "name": "Tuesday",
                  "data": {},
                  "id": "8uigf9kiq7"
                },
                {
                  "type": "rich-text",
                  "name": "Wednesday",
                  "data": {},
                  "id": "X-5k-d7_lh"
                },
                {
                  "type": "rich-text",
                  "name": "Thursday",
                  "data": {},
                  "id": "SeR6GJQubn"
                },
                {
                  "type": "rich-text",
                  "name": "Friday",
                  "data": {},
                  "id": "YoFC0zoFzC"
                }
              ]
            },
            "children": [
              {
                "type": "block",
                "id": "mNMH3PL5b4NtcRK9rCgmf",
                "flavour": "affine:paragraph",
                "version": 1,
                "props": {
                  "type": "text",
                  "text": {
                    "$blocksuite:internal:text$": true,
                    "delta": [
                      {
                        "insert": "8:00 - 9:00"
                      }
                    ]
                  }
                },
                "children": []
              },
              {
                "type": "block",
                "id": "3SLL9wf30Y--N2BSW00EV",
                "flavour": "affine:paragraph",
                "version": 1,
                "props": {
                  "type": "text",
                  "text": {
                    "$blocksuite:internal:text$": true,
                    "delta": [
                      {
                        "insert": "9:00 - 10:00"
                      }
                    ]
                  }
                },
                "children": []
              },
              {
                "type": "block",
                "id": "h0zQg9VHYS4nxuWyw14-T",
                "flavour": "affine:paragraph",
                "version": 1,
                "props": {
                  "type": "text",
                  "text": {
                    "$blocksuite:internal:text$": true,
                    "delta": [
                      {
                        "insert": "10:00 - 11:00"
                      }
                    ]
                  }
                },
                "children": []
              },
              {
                "type": "block",
                "id": "ZVtxjU5TkbCqs5jY8K39y",
                "flavour": "affine:paragraph",
                "version": 1,
                "props": {
                  "type": "text",
                  "text": {
                    "$blocksuite:internal:text$": true,
                    "delta": [
                      {
                        "insert": "11:00 - 12:00"
                      }
                    ]
                  }
                },
                "children": []
              }
            ]
          },
          {
            "type": "block",
            "id": "F3AfTsXjtRL-0hjfnleqI",
            "flavour": "affine:divider",
            "version": 1,
            "props": {},
            "children": []
          },
          {
            "type": "block",
            "id": "bGpM4EmHA2ZLKfSWbvgMu",
            "flavour": "affine:paragraph",
            "version": 1,
            "props": {
              "type": "h2",
              "text": {
                "$blocksuite:internal:text$": true,
                "delta": [
                  {
                    "insert": "Student Progress Tracker"
                  }
                ]
              }
            },
            "children": []
          },
          {
            "type": "block",
            "id": "4JjGHNm3HCzlXXHiOxvK1",
            "flavour": "affine:database",
            "version": 3,
            "props": {
              "views": [
                {
                  "id": "KGPpojVPro",
                  "name": "Table View",
                  "mode": "table",
                  "columns": [],
                  "filter": {
                    "type": "group",
                    "op": "and",
                    "conditions": []
                  },
                  "header": {
                    "titleColumn": "XgiqQq9yAl",
                    "iconColumn": "type"
                  }
                }
              ],
              "title": {
                "$blocksuite:internal:text$": true,
                "delta": []
              },
              "cells": {
                "Lndq202Z9c5XqExoEiwqN": {
                  "zQ-DqeiI2-": {
                    "columnId": "zQ-DqeiI2-",
                    "value": {
                      "$blocksuite:internal:text$": true,
                      "delta": []
                    }
                  },
                  "ZbohvE5Uce": {
                    "columnId": "ZbohvE5Uce",
                    "value": {
                      "$blocksuite:internal:text$": true,
                      "delta": []
                    }
                  },
                  "y1YiuqCZlT": {
                    "columnId": "y1YiuqCZlT",
                    "value": {
                      "$blocksuite:internal:text$": true,
                      "delta": []
                    }
                  },
                  "p0WpPICiZJ": {
                    "columnId": "p0WpPICiZJ",
                    "value": {
                      "$blocksuite:internal:text$": true,
                      "delta": []
                    }
                  }
                },
                "ozHIkLa0XYkSNBhHFozY5": {
                  "zQ-DqeiI2-": {
                    "columnId": "zQ-DqeiI2-",
                    "value": {
                      "$blocksuite:internal:text$": true,
                      "delta": []
                    }
                  },
                  "ZbohvE5Uce": {
                    "columnId": "ZbohvE5Uce",
                    "value": {
                      "$blocksuite:internal:text$": true,
                      "delta": []
                    }
                  },
                  "y1YiuqCZlT": {
                    "columnId": "y1YiuqCZlT",
                    "value": {
                      "$blocksuite:internal:text$": true,
                      "delta": []
                    }
                  },
                  "p0WpPICiZJ": {
                    "columnId": "p0WpPICiZJ",
                    "value": {
                      "$blocksuite:internal:text$": true,
                      "delta": []
                    }
                  }
                },
                "237JfHz6q4TI_KOq_c5px": {
                  "zQ-DqeiI2-": {
                    "columnId": "zQ-DqeiI2-",
                    "value": {
                      "$blocksuite:internal:text$": true,
                      "delta": []
                    }
                  },
                  "ZbohvE5Uce": {
                    "columnId": "ZbohvE5Uce",
                    "value": {
                      "$blocksuite:internal:text$": true,
                      "delta": []
                    }
                  },
                  "y1YiuqCZlT": {
                    "columnId": "y1YiuqCZlT",
                    "value": {
                      "$blocksuite:internal:text$": true,
                      "delta": []
                    }
                  },
                  "p0WpPICiZJ": {
                    "columnId": "p0WpPICiZJ",
                    "value": {
                      "$blocksuite:internal:text$": true,
                      "delta": []
                    }
                  }
                }
              },
              "columns": [
                {
                  "type": "title",
                  "name": "Student Name",
                  "data": {},
                  "id": "XgiqQq9yAl"
                },
                {
                  "type": "rich-text",
                  "name": "Subject",
                  "data": {},
                  "id": "zQ-DqeiI2-"
                },
                {
                  "type": "rich-text",
                  "name": "Assessment 1",
                  "data": {},
                  "id": "ZbohvE5Uce"
                },
                {
                  "type": "rich-text",
                  "name": "Assessment 2",
                  "data": {},
                  "id": "y1YiuqCZlT"
                },
                {
                  "type": "rich-text",
                  "name": "Progress Notes",
                  "data": {},
                  "id": "p0WpPICiZJ"
                }
              ]
            },
            "children": [
              {
                "type": "block",
                "id": "Lndq202Z9c5XqExoEiwqN",
                "flavour": "affine:paragraph",
                "version": 1,
                "props": {
                  "type": "text",
                  "text": {
                    "$blocksuite:internal:text$": true,
                    "delta": []
                  }
                },
                "children": []
              },
              {
                "type": "block",
                "id": "ozHIkLa0XYkSNBhHFozY5",
                "flavour": "affine:paragraph",
                "version": 1,
                "props": {
                  "type": "text",
                  "text": {
                    "$blocksuite:internal:text$": true,
                    "delta": []
                  }
                },
                "children": []
              },
              {
                "type": "block",
                "id": "237JfHz6q4TI_KOq_c5px",
                "flavour": "affine:paragraph",
                "version": 1,
                "props": {
                  "type": "text",
                  "text": {
                    "$blocksuite:internal:text$": true,
                    "delta": []
                  }
                },
                "children": []
              }
            ]
          },
          {
            "type": "block",
            "id": "_lBf_BZ3Ls_M8wsvfQisL",
            "flavour": "affine:divider",
            "version": 1,
            "props": {},
            "children": []
          },
          {
            "type": "block",
            "id": "3sEOQRBPoKhJo38_SSB5O",
            "flavour": "affine:paragraph",
            "version": 1,
            "props": {
              "type": "h2",
              "text": {
                "$blocksuite:internal:text$": true,
                "delta": [
                  {
                    "insert": "Grading and Assignment Log"
                  }
                ]
              }
            },
            "children": []
          },
          {
            "type": "block",
            "id": "LEHcT6LaxB0xa9hj77QIY",
            "flavour": "affine:database",
            "version": 3,
            "props": {
              "views": [
                {
                  "id": "yNvoH14gpU",
                  "name": "Table View",
                  "mode": "table",
                  "columns": [],
                  "filter": {
                    "type": "group",
                    "op": "and",
                    "conditions": []
                  },
                  "header": {
                    "titleColumn": "dVw0wc3-nL",
                    "iconColumn": "type"
                  }
                }
              ],
              "title": {
                "$blocksuite:internal:text$": true,
                "delta": []
              },
              "cells": {
                "OglC1Eyh-VpKQoWUQqy3M": {
                  "H8KX1wkWt5": {
                    "columnId": "H8KX1wkWt5",
                    "value": {
                      "$blocksuite:internal:text$": true,
                      "delta": []
                    }
                  },
                  "LNQ5dt4cAd": {
                    "columnId": "LNQ5dt4cAd",
                    "value": {
                      "$blocksuite:internal:text$": true,
                      "delta": []
                    }
                  },
                  "9bBA_6ss8w": {
                    "columnId": "9bBA_6ss8w",
                    "value": {
                      "$blocksuite:internal:text$": true,
                      "delta": []
                    }
                  },
                  "DYEOkdrGxE": {
                    "columnId": "DYEOkdrGxE",
                    "value": {
                      "$blocksuite:internal:text$": true,
                      "delta": []
                    }
                  }
                },
                "JpdKoSY-zgzj2x4ecwNWw": {
                  "H8KX1wkWt5": {
                    "columnId": "H8KX1wkWt5",
                    "value": {
                      "$blocksuite:internal:text$": true,
                      "delta": []
                    }
                  },
                  "LNQ5dt4cAd": {
                    "columnId": "LNQ5dt4cAd",
                    "value": {
                      "$blocksuite:internal:text$": true,
                      "delta": []
                    }
                  },
                  "9bBA_6ss8w": {
                    "columnId": "9bBA_6ss8w",
                    "value": {
                      "$blocksuite:internal:text$": true,
                      "delta": []
                    }
                  },
                  "DYEOkdrGxE": {
                    "columnId": "DYEOkdrGxE",
                    "value": {
                      "$blocksuite:internal:text$": true,
                      "delta": []
                    }
                  }
                },
                "rqXEdlPHjeexxK6pLMnUn": {
                  "H8KX1wkWt5": {
                    "columnId": "H8KX1wkWt5",
                    "value": {
                      "$blocksuite:internal:text$": true,
                      "delta": []
                    }
                  },
                  "LNQ5dt4cAd": {
                    "columnId": "LNQ5dt4cAd",
                    "value": {
                      "$blocksuite:internal:text$": true,
                      "delta": []
                    }
                  },
                  "9bBA_6ss8w": {
                    "columnId": "9bBA_6ss8w",
                    "value": {
                      "$blocksuite:internal:text$": true,
                      "delta": []
                    }
                  },
                  "DYEOkdrGxE": {
                    "columnId": "DYEOkdrGxE",
                    "value": {
                      "$blocksuite:internal:text$": true,
                      "delta": []
                    }
                  }
                }
              },
              "columns": [
                {
                  "type": "title",
                  "name": "Subject",
                  "data": {},
                  "id": "dVw0wc3-nL"
                },
                {
                  "type": "rich-text",
                  "name": "Assignment",
                  "data": {},
                  "id": "H8KX1wkWt5"
                },
                {
                  "type": "rich-text",
                  "name": "Due Date",
                  "data": {},
                  "id": "LNQ5dt4cAd"
                },
                {
                  "type": "rich-text",
                  "name": "Graded (Yes/No)",
                  "data": {},
                  "id": "9bBA_6ss8w"
                },
                {
                  "type": "rich-text",
                  "name": "Student Performance",
                  "data": {},
                  "id": "DYEOkdrGxE"
                }
              ]
            },
            "children": [
              {
                "type": "block",
                "id": "OglC1Eyh-VpKQoWUQqy3M",
                "flavour": "affine:paragraph",
                "version": 1,
                "props": {
                  "type": "text",
                  "text": {
                    "$blocksuite:internal:text$": true,
                    "delta": []
                  }
                },
                "children": []
              },
              {
                "type": "block",
                "id": "JpdKoSY-zgzj2x4ecwNWw",
                "flavour": "affine:paragraph",
                "version": 1,
                "props": {
                  "type": "text",
                  "text": {
                    "$blocksuite:internal:text$": true,
                    "delta": []
                  }
                },
                "children": []
              },
              {
                "type": "block",
                "id": "rqXEdlPHjeexxK6pLMnUn",
                "flavour": "affine:paragraph",
                "version": 1,
                "props": {
                  "type": "text",
                  "text": {
                    "$blocksuite:internal:text$": true,
                    "delta": []
                  }
                },
                "children": []
              }
            ]
          },
          {
            "type": "block",
            "id": "K04SI6WrBJ9V4yKgl4hsJ",
            "flavour": "affine:divider",
            "version": 1,
            "props": {},
            "children": []
          },
          {
            "type": "block",
            "id": "Gq3t6YtD_hrvQ1_gcYyjJ",
            "flavour": "affine:paragraph",
            "version": 1,
            "props": {
              "type": "h2",
              "text": {
                "$blocksuite:internal:text$": true,
                "delta": [
                  {
                    "insert": "Reflection and Notes"
                  }
                ]
              }
            },
            "children": []
          },
          {
            "type": "block",
            "id": "Sy1PI5xFnSIl94OT56zBH",
            "flavour": "affine:list",
            "version": 1,
            "props": {
              "type": "bulleted",
              "text": {
                "$blocksuite:internal:text$": true,
                "delta": [
                  {
                    "insert": "What went well this week",
                    "attributes": {
                      "bold": true
                    }
                  },
                  {
                    "insert": ":"
                  }
                ]
              },
              "checked": false,
              "collapsed": false,
              "order": null
            },
            "children": []
          },
          {
            "type": "block",
            "id": "JAAS7FAXfAJs8VdTy-EdS",
            "flavour": "affine:list",
            "version": 1,
            "props": {
              "type": "bulleted",
              "text": {
                "$blocksuite:internal:text$": true,
                "delta": [
                  {
                    "insert": "Areas for improvement",
                    "attributes": {
                      "bold": true
                    }
                  },
                  {
                    "insert": ":"
                  }
                ]
              },
              "checked": false,
              "collapsed": false,
              "order": null
            },
            "children": []
          },
          {
            "type": "block",
            "id": "Vj__QD9OdLhBdZx7Cffz2",
            "flavour": "affine:list",
            "version": 1,
            "props": {
              "type": "bulleted",
              "text": {
                "$blocksuite:internal:text$": true,
                "delta": [
                  {
                    "insert": "Plans for next week",
                    "attributes": {
                      "bold": true
                    }
                  },
                  {
                    "insert": ":"
                  }
                ]
              },
              "checked": false,
              "collapsed": false,
              "order": null
            },
            "children": []
          },
          {
            "type": "block",
            "id": "LTCK371XTOc_RLiEegrjL",
            "flavour": "affine:divider",
            "version": 1,
            "props": {},
            "children": []
          },
          {
            "type": "block",
            "id": "ca2elCCntpdWsGwuKU9Ad",
            "flavour": "affine:paragraph",
            "version": 1,
            "props": {
              "type": "h2",
              "text": {
                "$blocksuite:internal:text$": true,
                "delta": [
                  {
                    "insert": "Important Dates and Events"
                  }
                ]
              }
            },
            "children": []
          },
          {
            "type": "block",
            "id": "yLcB1_rkbRb6AztGYv6B-",
            "flavour": "affine:list",
            "version": 1,
            "props": {
              "type": "todo",
              "text": {
                "$blocksuite:internal:text$": true,
                "delta": [
                  {
                    "insert": "Date: [Event/Activity]"
                  }
                ]
              },
              "checked": false,
              "collapsed": false,
              "order": null
            },
            "children": []
          },
          {
            "type": "block",
            "id": "C-QdBgtcZAi_gIFzMtld9",
            "flavour": "affine:list",
            "version": 1,
            "props": {
              "type": "todo",
              "text": {
                "$blocksuite:internal:text$": true,
                "delta": [
                  {
                    "insert": "Date: [Event/Activity]"
                  }
                ]
              },
              "checked": false,
              "collapsed": false,
              "order": null
            },
            "children": []
          }
        ]
      }
    ]
  }
}