{
  "type": "page",
  "meta": {
    "id": "LVnV3_rBcIar6KD03lz6l",
    "title": "Weekly Budget Planner",
    "createDate": 1727270873947,
    "tags": []
  },
  "blocks": {
    "type": "block",
    "id": "BdqDq-5-nYUVc1lCMGY5m",
    "flavour": "affine:page",
    "version": 2,
    "props": {
      "title": {
        "$blocksuite:internal:text$": true,
        "delta": [
          {
            "insert": "Weekly Budget Planner"
          }
        ]
      }
    },
    "children": [
      {
        "type": "block",
        "id": "TAzYMsLI61gcX9jPVAjsR",
        "flavour": "affine:surface",
        "version": 5,
        "props": {
          "elements": {}
        },
        "children": []
      },
      {
        "type": "block",
        "id": "sL_cW7a7Mzi8Rfd08Qv9O",
        "flavour": "affine:note",
        "version": 1,
        "props": {
          "xywh": "[0,0,800,95]",
          "background": "--affine-note-background-white",
          "index": "a0",
          "hidden": false,
          "displayMode": "both",
          "edgeless": {
            "style": {
              "borderRadius": 8,
              "borderSize": 4,
              "borderStyle": "none",
              "shadowType": "--affine-note-shadow-box"
            }
          }
        },
        "children": [
          {
            "type": "block",
            "id": "zGi-wmCnH9UPCYrZ3tM61",
            "flavour": "affine:paragraph",
            "version": 1,
            "props": {
              "type": "h2",
              "text": {
                "$blocksuite:internal:text$": true,
                "delta": [
                  {
                    "insert": "Week of: [Enter Week Dates]"
                  }
                ]
              }
            },
            "children": []
          },
          {
            "type": "block",
            "id": "VPLihViHz9zgkstdcAPC9",
            "flavour": "affine:divider",
            "version": 1,
            "props": {},
            "children": []
          },
          {
            "type": "block",
            "id": "wb6vdQ2rPUJ_i3WzqYFsX",
            "flavour": "affine:paragraph",
            "version": 1,
            "props": {
              "type": "h2",
              "text": {
                "$blocksuite:internal:text$": true,
                "delta": [
                  {
                    "insert": "Income"
                  }
                ]
              }
            },
            "children": []
          },
          {
            "type": "block",
            "id": "YT-Gfyfdood40KaKa8KkA",
            "flavour": "affine:paragraph",
            "version": 1,
            "props": {
              "type": "h3",
              "text": {
                "$blocksuite:internal:text$": true,
                "delta": [
                  {
                    "insert": "Sources of Income"
                  }
                ]
              }
            },
            "children": []
          },
          {
            "type": "block",
            "id": "LWTBk1sm9g9y91cp4XwGI",
            "flavour": "affine:list",
            "version": 1,
            "props": {
              "type": "bulleted",
              "text": {
                "$blocksuite:internal:text$": true,
                "delta": [
                  {
                    "insert": "Income Source 1",
                    "attributes": {
                      "bold": true
                    }
                  },
                  {
                    "insert": ": $[Amount]"
                  }
                ]
              },
              "checked": false,
              "collapsed": false,
              "order": null
            },
            "children": []
          },
          {
            "type": "block",
            "id": "il06s7rD1fJqM-RfS2BrE",
            "flavour": "affine:list",
            "version": 1,
            "props": {
              "type": "bulleted",
              "text": {
                "$blocksuite:internal:text$": true,
                "delta": [
                  {
                    "insert": "Income Source 2",
                    "attributes": {
                      "bold": true
                    }
                  },
                  {
                    "insert": ": $[Amount]"
                  }
                ]
              },
              "checked": false,
              "collapsed": false,
              "order": null
            },
            "children": []
          },
          {
            "type": "block",
            "id": "E6HQtGUXkXhPNwBz_uPPE",
            "flavour": "affine:list",
            "version": 1,
            "props": {
              "type": "bulleted",
              "text": {
                "$blocksuite:internal:text$": true,
                "delta": [
                  {
                    "insert": "Other Income",
                    "attributes": {
                      "bold": true
                    }
                  },
                  {
                    "insert": ": $[Amount]"
                  }
                ]
              },
              "checked": false,
              "collapsed": false,
              "order": null
            },
            "children": []
          },
          {
            "type": "block",
            "id": "fo4FyVj6CAb-GRQa4n5_u",
            "flavour": "affine:list",
            "version": 1,
            "props": {
              "type": "bulleted",
              "text": {
                "$blocksuite:internal:text$": true,
                "delta": [
                  {
                    "insert": "Total Income",
                    "attributes": {
                      "bold": true
                    }
                  },
                  {
                    "insert": ": $[Total]"
                  }
                ]
              },
              "checked": false,
              "collapsed": false,
              "order": null
            },
            "children": []
          },
          {
            "type": "block",
            "id": "s7CJQ_9zVVs-pLHaK-8Ti",
            "flavour": "affine:divider",
            "version": 1,
            "props": {},
            "children": []
          },
          {
            "type": "block",
            "id": "BZ4c2Hr2TQtOFIXOTJTLc",
            "flavour": "affine:paragraph",
            "version": 1,
            "props": {
              "type": "h2",
              "text": {
                "$blocksuite:internal:text$": true,
                "delta": [
                  {
                    "insert": "Expenses"
                  }
                ]
              }
            },
            "children": []
          },
          {
            "type": "block",
            "id": "lWrq0UD8sKAL2COkyOFwN",
            "flavour": "affine:paragraph",
            "version": 1,
            "props": {
              "type": "h3",
              "text": {
                "$blocksuite:internal:text$": true,
                "delta": [
                  {
                    "insert": "Fixed Expenses"
                  }
                ]
              }
            },
            "children": []
          },
          {
            "type": "block",
            "id": "edjluwi0hr_wvLOfx4O0D",
            "flavour": "affine:list",
            "version": 1,
            "props": {
              "type": "bulleted",
              "text": {
                "$blocksuite:internal:text$": true,
                "delta": [
                  {
                    "insert": "Rent/Mortgage",
                    "attributes": {
                      "bold": true
                    }
                  },
                  {
                    "insert": ": $[Amount]"
                  }
                ]
              },
              "checked": false,
              "collapsed": false,
              "order": null
            },
            "children": []
          },
          {
            "type": "block",
            "id": "srC3BZmSp5qyCOwSvhCYJ",
            "flavour": "affine:list",
            "version": 1,
            "props": {
              "type": "bulleted",
              "text": {
                "$blocksuite:internal:text$": true,
                "delta": [
                  {
                    "insert": "Utilities",
                    "attributes": {
                      "bold": true
                    }
                  },
                  {
                    "insert": ": $[Amount]"
                  }
                ]
              },
              "checked": false,
              "collapsed": false,
              "order": null
            },
            "children": []
          },
          {
            "type": "block",
            "id": "8w-QKGkPh7xfU9ftZLCM6",
            "flavour": "affine:list",
            "version": 1,
            "props": {
              "type": "bulleted",
              "text": {
                "$blocksuite:internal:text$": true,
                "delta": [
                  {
                    "insert": "Insurance",
                    "attributes": {
                      "bold": true
                    }
                  },
                  {
                    "insert": ": $[Amount]"
                  }
                ]
              },
              "checked": false,
              "collapsed": false,
              "order": null
            },
            "children": []
          },
          {
            "type": "block",
            "id": "p7JFwBPcaMjnV-wMS1L9_",
            "flavour": "affine:paragraph",
            "version": 1,
            "props": {
              "type": "h3",
              "text": {
                "$blocksuite:internal:text$": true,
                "delta": [
                  {
                    "insert": "Variable Expenses"
                  }
                ]
              }
            },
            "children": []
          },
          {
            "type": "block",
            "id": "KZaRS3nJDvcR9H4R2-sqJ",
            "flavour": "affine:list",
            "version": 1,
            "props": {
              "type": "bulleted",
              "text": {
                "$blocksuite:internal:text$": true,
                "delta": [
                  {
                    "insert": "Groceries",
                    "attributes": {
                      "bold": true
                    }
                  },
                  {
                    "insert": ": $[Amount]"
                  }
                ]
              },
              "checked": false,
              "collapsed": false,
              "order": null
            },
            "children": []
          },
          {
            "type": "block",
            "id": "ilCGolF0qNFT0xWgeH1KJ",
            "flavour": "affine:list",
            "version": 1,
            "props": {
              "type": "bulleted",
              "text": {
                "$blocksuite:internal:text$": true,
                "delta": [
                  {
                    "insert": "Transportation",
                    "attributes": {
                      "bold": true
                    }
                  },
                  {
                    "insert": ": $[Amount]"
                  }
                ]
              },
              "checked": false,
              "collapsed": false,
              "order": null
            },
            "children": []
          },
          {
            "type": "block",
            "id": "5cyB6t-2_bzekIXTZgAE5",
            "flavour": "affine:list",
            "version": 1,
            "props": {
              "type": "bulleted",
              "text": {
                "$blocksuite:internal:text$": true,
                "delta": [
                  {
                    "insert": "Entertainment",
                    "attributes": {
                      "bold": true
                    }
                  },
                  {
                    "insert": ": $[Amount]"
                  }
                ]
              },
              "checked": false,
              "collapsed": false,
              "order": null
            },
            "children": []
          },
          {
            "type": "block",
            "id": "5U-A29rzhFbWz838mLFCD",
            "flavour": "affine:list",
            "version": 1,
            "props": {
              "type": "bulleted",
              "text": {
                "$blocksuite:internal:text$": true,
                "delta": [
                  {
                    "insert": "Miscellaneous",
                    "attributes": {
                      "bold": true
                    }
                  },
                  {
                    "insert": ": $[Amount]"
                  }
                ]
              },
              "checked": false,
              "collapsed": false,
              "order": null
            },
            "children": []
          },
          {
            "type": "block",
            "id": "pcPpjsGZX5PKg2pMYEyIi",
            "flavour": "affine:paragraph",
            "version": 1,
            "props": {
              "type": "h3",
              "text": {
                "$blocksuite:internal:text$": true,
                "delta": [
                  {
                    "insert": "Total Expenses: $[Total]"
                  }
                ]
              }
            },
            "children": []
          },
          {
            "type": "block",
            "id": "3a9AptCW2QA8WmONLTJcK",
            "flavour": "affine:divider",
            "version": 1,
            "props": {},
            "children": []
          },
          {
            "type": "block",
            "id": "77jHOrRijCyeI1V5jKUAT",
            "flavour": "affine:paragraph",
            "version": 1,
            "props": {
              "type": "h2",
              "text": {
                "$blocksuite:internal:text$": true,
                "delta": [
                  {
                    "insert": "Savings and Goals"
                  }
                ]
              }
            },
            "children": []
          },
          {
            "type": "block",
            "id": "ROeAaszPClefj3EQhyeeJ",
            "flavour": "affine:paragraph",
            "version": 1,
            "props": {
              "type": "h3",
              "text": {
                "$blocksuite:internal:text$": true,
                "delta": [
                  {
                    "insert": "Weekly Savings Goal"
                  }
                ]
              }
            },
            "children": []
          },
          {
            "type": "block",
            "id": "3G9fHItOI1lbezTUWYzea",
            "flavour": "affine:list",
            "version": 1,
            "props": {
              "type": "bulleted",
              "text": {
                "$blocksuite:internal:text$": true,
                "delta": [
                  {
                    "insert": "Goal Amount",
                    "attributes": {
                      "bold": true
                    }
                  },
                  {
                    "insert": ": $[Amount]"
                  }
                ]
              },
              "checked": false,
              "collapsed": false,
              "order": null
            },
            "children": []
          },
          {
            "type": "block",
            "id": "jQ3Z55NtTgkKNLkY4dOWU",
            "flavour": "affine:paragraph",
            "version": 1,
            "props": {
              "type": "h3",
              "text": {
                "$blocksuite:internal:text$": true,
                "delta": [
                  {
                    "insert": "Actual Savings"
                  }
                ]
              }
            },
            "children": []
          },
          {
            "type": "block",
            "id": "4MRPsaQGtBWvDS6PlOI1e",
            "flavour": "affine:list",
            "version": 1,
            "props": {
              "type": "bulleted",
              "text": {
                "$blocksuite:internal:text$": true,
                "delta": [
                  {
                    "insert": "Savings This Week",
                    "attributes": {
                      "bold": true
                    }
                  },
                  {
                    "insert": ": $[Amount]"
                  }
                ]
              },
              "checked": false,
              "collapsed": false,
              "order": null
            },
            "children": []
          },
          {
            "type": "block",
            "id": "8OEirI05DppFGEakyYRW0",
            "flavour": "affine:divider",
            "version": 1,
            "props": {},
            "children": []
          },
          {
            "type": "block",
            "id": "dnXPwEP7qQAbD5QLptYCt",
            "flavour": "affine:paragraph",
            "version": 1,
            "props": {
              "type": "h2",
              "text": {
                "$blocksuite:internal:text$": true,
                "delta": [
                  {
                    "insert": "Budget Breakdown"
                  }
                ]
              }
            },
            "children": []
          },
          {
            "type": "block",
            "id": "WS5MyY0x838Cp_f_VHiIn",
            "flavour": "affine:paragraph",
            "version": 1,
            "props": {
              "type": "h3",
              "text": {
                "$blocksuite:internal:text$": true,
                "delta": [
                  {
                    "insert": "Budget Categories"
                  }
                ]
              }
            },
            "children": []
          },
          {
            "type": "block",
            "id": "hv0MpISCOVDQnels49VJ4",
            "flavour": "affine:list",
            "version": 1,
            "props": {
              "type": "bulleted",
              "text": {
                "$blocksuite:internal:text$": true,
                "delta": [
                  {
                    "insert": "Category 1 (e.g., Food & Dining)",
                    "attributes": {
                      "bold": true
                    }
                  },
                  {
                    "insert": ": $[Amount Spent]"
                  }
                ]
              },
              "checked": false,
              "collapsed": false,
              "order": null
            },
            "children": []
          },
          {
            "type": "block",
            "id": "h4Ywo0go2LCjs3WbFVFJf",
            "flavour": "affine:list",
            "version": 1,
            "props": {
              "type": "bulleted",
              "text": {
                "$blocksuite:internal:text$": true,
                "delta": [
                  {
                    "insert": "Category 2 (e.g., Transportation)",
                    "attributes": {
                      "bold": true
                    }
                  },
                  {
                    "insert": ": $[Amount Spent]"
                  }
                ]
              },
              "checked": false,
              "collapsed": false,
              "order": null
            },
            "children": []
          },
          {
            "type": "block",
            "id": "eMVNiFv5cLujI6JDwhPeN",
            "flavour": "affine:list",
            "version": 1,
            "props": {
              "type": "bulleted",
              "text": {
                "$blocksuite:internal:text$": true,
                "delta": [
                  {
                    "insert": "Category 3 (e.g., Shopping)",
                    "attributes": {
                      "bold": true
                    }
                  },
                  {
                    "insert": ": $[Amount Spent]"
                  }
                ]
              },
              "checked": false,
              "collapsed": false,
              "order": null
            },
            "children": []
          },
          {
            "type": "block",
            "id": "fvibjw7aP6TnzzqtmdN0g",
            "flavour": "affine:list",
            "version": 1,
            "props": {
              "type": "bulleted",
              "text": {
                "$blocksuite:internal:text$": true,
                "delta": [
                  {
                    "insert": "Category 4 (e.g., Entertainment)",
                    "attributes": {
                      "bold": true
                    }
                  },
                  {
                    "insert": ": $[Amount Spent]"
                  }
                ]
              },
              "checked": false,
              "collapsed": false,
              "order": null
            },
            "children": []
          },
          {
            "type": "block",
            "id": "LKsQHTcjOas-CaEBWsJAo",
            "flavour": "affine:paragraph",
            "version": 1,
            "props": {
              "type": "h3",
              "text": {
                "$blocksuite:internal:text$": true,
                "delta": [
                  {
                    "insert": "Total Spent: $[Total]"
                  }
                ]
              }
            },
            "children": []
          },
          {
            "type": "block",
            "id": "NjDCDWYAVmrpMMBzgVQVk",
            "flavour": "affine:divider",
            "version": 1,
            "props": {},
            "children": []
          },
          {
            "type": "block",
            "id": "fCttDps1NeNGuTnDTHRju",
            "flavour": "affine:paragraph",
            "version": 1,
            "props": {
              "type": "h2",
              "text": {
                "$blocksuite:internal:text$": true,
                "delta": [
                  {
                    "insert": "Reflection"
                  }
                ]
              }
            },
            "children": []
          },
          {
            "type": "block",
            "id": "XAA4rBeZ9Uzgi1xl3ZxeC",
            "flavour": "affine:paragraph",
            "version": 1,
            "props": {
              "type": "h3",
              "text": {
                "$blocksuite:internal:text$": true,
                "delta": [
                  {
                    "insert": "How Did I Do This Week?"
                  }
                ]
              }
            },
            "children": []
          },
          {
            "type": "block",
            "id": "3IrYbYIbvQuyXXwBvnEAS",
            "flavour": "affine:list",
            "version": 1,
            "props": {
              "type": "bulleted",
              "text": {
                "$blocksuite:internal:text$": true,
                "delta": [
                  {
                    "insert": "What went well",
                    "attributes": {
                      "bold": true
                    }
                  },
                  {
                    "insert": ": [e.g., Stuck to the grocery budget]"
                  }
                ]
              },
              "checked": false,
              "collapsed": false,
              "order": null
            },
            "children": []
          },
          {
            "type": "block",
            "id": "XXvLsv2O15W0mgYjrJUdt",
            "flavour": "affine:list",
            "version": 1,
            "props": {
              "type": "bulleted",
              "text": {
                "$blocksuite:internal:text$": true,
                "delta": [
                  {
                    "insert": "Areas for improvement",
                    "attributes": {
                      "bold": true
                    }
                  },
                  {
                    "insert": ": [e.g., Overspent on entertainment]"
                  }
                ]
              },
              "checked": false,
              "collapsed": false,
              "order": null
            },
            "children": []
          },
          {
            "type": "block",
            "id": "SlMztqyqCW-BQL4YpNPxw",
            "flavour": "affine:paragraph",
            "version": 1,
            "props": {
              "type": "h3",
              "text": {
                "$blocksuite:internal:text$": true,
                "delta": [
                  {
                    "insert": "Adjustments for Next Week"
                  }
                ]
              }
            },
            "children": []
          },
          {
            "type": "block",
            "id": "mjDOHZXwZPBDHKgcZ8rEL",
            "flavour": "affine:list",
            "version": 1,
            "props": {
              "type": "bulleted",
              "text": {
                "$blocksuite:internal:text$": true,
                "delta": [
                  {
                    "insert": "Budget Adjustment 1",
                    "attributes": {
                      "bold": true
                    }
                  },
                  {
                    "insert": ": [e.g., Increase savings goal]"
                  }
                ]
              },
              "checked": false,
              "collapsed": false,
              "order": null
            },
            "children": []
          },
          {
            "type": "block",
            "id": "nGwfxigPxTGi12D_9Qyo7",
            "flavour": "affine:list",
            "version": 1,
            "props": {
              "type": "bulleted",
              "text": {
                "$blocksuite:internal:text$": true,
                "delta": [
                  {
                    "insert": "Budget Adjustment 2",
                    "attributes": {
                      "bold": true
                    }
                  },
                  {
                    "insert": ": [e.g., Reduce eating out expenses]"
                  }
                ]
              },
              "checked": false,
              "collapsed": false,
              "order": null
            },
            "children": []
          },
          {
            "type": "block",
            "id": "ZGBpX8fiLgIqT9ceQtD7O",
            "flavour": "affine:divider",
            "version": 1,
            "props": {},
            "children": []
          },
          {
            "type": "block",
            "id": "Q0Ol58hoT3JeFsr5axUWX",
            "flavour": "affine:paragraph",
            "version": 1,
            "props": {
              "type": "h2",
              "text": {
                "$blocksuite:internal:text$": true,
                "delta": [
                  {
                    "insert": "Notes"
                  }
                ]
              }
            },
            "children": []
          },
          {
            "type": "block",
            "id": "PVJn744-AeiKPsqJ_vKAK",
            "flavour": "affine:paragraph",
            "version": 1,
            "props": {
              "type": "text",
              "text": {
                "$blocksuite:internal:text$": true,
                "delta": [
                  {
                    "insert": "[Use this section for any additional notes or insights]"
                  }
                ]
              }
            },
            "children": []
          }
        ]
      }
    ]
  }
}