{
  "type": "page",
  "meta": {
    "id": "XFWusxUqX2US6_9y2M8kg",
    "title": "Lesson Planner",
    "createDate": 1727533419362,
    "tags": []
  },
  "blocks": {
    "type": "block",
    "id": "BdqDq-5-nYUVc1lCMGY5m",
    "flavour": "affine:page",
    "version": 2,
    "props": {
      "title": {
        "$blocksuite:internal:text$": true,
        "delta": [
          {
            "insert": "Lesson Planner"
          }
        ]
      }
    },
    "children": [
      {
        "type": "block",
        "id": "TAzYMsLI61gcX9jPVAjsR",
        "flavour": "affine:surface",
        "version": 5,
        "props": {
          "elements": {}
        },
        "children": []
      },
      {
        "type": "block",
        "id": "sL_cW7a7Mzi8Rfd08Qv9O",
        "flavour": "affine:note",
        "version": 1,
        "props": {
          "xywh": "[0,0,800,95]",
          "background": "--affine-note-background-white",
          "index": "a0",
          "hidden": false,
          "displayMode": "both",
          "edgeless": {
            "style": {
              "borderRadius": 8,
              "borderSize": 4,
              "borderStyle": "none",
              "shadowType": "--affine-note-shadow-box"
            }
          }
        },
        "children": [
          {
            "type": "block",
            "id": "zivIHEApuy-3QkgstwON_",
            "flavour": "affine:paragraph",
            "version": 1,
            "props": {
              "type": "h2",
              "text": {
                "$blocksuite:internal:text$": true,
                "delta": [
                  {
                    "insert": "Year: [Insert Year]"
                  }
                ]
              }
            },
            "children": []
          },
          {
            "type": "block",
            "id": "NftB-pevkFKIWncydH5_E",
            "flavour": "affine:divider",
            "version": 1,
            "props": {},
            "children": []
          },
          {
            "type": "block",
            "id": "KTbOJceONvbeJCw6omBYb",
            "flavour": "affine:paragraph",
            "version": 1,
            "props": {
              "type": "h2",
              "text": {
                "$blocksuite:internal:text$": true,
                "delta": [
                  {
                    "insert": "1. Overview"
                  }
                ]
              }
            },
            "children": []
          },
          {
            "type": "block",
            "id": "JZ5gUMUA6h1Bniruv5zyz",
            "flavour": "affine:paragraph",
            "version": 1,
            "props": {
              "type": "text",
              "text": {
                "$blocksuite:internal:text$": true,
                "delta": [
                  {
                    "insert": "The "
                  },
                  {
                    "insert": "Lesson Planner",
                    "attributes": {
                      "bold": true
                    }
                  },
                  {
                    "insert": " is designed to help educators organize and deliver effective lessons. It provides a clear structure for planning daily, weekly, and monthly lessons, ensuring that teaching goals are met and student progress is tracked."
                  }
                ]
              }
            },
            "children": []
          },
          {
            "type": "block",
            "id": "y0XqoUGMXDaioV4uErzx9",
            "flavour": "affine:paragraph",
            "version": 1,
            "props": {
              "type": "h2",
              "text": {
                "$blocksuite:internal:text$": true,
                "delta": [
                  {
                    "insert": "2. Lesson Planning Overview"
                  }
                ]
              }
            },
            "children": []
          },
          {
            "type": "block",
            "id": "w23mRSstVkE0mUTZB3HHi",
            "flavour": "affine:database",
            "version": 3,
            "props": {
              "views": [
                {
                  "id": "FXjoYLgqkf",
                  "name": "Table View",
                  "mode": "table",
                  "columns": [],
                  "filter": {
                    "type": "group",
                    "op": "and",
                    "conditions": []
                  },
                  "header": {
                    "titleColumn": "cEVtTEnrXf",
                    "iconColumn": "type"
                  }
                }
              ],
              "title": {
                "$blocksuite:internal:text$": true,
                "delta": []
              },
              "cells": {
                "UYz19V-oPmUuk8v_4r-vw": {
                  "qnSzKeHtUz": {
                    "columnId": "qnSzKeHtUz",
                    "value": {
                      "$blocksuite:internal:text$": true,
                      "delta": [
                        {
                          "insert": "[Insert Subject]"
                        }
                      ]
                    }
                  },
                  "33sJulE1l-": {
                    "columnId": "33sJulE1l-",
                    "value": {
                      "$blocksuite:internal:text$": true,
                      "delta": [
                        {
                          "insert": "[Insert Date]"
                        }
                      ]
                    }
                  },
                  "v6iyzpWDMW": {
                    "columnId": "v6iyzpWDMW",
                    "value": {
                      "$blocksuite:internal:text$": true,
                      "delta": [
                        {
                          "insert": "[Insert Duration]"
                        }
                      ]
                    }
                  },
                  "YOfSWr7IuC": {
                    "columnId": "YOfSWr7IuC",
                    "value": {
                      "$blocksuite:internal:text$": true,
                      "delta": [
                        {
                          "insert": "[Insert Learning Objectives]"
                        }
                      ]
                    }
                  }
                }
              },
              "columns": [
                {
                  "type": "title",
                  "name": "Lesson Title",
                  "data": {},
                  "id": "cEVtTEnrXf"
                },
                {
                  "type": "rich-text",
                  "name": "Subject",
                  "data": {},
                  "id": "qnSzKeHtUz"
                },
                {
                  "type": "rich-text",
                  "name": "Date",
                  "data": {},
                  "id": "33sJulE1l-"
                },
                {
                  "type": "rich-text",
                  "name": "Duration",
                  "data": {},
                  "id": "v6iyzpWDMW"
                },
                {
                  "type": "rich-text",
                  "name": "Learning Objectives",
                  "data": {},
                  "id": "YOfSWr7IuC"
                }
              ]
            },
            "children": [
              {
                "type": "block",
                "id": "UYz19V-oPmUuk8v_4r-vw",
                "flavour": "affine:paragraph",
                "version": 1,
                "props": {
                  "type": "text",
                  "text": {
                    "$blocksuite:internal:text$": true,
                    "delta": [
                      {
                        "insert": "[Insert Lesson Title]"
                      }
                    ]
                  }
                },
                "children": []
              }
            ]
          },
          {
            "type": "block",
            "id": "Hm6uKNk3HgD5hRRHGEylw",
            "flavour": "affine:divider",
            "version": 1,
            "props": {},
            "children": []
          },
          {
            "type": "block",
            "id": "QhpIyluO4fNoGFiiMSk2R",
            "flavour": "affine:paragraph",
            "version": 1,
            "props": {
              "type": "h2",
              "text": {
                "$blocksuite:internal:text$": true,
                "delta": [
                  {
                    "insert": "3. Weekly Planning"
                  }
                ]
              }
            },
            "children": []
          },
          {
            "type": "block",
            "id": "f8g3g9ZXHDiXTTlgudGX9",
            "flavour": "affine:paragraph",
            "version": 1,
            "props": {
              "type": "h3",
              "text": {
                "$blocksuite:internal:text$": true,
                "delta": [
                  {
                    "insert": "3.1. Weekly Lesson Breakdown"
                  }
                ]
              }
            },
            "children": []
          },
          {
            "type": "block",
            "id": "tFCAlI9olUb9uJcO5aR9b",
            "flavour": "affine:database",
            "version": 3,
            "props": {
              "views": [
                {
                  "id": "1cq0v_bqyp",
                  "name": "Table View",
                  "mode": "table",
                  "columns": [],
                  "filter": {
                    "type": "group",
                    "op": "and",
                    "conditions": []
                  },
                  "header": {
                    "titleColumn": "d1hxhS_jLG",
                    "iconColumn": "type"
                  }
                }
              ],
              "title": {
                "$blocksuite:internal:text$": true,
                "delta": []
              },
              "cells": {
                "rLtsW-3YRhls0ZafxP_aG": {
                  "JyvpdQgx12": {
                    "columnId": "JyvpdQgx12",
                    "value": {
                      "$blocksuite:internal:text$": true,
                      "delta": [
                        {
                          "insert": "[Insert Lesson Title]"
                        }
                      ]
                    }
                  },
                  "AoOxf4DpvT": {
                    "columnId": "AoOxf4DpvT",
                    "value": {
                      "$blocksuite:internal:text$": true,
                      "delta": [
                        {
                          "insert": "[Insert Topic]"
                        }
                      ]
                    }
                  },
                  "A6OWBLbLgb": {
                    "columnId": "A6OWBLbLgb",
                    "value": {
                      "$blocksuite:internal:text$": true,
                      "delta": [
                        {
                          "insert": "[Insert Resources]"
                        }
                      ]
                    }
                  },
                  "ZL6tySm9p6": {
                    "columnId": "ZL6tySm9p6",
                    "value": {
                      "$blocksuite:internal:text$": true,
                      "delta": [
                        {
                          "insert": "[Insert Assessment]"
                        }
                      ]
                    }
                  }
                },
                "RRbC07fGj7fgElR3_THpd": {
                  "JyvpdQgx12": {
                    "columnId": "JyvpdQgx12",
                    "value": {
                      "$blocksuite:internal:text$": true,
                      "delta": [
                        {
                          "insert": "[Insert Lesson Title]"
                        }
                      ]
                    }
                  },
                  "AoOxf4DpvT": {
                    "columnId": "AoOxf4DpvT",
                    "value": {
                      "$blocksuite:internal:text$": true,
                      "delta": [
                        {
                          "insert": "[Insert Topic]"
                        }
                      ]
                    }
                  },
                  "A6OWBLbLgb": {
                    "columnId": "A6OWBLbLgb",
                    "value": {
                      "$blocksuite:internal:text$": true,
                      "delta": [
                        {
                          "insert": "[Insert Resources]"
                        }
                      ]
                    }
                  },
                  "ZL6tySm9p6": {
                    "columnId": "ZL6tySm9p6",
                    "value": {
                      "$blocksuite:internal:text$": true,
                      "delta": [
                        {
                          "insert": "[Insert Assessment]"
                        }
                      ]
                    }
                  }
                },
                "Ljt1mtnCm5A32Ud_6I183": {
                  "JyvpdQgx12": {
                    "columnId": "JyvpdQgx12",
                    "value": {
                      "$blocksuite:internal:text$": true,
                      "delta": [
                        {
                          "insert": "[Insert Lesson Title]"
                        }
                      ]
                    }
                  },
                  "AoOxf4DpvT": {
                    "columnId": "AoOxf4DpvT",
                    "value": {
                      "$blocksuite:internal:text$": true,
                      "delta": [
                        {
                          "insert": "[Insert Topic]"
                        }
                      ]
                    }
                  },
                  "A6OWBLbLgb": {
                    "columnId": "A6OWBLbLgb",
                    "value": {
                      "$blocksuite:internal:text$": true,
                      "delta": [
                        {
                          "insert": "[Insert Resources]"
                        }
                      ]
                    }
                  },
                  "ZL6tySm9p6": {
                    "columnId": "ZL6tySm9p6",
                    "value": {
                      "$blocksuite:internal:text$": true,
                      "delta": [
                        {
                          "insert": "[Insert Assessment]"
                        }
                      ]
                    }
                  }
                },
                "Xn_Ke9_wQOm26gavC2jFP": {
                  "JyvpdQgx12": {
                    "columnId": "JyvpdQgx12",
                    "value": {
                      "$blocksuite:internal:text$": true,
                      "delta": [
                        {
                          "insert": "[Insert Lesson Title]"
                        }
                      ]
                    }
                  },
                  "AoOxf4DpvT": {
                    "columnId": "AoOxf4DpvT",
                    "value": {
                      "$blocksuite:internal:text$": true,
                      "delta": [
                        {
                          "insert": "[Insert Topic]"
                        }
                      ]
                    }
                  },
                  "A6OWBLbLgb": {
                    "columnId": "A6OWBLbLgb",
                    "value": {
                      "$blocksuite:internal:text$": true,
                      "delta": [
                        {
                          "insert": "[Insert Resources]"
                        }
                      ]
                    }
                  },
                  "ZL6tySm9p6": {
                    "columnId": "ZL6tySm9p6",
                    "value": {
                      "$blocksuite:internal:text$": true,
                      "delta": [
                        {
                          "insert": "[Insert Assessment]"
                        }
                      ]
                    }
                  }
                },
                "iEQpnXE7wjHf_HyQbq7vJ": {
                  "JyvpdQgx12": {
                    "columnId": "JyvpdQgx12",
                    "value": {
                      "$blocksuite:internal:text$": true,
                      "delta": [
                        {
                          "insert": "[Insert Lesson Title]"
                        }
                      ]
                    }
                  },
                  "AoOxf4DpvT": {
                    "columnId": "AoOxf4DpvT",
                    "value": {
                      "$blocksuite:internal:text$": true,
                      "delta": [
                        {
                          "insert": "[Insert Topic]"
                        }
                      ]
                    }
                  },
                  "A6OWBLbLgb": {
                    "columnId": "A6OWBLbLgb",
                    "value": {
                      "$blocksuite:internal:text$": true,
                      "delta": [
                        {
                          "insert": "[Insert Resources]"
                        }
                      ]
                    }
                  },
                  "ZL6tySm9p6": {
                    "columnId": "ZL6tySm9p6",
                    "value": {
                      "$blocksuite:internal:text$": true,
                      "delta": [
                        {
                          "insert": "[Insert Assessment]"
                        }
                      ]
                    }
                  }
                }
              },
              "columns": [
                {
                  "type": "title",
                  "name": "Day",
                  "data": {},
                  "id": "d1hxhS_jLG"
                },
                {
                  "type": "rich-text",
                  "name": "Lesson Title",
                  "data": {},
                  "id": "JyvpdQgx12"
                },
                {
                  "type": "rich-text",
                  "name": "Topic/Focus",
                  "data": {},
                  "id": "AoOxf4DpvT"
                },
                {
                  "type": "rich-text",
                  "name": "Resources Needed",
                  "data": {},
                  "id": "A6OWBLbLgb"
                },
                {
                  "type": "rich-text",
                  "name": "Assessment Method",
                  "data": {},
                  "id": "ZL6tySm9p6"
                }
              ]
            },
            "children": [
              {
                "type": "block",
                "id": "rLtsW-3YRhls0ZafxP_aG",
                "flavour": "affine:paragraph",
                "version": 1,
                "props": {
                  "type": "text",
                  "text": {
                    "$blocksuite:internal:text$": true,
                    "delta": [
                      {
                        "insert": "Monday"
                      }
                    ]
                  }
                },
                "children": []
              },
              {
                "type": "block",
                "id": "RRbC07fGj7fgElR3_THpd",
                "flavour": "affine:paragraph",
                "version": 1,
                "props": {
                  "type": "text",
                  "text": {
                    "$blocksuite:internal:text$": true,
                    "delta": [
                      {
                        "insert": "Tuesday"
                      }
                    ]
                  }
                },
                "children": []
              },
              {
                "type": "block",
                "id": "Ljt1mtnCm5A32Ud_6I183",
                "flavour": "affine:paragraph",
                "version": 1,
                "props": {
                  "type": "text",
                  "text": {
                    "$blocksuite:internal:text$": true,
                    "delta": [
                      {
                        "insert": "Wednesday"
                      }
                    ]
                  }
                },
                "children": []
              },
              {
                "type": "block",
                "id": "Xn_Ke9_wQOm26gavC2jFP",
                "flavour": "affine:paragraph",
                "version": 1,
                "props": {
                  "type": "text",
                  "text": {
                    "$blocksuite:internal:text$": true,
                    "delta": [
                      {
                        "insert": "Thursday"
                      }
                    ]
                  }
                },
                "children": []
              },
              {
                "type": "block",
                "id": "iEQpnXE7wjHf_HyQbq7vJ",
                "flavour": "affine:paragraph",
                "version": 1,
                "props": {
                  "type": "text",
                  "text": {
                    "$blocksuite:internal:text$": true,
                    "delta": [
                      {
                        "insert": "Friday"
                      }
                    ]
                  }
                },
                "children": []
              }
            ]
          },
          {
            "type": "block",
            "id": "pRQV_yk0dg0jeC4pvVhDg",
            "flavour": "affine:divider",
            "version": 1,
            "props": {},
            "children": []
          },
          {
            "type": "block",
            "id": "VBcDu-O0yEMRGlVaVZdLW",
            "flavour": "affine:paragraph",
            "version": 1,
            "props": {
              "type": "h2",
              "text": {
                "$blocksuite:internal:text$": true,
                "delta": [
                  {
                    "insert": "4. Daily Lesson Plan"
                  }
                ]
              }
            },
            "children": []
          },
          {
            "type": "block",
            "id": "HNX3tRXW2yduogz4FX7ZM",
            "flavour": "affine:paragraph",
            "version": 1,
            "props": {
              "type": "h3",
              "text": {
                "$blocksuite:internal:text$": true,
                "delta": [
                  {
                    "insert": "4.1. Lesson Structure"
                  }
                ]
              }
            },
            "children": []
          },
          {
            "type": "block",
            "id": "bV92H6HyGRThrd-SCIDRt",
            "flavour": "affine:database",
            "version": 3,
            "props": {
              "views": [
                {
                  "id": "-tXLvYweXc",
                  "name": "Table View",
                  "mode": "table",
                  "columns": [],
                  "filter": {
                    "type": "group",
                    "op": "and",
                    "conditions": []
                  },
                  "header": {
                    "titleColumn": "tM0mvbSPFo",
                    "iconColumn": "type"
                  }
                }
              ],
              "title": {
                "$blocksuite:internal:text$": true,
                "delta": []
              },
              "cells": {
                "EH5XVHSA51HEZf3WRrkhW": {
                  "_H6OXob7Lq": {
                    "columnId": "_H6OXob7Lq",
                    "value": {
                      "$blocksuite:internal:text$": true,
                      "delta": [
                        {
                          "insert": "[Insert Activity]"
                        }
                      ]
                    }
                  },
                  "GRsxy0Xv05": {
                    "columnId": "GRsxy0Xv05",
                    "value": {
                      "$blocksuite:internal:text$": true,
                      "delta": [
                        {
                          "insert": "[Insert Description]"
                        }
                      ]
                    }
                  }
                },
                "cBsOSb_WmkTKy_0T3Vp1n": {
                  "_H6OXob7Lq": {
                    "columnId": "_H6OXob7Lq",
                    "value": {
                      "$blocksuite:internal:text$": true,
                      "delta": [
                        {
                          "insert": "[Insert Activity]"
                        }
                      ]
                    }
                  },
                  "GRsxy0Xv05": {
                    "columnId": "GRsxy0Xv05",
                    "value": {
                      "$blocksuite:internal:text$": true,
                      "delta": [
                        {
                          "insert": "[Insert Description]"
                        }
                      ]
                    }
                  }
                },
                "xIQju6j_7Cjxst2w8OW-6": {
                  "_H6OXob7Lq": {
                    "columnId": "_H6OXob7Lq",
                    "value": {
                      "$blocksuite:internal:text$": true,
                      "delta": [
                        {
                          "insert": "[Insert Activity]"
                        }
                      ]
                    }
                  },
                  "GRsxy0Xv05": {
                    "columnId": "GRsxy0Xv05",
                    "value": {
                      "$blocksuite:internal:text$": true,
                      "delta": [
                        {
                          "insert": "[Insert Description]"
                        }
                      ]
                    }
                  }
                }
              },
              "columns": [
                {
                  "type": "title",
                  "name": "Time",
                  "data": {},
                  "id": "tM0mvbSPFo"
                },
                {
                  "type": "rich-text",
                  "name": "Activity",
                  "data": {},
                  "id": "_H6OXob7Lq"
                },
                {
                  "type": "rich-text",
                  "name": "Description",
                  "data": {},
                  "id": "GRsxy0Xv05"
                }
              ]
            },
            "children": [
              {
                "type": "block",
                "id": "EH5XVHSA51HEZf3WRrkhW",
                "flavour": "affine:paragraph",
                "version": 1,
                "props": {
                  "type": "text",
                  "text": {
                    "$blocksuite:internal:text$": true,
                    "delta": [
                      {
                        "insert": "[Insert Time]"
                      }
                    ]
                  }
                },
                "children": []
              },
              {
                "type": "block",
                "id": "cBsOSb_WmkTKy_0T3Vp1n",
                "flavour": "affine:paragraph",
                "version": 1,
                "props": {
                  "type": "text",
                  "text": {
                    "$blocksuite:internal:text$": true,
                    "delta": [
                      {
                        "insert": "[Insert Time]"
                      }
                    ]
                  }
                },
                "children": []
              },
              {
                "type": "block",
                "id": "xIQju6j_7Cjxst2w8OW-6",
                "flavour": "affine:paragraph",
                "version": 1,
                "props": {
                  "type": "text",
                  "text": {
                    "$blocksuite:internal:text$": true,
                    "delta": [
                      {
                        "insert": "[Insert Time]"
                      }
                    ]
                  }
                },
                "children": []
              }
            ]
          },
          {
            "type": "block",
            "id": "XmVTr5Eai6LapFpWH37PD",
            "flavour": "affine:paragraph",
            "version": 1,
            "props": {
              "type": "h3",
              "text": {
                "$blocksuite:internal:text$": true,
                "delta": [
                  {
                    "insert": "4.2. Learning Objectives"
                  }
                ]
              }
            },
            "children": []
          },
          {
            "type": "block",
            "id": "Uglv0cGJyDkNt9SZZNxhe",
            "flavour": "affine:list",
            "version": 1,
            "props": {
              "type": "bulleted",
              "text": {
                "$blocksuite:internal:text$": true,
                "delta": [
                  {
                    "insert": "Objective 1",
                    "attributes": {
                      "bold": true
                    }
                  },
                  {
                    "insert": ": [Insert Learning Objective]"
                  }
                ]
              },
              "checked": false,
              "collapsed": false,
              "order": null
            },
            "children": []
          },
          {
            "type": "block",
            "id": "Qo7OErV5gziCmZdUJAgIF",
            "flavour": "affine:list",
            "version": 1,
            "props": {
              "type": "bulleted",
              "text": {
                "$blocksuite:internal:text$": true,
                "delta": [
                  {
                    "insert": "Objective 2",
                    "attributes": {
                      "bold": true
                    }
                  },
                  {
                    "insert": ": [Insert Learning Objective]"
                  }
                ]
              },
              "checked": false,
              "collapsed": false,
              "order": null
            },
            "children": []
          },
          {
            "type": "block",
            "id": "OCY2vuaHIUt6EVGNDyMNe",
            "flavour": "affine:list",
            "version": 1,
            "props": {
              "type": "bulleted",
              "text": {
                "$blocksuite:internal:text$": true,
                "delta": [
                  {
                    "insert": "Objective 3",
                    "attributes": {
                      "bold": true
                    }
                  },
                  {
                    "insert": ": [Insert Learning Objective]"
                  }
                ]
              },
              "checked": false,
              "collapsed": false,
              "order": null
            },
            "children": []
          },
          {
            "type": "block",
            "id": "3B7eplBJK8xk4PwFbE6eS",
            "flavour": "affine:divider",
            "version": 1,
            "props": {},
            "children": []
          },
          {
            "type": "block",
            "id": "qsRedRVJUIPTuUWpODvtZ",
            "flavour": "affine:paragraph",
            "version": 1,
            "props": {
              "type": "h2",
              "text": {
                "$blocksuite:internal:text$": true,
                "delta": [
                  {
                    "insert": "5. Student Assessment"
                  }
                ]
              }
            },
            "children": []
          },
          {
            "type": "block",
            "id": "rjKLyRrs1WnY7hkRgNJK8",
            "flavour": "affine:paragraph",
            "version": 1,
            "props": {
              "type": "h3",
              "text": {
                "$blocksuite:internal:text$": true,
                "delta": [
                  {
                    "insert": "5.1. Assessment Tracking"
                  }
                ]
              }
            },
            "children": []
          },
          {
            "type": "block",
            "id": "iKHy53b-SP1pj2HLGR7ws",
            "flavour": "affine:database",
            "version": 3,
            "props": {
              "views": [
                {
                  "id": "FW4FCb3pvB",
                  "name": "Table View",
                  "mode": "table",
                  "columns": [],
                  "filter": {
                    "type": "group",
                    "op": "and",
                    "conditions": []
                  },
                  "header": {
                    "titleColumn": "jHwjae7-Pi",
                    "iconColumn": "type"
                  }
                }
              ],
              "title": {
                "$blocksuite:internal:text$": true,
                "delta": []
              },
              "cells": {
                "GjJm4ChQyiRoNg7aj6O6k": {
                  "2kKe2dHX2T": {
                    "columnId": "2kKe2dHX2T",
                    "value": {
                      "$blocksuite:internal:text$": true,
                      "delta": [
                        {
                          "insert": "[Insert Method]"
                        }
                      ]
                    }
                  },
                  "kXvKEnZbG9": {
                    "columnId": "kXvKEnZbG9",
                    "value": {
                      "$blocksuite:internal:text$": true,
                      "delta": [
                        {
                          "insert": "[Insert Score/Feedback]"
                        }
                      ]
                    }
                  }
                },
                "lj8xTLaMsuwMFuuArilcl": {
                  "2kKe2dHX2T": {
                    "columnId": "2kKe2dHX2T",
                    "value": {
                      "$blocksuite:internal:text$": true,
                      "delta": [
                        {
                          "insert": "[Insert Method]"
                        }
                      ]
                    }
                  },
                  "kXvKEnZbG9": {
                    "columnId": "kXvKEnZbG9",
                    "value": {
                      "$blocksuite:internal:text$": true,
                      "delta": [
                        {
                          "insert": "[Insert Score/Feedback]"
                        }
                      ]
                    }
                  }
                }
              },
              "columns": [
                {
                  "type": "title",
                  "name": "Student Name",
                  "data": {},
                  "id": "jHwjae7-Pi"
                },
                {
                  "type": "rich-text",
                  "name": "Assessment Method",
                  "data": {},
                  "id": "2kKe2dHX2T"
                },
                {
                  "type": "rich-text",
                  "name": "Score/Feedback",
                  "data": {},
                  "id": "kXvKEnZbG9"
                }
              ]
            },
            "children": [
              {
                "type": "block",
                "id": "GjJm4ChQyiRoNg7aj6O6k",
                "flavour": "affine:paragraph",
                "version": 1,
                "props": {
                  "type": "text",
                  "text": {
                    "$blocksuite:internal:text$": true,
                    "delta": [
                      {
                        "insert": "[Insert Student Name]"
                      }
                    ]
                  }
                },
                "children": []
              },
              {
                "type": "block",
                "id": "lj8xTLaMsuwMFuuArilcl",
                "flavour": "affine:paragraph",
                "version": 1,
                "props": {
                  "type": "text",
                  "text": {
                    "$blocksuite:internal:text$": true,
                    "delta": [
                      {
                        "insert": "[Insert Student Name]"
                      }
                    ]
                  }
                },
                "children": []
              }
            ]
          },
          {
            "type": "block",
            "id": "9ShLD6iguNg2J-6rCLVt6",
            "flavour": "affine:divider",
            "version": 1,
            "props": {},
            "children": []
          },
          {
            "type": "block",
            "id": "9kGucRK-sdye3FPo3fxxi",
            "flavour": "affine:paragraph",
            "version": 1,
            "props": {
              "type": "h2",
              "text": {
                "$blocksuite:internal:text$": true,
                "delta": [
                  {
                    "insert": "6. Reflection and Notes"
                  }
                ]
              }
            },
            "children": []
          },
          {
            "type": "block",
            "id": "nv6tWspQG_BoEG5cNoDnx",
            "flavour": "affine:paragraph",
            "version": 1,
            "props": {
              "type": "h3",
              "text": {
                "$blocksuite:internal:text$": true,
                "delta": [
                  {
                    "insert": "6.1. Lesson Reflection"
                  }
                ]
              }
            },
            "children": []
          },
          {
            "type": "block",
            "id": "XTPf-gBjyjcyr-ff9-NqU",
            "flavour": "affine:list",
            "version": 1,
            "props": {
              "type": "bulleted",
              "text": {
                "$blocksuite:internal:text$": true,
                "delta": [
                  {
                    "insert": "What worked well",
                    "attributes": {
                      "bold": true
                    }
                  },
                  {
                    "insert": ": [Insert Reflection]"
                  }
                ]
              },
              "checked": false,
              "collapsed": false,
              "order": null
            },
            "children": []
          },
          {
            "type": "block",
            "id": "ztihQSrwjB-pOTMpORalp",
            "flavour": "affine:list",
            "version": 1,
            "props": {
              "type": "bulleted",
              "text": {
                "$blocksuite:internal:text$": true,
                "delta": [
                  {
                    "insert": "What could be improved",
                    "attributes": {
                      "bold": true
                    }
                  },
                  {
                    "insert": ": [Insert Reflection]"
                  }
                ]
              },
              "checked": false,
              "collapsed": false,
              "order": null
            },
            "children": []
          },
          {
            "type": "block",
            "id": "l0NhuFeEuO8jDMelNKhxU",
            "flavour": "affine:list",
            "version": 1,
            "props": {
              "type": "bulleted",
              "text": {
                "$blocksuite:internal:text$": true,
                "delta": [
                  {
                    "insert": "Next steps",
                    "attributes": {
                      "bold": true
                    }
                  },
                  {
                    "insert": ": [Insert Reflection]"
                  }
                ]
              },
              "checked": false,
              "collapsed": false,
              "order": null
            },
            "children": []
          },
          {
            "type": "block",
            "id": "q0F7ozK2FzG6foHKxFSCF",
            "flavour": "affine:divider",
            "version": 1,
            "props": {},
            "children": []
          },
          {
            "type": "block",
            "id": "UyLJRvTRjDLHdeSZrx3tX",
            "flavour": "affine:paragraph",
            "version": 1,
            "props": {
              "type": "h2",
              "text": {
                "$blocksuite:internal:text$": true,
                "delta": [
                  {
                    "insert": "7. Monthly Overview"
                  }
                ]
              }
            },
            "children": []
          },
          {
            "type": "block",
            "id": "WBtctx9Xi3MoKYDWFStNI",
            "flavour": "affine:paragraph",
            "version": 1,
            "props": {
              "type": "h3",
              "text": {
                "$blocksuite:internal:text$": true,
                "delta": [
                  {
                    "insert": "7.1. Key Lessons and Objectives"
                  }
                ]
              }
            },
            "children": []
          },
          {
            "type": "block",
            "id": "VF1vrwK5uacQPUqniBUAR",
            "flavour": "affine:database",
            "version": 3,
            "props": {
              "views": [
                {
                  "id": "Iwt9tnJNY7",
                  "name": "Table View",
                  "mode": "table",
                  "columns": [],
                  "filter": {
                    "type": "group",
                    "op": "and",
                    "conditions": []
                  },
                  "header": {
                    "titleColumn": "FjQn3chEGa",
                    "iconColumn": "type"
                  }
                }
              ],
              "title": {
                "$blocksuite:internal:text$": true,
                "delta": []
              },
              "cells": {
                "ewwksYYmHye8C7WCfL16j": {
                  "tfQwR2CNeI": {
                    "columnId": "tfQwR2CNeI",
                    "value": {
                      "$blocksuite:internal:text$": true,
                      "delta": [
                        {
                          "insert": "[Insert Lesson Topic]"
                        }
                      ]
                    }
                  },
                  "Y-rf0e2eE2": {
                    "columnId": "Y-rf0e2eE2",
                    "value": {
                      "$blocksuite:internal:text$": true,
                      "delta": [
                        {
                          "insert": "[Insert Learning Goal]"
                        }
                      ]
                    }
                  }
                },
                "Z0xhXlH_kjF8g0lJaa5xT": {
                  "tfQwR2CNeI": {
                    "columnId": "tfQwR2CNeI",
                    "value": {
                      "$blocksuite:internal:text$": true,
                      "delta": [
                        {
                          "insert": "[Insert Lesson Topic]"
                        }
                      ]
                    }
                  },
                  "Y-rf0e2eE2": {
                    "columnId": "Y-rf0e2eE2",
                    "value": {
                      "$blocksuite:internal:text$": true,
                      "delta": [
                        {
                          "insert": "[Insert Learning Goal]"
                        }
                      ]
                    }
                  }
                },
                "S2Br6STSB3ogGM0zS6al2": {
                  "tfQwR2CNeI": {
                    "columnId": "tfQwR2CNeI",
                    "value": {
                      "$blocksuite:internal:text$": true,
                      "delta": [
                        {
                          "insert": "[Insert Lesson Topic]"
                        }
                      ]
                    }
                  },
                  "Y-rf0e2eE2": {
                    "columnId": "Y-rf0e2eE2",
                    "value": {
                      "$blocksuite:internal:text$": true,
                      "delta": [
                        {
                          "insert": "[Insert Learning Goal]"
                        }
                      ]
                    }
                  }
                },
                "g2XuATxvZG6acWYR2GSER": {
                  "tfQwR2CNeI": {
                    "columnId": "tfQwR2CNeI",
                    "value": {
                      "$blocksuite:internal:text$": true,
                      "delta": [
                        {
                          "insert": "[Insert Lesson Topic]"
                        }
                      ]
                    }
                  },
                  "Y-rf0e2eE2": {
                    "columnId": "Y-rf0e2eE2",
                    "value": {
                      "$blocksuite:internal:text$": true,
                      "delta": [
                        {
                          "insert": "[Insert Learning Goal]"
                        }
                      ]
                    }
                  }
                }
              },
              "columns": [
                {
                  "type": "title",
                  "name": "Week",
                  "data": {},
                  "id": "FjQn3chEGa"
                },
                {
                  "type": "rich-text",
                  "name": "Key Lesson Topics",
                  "data": {},
                  "id": "tfQwR2CNeI"
                },
                {
                  "type": "rich-text",
                  "name": "Learning Goals",
                  "data": {},
                  "id": "Y-rf0e2eE2"
                }
              ]
            },
            "children": [
              {
                "type": "block",
                "id": "ewwksYYmHye8C7WCfL16j",
                "flavour": "affine:paragraph",
                "version": 1,
                "props": {
                  "type": "text",
                  "text": {
                    "$blocksuite:internal:text$": true,
                    "delta": [
                      {
                        "insert": "Week 1"
                      }
                    ]
                  }
                },
                "children": []
              },
              {
                "type": "block",
                "id": "Z0xhXlH_kjF8g0lJaa5xT",
                "flavour": "affine:paragraph",
                "version": 1,
                "props": {
                  "type": "text",
                  "text": {
                    "$blocksuite:internal:text$": true,
                    "delta": [
                      {
                        "insert": "Week 2"
                      }
                    ]
                  }
                },
                "children": []
              },
              {
                "type": "block",
                "id": "S2Br6STSB3ogGM0zS6al2",
                "flavour": "affine:paragraph",
                "version": 1,
                "props": {
                  "type": "text",
                  "text": {
                    "$blocksuite:internal:text$": true,
                    "delta": [
                      {
                        "insert": "Week 3"
                      }
                    ]
                  }
                },
                "children": []
              },
              {
                "type": "block",
                "id": "g2XuATxvZG6acWYR2GSER",
                "flavour": "affine:paragraph",
                "version": 1,
                "props": {
                  "type": "text",
                  "text": {
                    "$blocksuite:internal:text$": true,
                    "delta": [
                      {
                        "insert": "Week 4"
                      }
                    ]
                  }
                },
                "children": []
              }
            ]
          },
          {
            "type": "block",
            "id": "3cbbWF_vFUTST9Q3dpE2w",
            "flavour": "affine:divider",
            "version": 1,
            "props": {},
            "children": []
          },
          {
            "type": "block",
            "id": "ROTI2xWECNBOg3uNwTwB5",
            "flavour": "affine:paragraph",
            "version": 1,
            "props": {
              "type": "h2",
              "text": {
                "$blocksuite:internal:text$": true,
                "delta": [
                  {
                    "insert": "8. Final Notes"
                  }
                ]
              }
            },
            "children": []
          },
          {
            "type": "block",
            "id": "W7S-gNr1OJip_jvepA_-e",
            "flavour": "affine:list",
            "version": 1,
            "props": {
              "type": "bulleted",
              "text": {
                "$blocksuite:internal:text$": true,
                "delta": [
                  {
                    "insert": "Use this section to document additional thoughts, ideas, or reminders for future lessons."
                  }
                ]
              },
              "checked": false,
              "collapsed": false,
              "order": null
            },
            "children": []
          },
          {
            "type": "block",
            "id": "gdWSQA_-zAzAX4XGH7SCd",
            "flavour": "affine:divider",
            "version": 1,
            "props": {},
            "children": []
          }
        ]
      }
    ]
  }
}