{
  "type": "page",
  "meta": {
    "id": "rjJDX-53FrmGu_Quyl8RK",
    "title": "2024 Digital Planner",
    "createDate": 1727528403584,
    "tags": []
  },
  "blocks": {
    "type": "block",
    "id": "BdqDq-5-nYUVc1lCMGY5m",
    "flavour": "affine:page",
    "version": 2,
    "props": {
      "title": {
        "$blocksuite:internal:text$": true,
        "delta": [
          {
            "insert": "2024 Digital Planner"
          }
        ]
      }
    },
    "children": [
      {
        "type": "block",
        "id": "TAzYMsLI61gcX9jPVAjsR",
        "flavour": "affine:surface",
        "version": 5,
        "props": {
          "elements": {}
        },
        "children": []
      },
      {
        "type": "block",
        "id": "sL_cW7a7Mzi8Rfd08Qv9O",
        "flavour": "affine:note",
        "version": 1,
        "props": {
          "xywh": "[0,0,800,95]",
          "background": "--affine-note-background-white",
          "index": "a0",
          "hidden": false,
          "displayMode": "both",
          "edgeless": {
            "style": {
              "borderRadius": 8,
              "borderSize": 4,
              "borderStyle": "none",
              "shadowType": "--affine-note-shadow-box"
            }
          }
        },
        "children": [
          {
            "type": "block",
            "id": "IYgdRNJATxzKWE1TZwz-d",
            "flavour": "affine:paragraph",
            "version": 1,
            "props": {
              "type": "h2",
              "text": {
                "$blocksuite:internal:text$": true,
                "delta": [
                  {
                    "insert": "1. Year Overview"
                  }
                ]
              }
            },
            "children": []
          },
          {
            "type": "block",
            "id": "_YZT6X5nirm-5xfVAsElP",
            "flavour": "affine:paragraph",
            "version": 1,
            "props": {
              "type": "h3",
              "text": {
                "$blocksuite:internal:text$": true,
                "delta": [
                  {
                    "insert": "2024 Goals"
                  }
                ]
              }
            },
            "children": []
          },
          {
            "type": "block",
            "id": "B6ZILhWyOJ0o3GdJtTHf0",
            "flavour": "affine:list",
            "version": 1,
            "props": {
              "type": "bulleted",
              "text": {
                "$blocksuite:internal:text$": true,
                "delta": [
                  {
                    "insert": "Goal 1",
                    "attributes": {
                      "bold": true
                    }
                  },
                  {
                    "insert": ": [Insert Goal]"
                  }
                ]
              },
              "checked": false,
              "collapsed": false,
              "order": null
            },
            "children": []
          },
          {
            "type": "block",
            "id": "tCZSLXch6uGcsxxiU5kXV",
            "flavour": "affine:list",
            "version": 1,
            "props": {
              "type": "bulleted",
              "text": {
                "$blocksuite:internal:text$": true,
                "delta": [
                  {
                    "insert": "Goal 2",
                    "attributes": {
                      "bold": true
                    }
                  },
                  {
                    "insert": ": [Insert Goal]"
                  }
                ]
              },
              "checked": false,
              "collapsed": false,
              "order": null
            },
            "children": []
          },
          {
            "type": "block",
            "id": "lKMA0i5pVdVzmGfWuVegm",
            "flavour": "affine:list",
            "version": 1,
            "props": {
              "type": "bulleted",
              "text": {
                "$blocksuite:internal:text$": true,
                "delta": [
                  {
                    "insert": "Goal 3",
                    "attributes": {
                      "bold": true
                    }
                  },
                  {
                    "insert": ": [Insert Goal]"
                  }
                ]
              },
              "checked": false,
              "collapsed": false,
              "order": null
            },
            "children": []
          },
          {
            "type": "block",
            "id": "H51ezLjTnC0XwRVpIpf-J",
            "flavour": "affine:divider",
            "version": 1,
            "props": {},
            "children": []
          },
          {
            "type": "block",
            "id": "cGVkev9UI0d92fhLnGP9k",
            "flavour": "affine:paragraph",
            "version": 1,
            "props": {
              "type": "h3",
              "text": {
                "$blocksuite:internal:text$": true,
                "delta": [
                  {
                    "insert": "Key Dates for the Year"
                  }
                ]
              }
            },
            "children": []
          },
          {
            "type": "block",
            "id": "J27zpKOKJY1B5Bl-XFz4q",
            "flavour": "affine:database",
            "version": 3,
            "props": {
              "views": [
                {
                  "id": "PRjYpOV8Eg",
                  "name": "Table View",
                  "mode": "table",
                  "columns": [],
                  "filter": {
                    "type": "group",
                    "op": "and",
                    "conditions": []
                  },
                  "header": {
                    "titleColumn": "du4k0QHEMX",
                    "iconColumn": "type"
                  }
                }
              ],
              "title": {
                "$blocksuite:internal:text$": true,
                "delta": []
              },
              "cells": {
                "LqriOhMbFPEoDSXfO8Ac_": {
                  "iPEc0kHnx6": {
                    "columnId": "iPEc0kHnx6",
                    "value": {
                      "$blocksuite:internal:text$": true,
                      "delta": [
                        {
                          "insert": "New Year's Resolutions"
                        }
                      ]
                    }
                  },
                  "HzAOgozB1g": {
                    "columnId": "HzAOgozB1g",
                    "value": {
                      "$blocksuite:internal:text$": true,
                      "delta": [
                        {
                          "insert": "[Insert Notes]"
                        }
                      ]
                    }
                  }
                },
                "bnfYpIPNPIJ6FI1RtBvJv": {
                  "iPEc0kHnx6": {
                    "columnId": "iPEc0kHnx6",
                    "value": {
                      "$blocksuite:internal:text$": true,
                      "delta": [
                        {
                          "insert": "Mid-Year Review"
                        }
                      ]
                    }
                  },
                  "HzAOgozB1g": {
                    "columnId": "HzAOgozB1g",
                    "value": {
                      "$blocksuite:internal:text$": true,
                      "delta": [
                        {
                          "insert": "[Insert Notes]"
                        }
                      ]
                    }
                  }
                },
                "scxhZmKIrqBIIBZpuC5DH": {
                  "iPEc0kHnx6": {
                    "columnId": "iPEc0kHnx6",
                    "value": {
                      "$blocksuite:internal:text$": true,
                      "delta": [
                        {
                          "insert": "Year-End Reflection"
                        }
                      ]
                    }
                  },
                  "HzAOgozB1g": {
                    "columnId": "HzAOgozB1g",
                    "value": {
                      "$blocksuite:internal:text$": true,
                      "delta": [
                        {
                          "insert": "[Insert Notes]"
                        }
                      ]
                    }
                  }
                }
              },
              "columns": [
                {
                  "type": "title",
                  "name": "Date",
                  "data": {},
                  "id": "du4k0QHEMX"
                },
                {
                  "type": "rich-text",
                  "name": "Event/Task",
                  "data": {},
                  "id": "iPEc0kHnx6"
                },
                {
                  "type": "rich-text",
                  "name": "Notes",
                  "data": {},
                  "id": "HzAOgozB1g"
                }
              ]
            },
            "children": [
              {
                "type": "block",
                "id": "LqriOhMbFPEoDSXfO8Ac_",
                "flavour": "affine:paragraph",
                "version": 1,
                "props": {
                  "type": "text",
                  "text": {
                    "$blocksuite:internal:text$": true,
                    "delta": [
                      {
                        "insert": "January 1"
                      }
                    ]
                  }
                },
                "children": []
              },
              {
                "type": "block",
                "id": "bnfYpIPNPIJ6FI1RtBvJv",
                "flavour": "affine:paragraph",
                "version": 1,
                "props": {
                  "type": "text",
                  "text": {
                    "$blocksuite:internal:text$": true,
                    "delta": [
                      {
                        "insert": "June 15"
                      }
                    ]
                  }
                },
                "children": []
              },
              {
                "type": "block",
                "id": "scxhZmKIrqBIIBZpuC5DH",
                "flavour": "affine:paragraph",
                "version": 1,
                "props": {
                  "type": "text",
                  "text": {
                    "$blocksuite:internal:text$": true,
                    "delta": [
                      {
                        "insert": "December 31"
                      }
                    ]
                  }
                },
                "children": []
              }
            ]
          },
          {
            "type": "block",
            "id": "yfkYl_1o_5cpX9YRvrZCK",
            "flavour": "affine:divider",
            "version": 1,
            "props": {},
            "children": []
          },
          {
            "type": "block",
            "id": "2PnSaaoINHPsoL472JfZ5",
            "flavour": "affine:paragraph",
            "version": 1,
            "props": {
              "type": "h2",
              "text": {
                "$blocksuite:internal:text$": true,
                "delta": [
                  {
                    "insert": "2. Monthly Planner for 2024"
                  }
                ]
              }
            },
            "children": []
          },
          {
            "type": "block",
            "id": "Djy2p6nu3WEV6NrDHukgK",
            "flavour": "affine:paragraph",
            "version": 1,
            "props": {
              "type": "h3",
              "text": {
                "$blocksuite:internal:text$": true,
                "delta": [
                  {
                    "insert": "Month: [Insert Month]"
                  }
                ]
              }
            },
            "children": []
          },
          {
            "type": "block",
            "id": "1BM6zpXvg4WkJ3ICOzNA7",
            "flavour": "affine:divider",
            "version": 1,
            "props": {},
            "children": []
          },
          {
            "type": "block",
            "id": "QTGNQdBWUQlwBkGRSJdy9",
            "flavour": "affine:paragraph",
            "version": 1,
            "props": {
              "type": "h3",
              "text": {
                "$blocksuite:internal:text$": true,
                "delta": [
                  {
                    "insert": "2.1. Monthly Goals"
                  }
                ]
              }
            },
            "children": []
          },
          {
            "type": "block",
            "id": "d5Mfp7nwU6UmXxI3ZwV_s",
            "flavour": "affine:list",
            "version": 1,
            "props": {
              "type": "bulleted",
              "text": {
                "$blocksuite:internal:text$": true,
                "delta": [
                  {
                    "insert": "Goal 1",
                    "attributes": {
                      "bold": true
                    }
                  },
                  {
                    "insert": ": [Insert Goal]"
                  }
                ]
              },
              "checked": false,
              "collapsed": false,
              "order": null
            },
            "children": []
          },
          {
            "type": "block",
            "id": "lwH-GVOST1aSNRAdnDAqb",
            "flavour": "affine:list",
            "version": 1,
            "props": {
              "type": "bulleted",
              "text": {
                "$blocksuite:internal:text$": true,
                "delta": [
                  {
                    "insert": "Goal 2",
                    "attributes": {
                      "bold": true
                    }
                  },
                  {
                    "insert": ": [Insert Goal]"
                  }
                ]
              },
              "checked": false,
              "collapsed": false,
              "order": null
            },
            "children": []
          },
          {
            "type": "block",
            "id": "mGwv3WtBvCLploBD_J-yI",
            "flavour": "affine:list",
            "version": 1,
            "props": {
              "type": "bulleted",
              "text": {
                "$blocksuite:internal:text$": true,
                "delta": [
                  {
                    "insert": "Goal 3",
                    "attributes": {
                      "bold": true
                    }
                  },
                  {
                    "insert": ": [Insert Goal]"
                  }
                ]
              },
              "checked": false,
              "collapsed": false,
              "order": null
            },
            "children": []
          },
          {
            "type": "block",
            "id": "0sG7TOZywRUTUKFXsQCGE",
            "flavour": "affine:divider",
            "version": 1,
            "props": {},
            "children": []
          },
          {
            "type": "block",
            "id": "4Xi81LiAHtL5z8_EQKXW-",
            "flavour": "affine:paragraph",
            "version": 1,
            "props": {
              "type": "h3",
              "text": {
                "$blocksuite:internal:text$": true,
                "delta": [
                  {
                    "insert": "2.2. Important Dates"
                  }
                ]
              }
            },
            "children": []
          },
          {
            "type": "block",
            "id": "hIX5-kRI_Aey-iWb3bZGk",
            "flavour": "affine:database",
            "version": 3,
            "props": {
              "views": [
                {
                  "id": "JGWGdeSHv5",
                  "name": "Table View",
                  "mode": "table",
                  "columns": [],
                  "filter": {
                    "type": "group",
                    "op": "and",
                    "conditions": []
                  },
                  "header": {
                    "titleColumn": "x4UF0Uiy1c",
                    "iconColumn": "type"
                  }
                }
              ],
              "title": {
                "$blocksuite:internal:text$": true,
                "delta": []
              },
              "cells": {
                "KLB7SNW7HX99EvpwmXEym": {
                  "N_xFh-vfYd": {
                    "columnId": "N_xFh-vfYd",
                    "value": {
                      "$blocksuite:internal:text$": true,
                      "delta": [
                        {
                          "insert": "[Insert Event]"
                        }
                      ]
                    }
                  },
                  "HsFlJOu0l_": {
                    "columnId": "HsFlJOu0l_",
                    "value": {
                      "$blocksuite:internal:text$": true,
                      "delta": [
                        {
                          "insert": "[Insert Notes]"
                        }
                      ]
                    }
                  }
                },
                "QZjbU7V5GOid3qo9nMFoC": {
                  "N_xFh-vfYd": {
                    "columnId": "N_xFh-vfYd",
                    "value": {
                      "$blocksuite:internal:text$": true,
                      "delta": [
                        {
                          "insert": "[Insert Event]"
                        }
                      ]
                    }
                  },
                  "HsFlJOu0l_": {
                    "columnId": "HsFlJOu0l_",
                    "value": {
                      "$blocksuite:internal:text$": true,
                      "delta": [
                        {
                          "insert": "[Insert Notes]"
                        }
                      ]
                    }
                  }
                }
              },
              "columns": [
                {
                  "type": "title",
                  "name": "Date",
                  "data": {},
                  "id": "x4UF0Uiy1c"
                },
                {
                  "type": "rich-text",
                  "name": "Event/Task",
                  "data": {},
                  "id": "N_xFh-vfYd"
                },
                {
                  "type": "rich-text",
                  "name": "Notes",
                  "data": {},
                  "id": "HsFlJOu0l_"
                }
              ]
            },
            "children": [
              {
                "type": "block",
                "id": "KLB7SNW7HX99EvpwmXEym",
                "flavour": "affine:paragraph",
                "version": 1,
                "props": {
                  "type": "text",
                  "text": {
                    "$blocksuite:internal:text$": true,
                    "delta": [
                      {
                        "insert": "[Insert Date]"
                      }
                    ]
                  }
                },
                "children": []
              },
              {
                "type": "block",
                "id": "QZjbU7V5GOid3qo9nMFoC",
                "flavour": "affine:paragraph",
                "version": 1,
                "props": {
                  "type": "text",
                  "text": {
                    "$blocksuite:internal:text$": true,
                    "delta": [
                      {
                        "insert": "[Insert Date]"
                      }
                    ]
                  }
                },
                "children": []
              }
            ]
          },
          {
            "type": "block",
            "id": "Pb5wrJzaGKPf5mbsGmAJi",
            "flavour": "affine:divider",
            "version": 1,
            "props": {},
            "children": []
          },
          {
            "type": "block",
            "id": "1dLA0YtMjzG_2WFMsA_c5",
            "flavour": "affine:paragraph",
            "version": 1,
            "props": {
              "type": "h3",
              "text": {
                "$blocksuite:internal:text$": true,
                "delta": [
                  {
                    "insert": "2.3. Reflection"
                  }
                ]
              }
            },
            "children": []
          },
          {
            "type": "block",
            "id": "QlzCUu47n_3vPzl4wkrv_",
            "flavour": "affine:list",
            "version": 1,
            "props": {
              "type": "bulleted",
              "text": {
                "$blocksuite:internal:text$": true,
                "delta": [
                  {
                    "insert": "Successes this Month",
                    "attributes": {
                      "bold": true
                    }
                  },
                  {
                    "insert": ": [Insert Reflection]"
                  }
                ]
              },
              "checked": false,
              "collapsed": false,
              "order": null
            },
            "children": []
          },
          {
            "type": "block",
            "id": "xqtUdTlMVMBrufAfwE595",
            "flavour": "affine:list",
            "version": 1,
            "props": {
              "type": "bulleted",
              "text": {
                "$blocksuite:internal:text$": true,
                "delta": [
                  {
                    "insert": "Challenges",
                    "attributes": {
                      "bold": true
                    }
                  },
                  {
                    "insert": ": [Insert Challenges]"
                  }
                ]
              },
              "checked": false,
              "collapsed": false,
              "order": null
            },
            "children": []
          },
          {
            "type": "block",
            "id": "YpQ6BazkGeCgKObruZCIa",
            "flavour": "affine:list",
            "version": 1,
            "props": {
              "type": "bulleted",
              "text": {
                "$blocksuite:internal:text$": true,
                "delta": [
                  {
                    "insert": "Adjustments for Next Month",
                    "attributes": {
                      "bold": true
                    }
                  },
                  {
                    "insert": ": [Insert Adjustments]"
                  }
                ]
              },
              "checked": false,
              "collapsed": false,
              "order": null
            },
            "children": []
          },
          {
            "type": "block",
            "id": "JmUpvzU0kBOEtacrUPhmv",
            "flavour": "affine:divider",
            "version": 1,
            "props": {},
            "children": []
          },
          {
            "type": "block",
            "id": "GQTxREq8zm6_Cyq6mWiab",
            "flavour": "affine:paragraph",
            "version": 1,
            "props": {
              "type": "h2",
              "text": {
                "$blocksuite:internal:text$": true,
                "delta": [
                  {
                    "insert": "3. Weekly Planner for 2024"
                  }
                ]
              }
            },
            "children": []
          },
          {
            "type": "block",
            "id": "1qaxTM-T6OMsnC-HI1sgo",
            "flavour": "affine:paragraph",
            "version": 1,
            "props": {
              "type": "h3",
              "text": {
                "$blocksuite:internal:text$": true,
                "delta": [
                  {
                    "insert": "Week of: [Insert Date]"
                  }
                ]
              }
            },
            "children": []
          },
          {
            "type": "block",
            "id": "GeFYj2wvsVKD2S1bMAsd1",
            "flavour": "affine:divider",
            "version": 1,
            "props": {},
            "children": []
          },
          {
            "type": "block",
            "id": "7gL-eE8Q1lPg8qnBrcAhz",
            "flavour": "affine:paragraph",
            "version": 1,
            "props": {
              "type": "h3",
              "text": {
                "$blocksuite:internal:text$": true,
                "delta": [
                  {
                    "insert": "3.1. Weekly Focus"
                  }
                ]
              }
            },
            "children": []
          },
          {
            "type": "block",
            "id": "2FhAi6NHciwyT_XytgQ5T",
            "flavour": "affine:list",
            "version": 1,
            "props": {
              "type": "bulleted",
              "text": {
                "$blocksuite:internal:text$": true,
                "delta": [
                  {
                    "insert": "Focus 1",
                    "attributes": {
                      "bold": true
                    }
                  },
                  {
                    "insert": ": [Insert Focus]"
                  }
                ]
              },
              "checked": false,
              "collapsed": false,
              "order": null
            },
            "children": []
          },
          {
            "type": "block",
            "id": "uSJs2vBNC2C_a4-UxlibX",
            "flavour": "affine:list",
            "version": 1,
            "props": {
              "type": "bulleted",
              "text": {
                "$blocksuite:internal:text$": true,
                "delta": [
                  {
                    "insert": "Focus 2",
                    "attributes": {
                      "bold": true
                    }
                  },
                  {
                    "insert": ": [Insert Focus]"
                  }
                ]
              },
              "checked": false,
              "collapsed": false,
              "order": null
            },
            "children": []
          },
          {
            "type": "block",
            "id": "nfh7o7nyqI8fZPLMGgwTr",
            "flavour": "affine:divider",
            "version": 1,
            "props": {},
            "children": []
          },
          {
            "type": "block",
            "id": "M97NrwiJymjRjx_Oqdyfz",
            "flavour": "affine:paragraph",
            "version": 1,
            "props": {
              "type": "h3",
              "text": {
                "$blocksuite:internal:text$": true,
                "delta": [
                  {
                    "insert": "3.2. Weekly Schedule"
                  }
                ]
              }
            },
            "children": []
          },
          {
            "type": "block",
            "id": "8-iznaW2LGByf-PeFpXSx",
            "flavour": "affine:database",
            "version": 3,
            "props": {
              "views": [
                {
                  "id": "80uvjubikI",
                  "name": "Table View",
                  "mode": "table",
                  "columns": [],
                  "filter": {
                    "type": "group",
                    "op": "and",
                    "conditions": []
                  },
                  "header": {
                    "titleColumn": "0BsmshYcvw",
                    "iconColumn": "type"
                  }
                }
              ],
              "title": {
                "$blocksuite:internal:text$": true,
                "delta": []
              },
              "cells": {
                "WazR6OfDXwx-DfYfIUiT0": {
                  "9mNZIebxwH": {
                    "columnId": "9mNZIebxwH",
                    "value": {
                      "$blocksuite:internal:text$": true,
                      "delta": [
                        {
                          "insert": "[Insert Task]"
                        }
                      ]
                    }
                  },
                  "FpbQUiyITf": {
                    "columnId": "FpbQUiyITf",
                    "value": {
                      "$blocksuite:internal:text$": true,
                      "delta": [
                        {
                          "insert": "[High/Medium/Low]"
                        }
                      ]
                    }
                  },
                  "WVkcaFAlVD": {
                    "columnId": "WVkcaFAlVD",
                    "value": {
                      "$blocksuite:internal:text$": true,
                      "delta": [
                        {
                          "insert": "[Not Started/In Progress/Complete]"
                        }
                      ]
                    }
                  }
                },
                "7n6v_qEjjaKqvejNLqOVz": {
                  "9mNZIebxwH": {
                    "columnId": "9mNZIebxwH",
                    "value": {
                      "$blocksuite:internal:text$": true,
                      "delta": [
                        {
                          "insert": "[Insert Task]"
                        }
                      ]
                    }
                  },
                  "FpbQUiyITf": {
                    "columnId": "FpbQUiyITf",
                    "value": {
                      "$blocksuite:internal:text$": true,
                      "delta": [
                        {
                          "insert": "[High/Medium/Low]"
                        }
                      ]
                    }
                  },
                  "WVkcaFAlVD": {
                    "columnId": "WVkcaFAlVD",
                    "value": {
                      "$blocksuite:internal:text$": true,
                      "delta": [
                        {
                          "insert": "[Not Started/In Progress/Complete]"
                        }
                      ]
                    }
                  }
                },
                "tMucaBdMm1Otut0qdnR_I": {
                  "9mNZIebxwH": {
                    "columnId": "9mNZIebxwH",
                    "value": {
                      "$blocksuite:internal:text$": true,
                      "delta": [
                        {
                          "insert": "[Insert Task]"
                        }
                      ]
                    }
                  },
                  "FpbQUiyITf": {
                    "columnId": "FpbQUiyITf",
                    "value": {
                      "$blocksuite:internal:text$": true,
                      "delta": [
                        {
                          "insert": "[High/Medium/Low]"
                        }
                      ]
                    }
                  },
                  "WVkcaFAlVD": {
                    "columnId": "WVkcaFAlVD",
                    "value": {
                      "$blocksuite:internal:text$": true,
                      "delta": [
                        {
                          "insert": "[Not Started/In Progress/Complete]"
                        }
                      ]
                    }
                  }
                }
              },
              "columns": [
                {
                  "type": "title",
                  "name": "Day",
                  "data": {},
                  "id": "0BsmshYcvw"
                },
                {
                  "type": "rich-text",
                  "name": "Task/Activity",
                  "data": {},
                  "id": "9mNZIebxwH"
                },
                {
                  "type": "rich-text",
                  "name": "Priority (High/Medium/Low)",
                  "data": {},
                  "id": "FpbQUiyITf"
                },
                {
                  "type": "rich-text",
                  "name": "Status (Not Started/In Progress/Complete)",
                  "data": {},
                  "id": "WVkcaFAlVD"
                }
              ]
            },
            "children": [
              {
                "type": "block",
                "id": "WazR6OfDXwx-DfYfIUiT0",
                "flavour": "affine:paragraph",
                "version": 1,
                "props": {
                  "type": "text",
                  "text": {
                    "$blocksuite:internal:text$": true,
                    "delta": [
                      {
                        "insert": "Monday"
                      }
                    ]
                  }
                },
                "children": []
              },
              {
                "type": "block",
                "id": "7n6v_qEjjaKqvejNLqOVz",
                "flavour": "affine:paragraph",
                "version": 1,
                "props": {
                  "type": "text",
                  "text": {
                    "$blocksuite:internal:text$": true,
                    "delta": [
                      {
                        "insert": "Tuesday"
                      }
                    ]
                  }
                },
                "children": []
              },
              {
                "type": "block",
                "id": "tMucaBdMm1Otut0qdnR_I",
                "flavour": "affine:paragraph",
                "version": 1,
                "props": {
                  "type": "text",
                  "text": {
                    "$blocksuite:internal:text$": true,
                    "delta": [
                      {
                        "insert": "Wednesday"
                      }
                    ]
                  }
                },
                "children": []
              }
            ]
          },
          {
            "type": "block",
            "id": "-48PwM1sqg8V00Mupfcxo",
            "flavour": "affine:divider",
            "version": 1,
            "props": {},
            "children": []
          },
          {
            "type": "block",
            "id": "7qyHd--MfQAQ2BtLwxUih",
            "flavour": "affine:paragraph",
            "version": 1,
            "props": {
              "type": "h3",
              "text": {
                "$blocksuite:internal:text$": true,
                "delta": [
                  {
                    "insert": "3.3. Weekly Reflection"
                  }
                ]
              }
            },
            "children": []
          },
          {
            "type": "block",
            "id": "h95WbR7Z7FhAqhyILFs9G",
            "flavour": "affine:list",
            "version": 1,
            "props": {
              "type": "bulleted",
              "text": {
                "$blocksuite:internal:text$": true,
                "delta": [
                  {
                    "insert": "Successes this Week",
                    "attributes": {
                      "bold": true
                    }
                  },
                  {
                    "insert": ": [Insert Reflection]"
                  }
                ]
              },
              "checked": false,
              "collapsed": false,
              "order": null
            },
            "children": []
          },
          {
            "type": "block",
            "id": "ChHn4Vv3E8JHlOYSyOEM1",
            "flavour": "affine:list",
            "version": 1,
            "props": {
              "type": "bulleted",
              "text": {
                "$blocksuite:internal:text$": true,
                "delta": [
                  {
                    "insert": "Challenges",
                    "attributes": {
                      "bold": true
                    }
                  },
                  {
                    "insert": ": [Insert Challenges]"
                  }
                ]
              },
              "checked": false,
              "collapsed": false,
              "order": null
            },
            "children": []
          },
          {
            "type": "block",
            "id": "LK_1zTtdqv_1oskV_WkOk",
            "flavour": "affine:list",
            "version": 1,
            "props": {
              "type": "bulleted",
              "text": {
                "$blocksuite:internal:text$": true,
                "delta": [
                  {
                    "insert": "Next Week's Focus",
                    "attributes": {
                      "bold": true
                    }
                  },
                  {
                    "insert": ": [Insert Adjustments]"
                  }
                ]
              },
              "checked": false,
              "collapsed": false,
              "order": null
            },
            "children": []
          },
          {
            "type": "block",
            "id": "bR2pViJ9hsXpqEsgBJp3O",
            "flavour": "affine:divider",
            "version": 1,
            "props": {},
            "children": []
          },
          {
            "type": "block",
            "id": "vqYM_i5HYLTq-EMFnIbQK",
            "flavour": "affine:paragraph",
            "version": 1,
            "props": {
              "type": "h2",
              "text": {
                "$blocksuite:internal:text$": true,
                "delta": [
                  {
                    "insert": "4. Daily Planner for 2024"
                  }
                ]
              }
            },
            "children": []
          },
          {
            "type": "block",
            "id": "sww6IRNDY76Bfo8v9JlHy",
            "flavour": "affine:paragraph",
            "version": 1,
            "props": {
              "type": "h3",
              "text": {
                "$blocksuite:internal:text$": true,
                "delta": [
                  {
                    "insert": "Date: [Insert Date]"
                  }
                ]
              }
            },
            "children": []
          },
          {
            "type": "block",
            "id": "QfN9Uj5UCsBrmu9_sYbvR",
            "flavour": "affine:divider",
            "version": 1,
            "props": {},
            "children": []
          },
          {
            "type": "block",
            "id": "zbxo7rFOaClmH4bE2LzIq",
            "flavour": "affine:paragraph",
            "version": 1,
            "props": {
              "type": "h3",
              "text": {
                "$blocksuite:internal:text$": true,
                "delta": [
                  {
                    "insert": "4.1. Top Priorities"
                  }
                ]
              }
            },
            "children": []
          },
          {
            "type": "block",
            "id": "MvIpsXeJ-ViITK0uncr1Q",
            "flavour": "affine:list",
            "version": 1,
            "props": {
              "type": "bulleted",
              "text": {
                "$blocksuite:internal:text$": true,
                "delta": [
                  {
                    "insert": "Priority 1",
                    "attributes": {
                      "bold": true
                    }
                  },
                  {
                    "insert": ": [Insert Task]"
                  }
                ]
              },
              "checked": false,
              "collapsed": false,
              "order": null
            },
            "children": []
          },
          {
            "type": "block",
            "id": "-hIKVTxDUWpL2TY_ttBQn",
            "flavour": "affine:list",
            "version": 1,
            "props": {
              "type": "bulleted",
              "text": {
                "$blocksuite:internal:text$": true,
                "delta": [
                  {
                    "insert": "Priority 2",
                    "attributes": {
                      "bold": true
                    }
                  },
                  {
                    "insert": ": [Insert Task]"
                  }
                ]
              },
              "checked": false,
              "collapsed": false,
              "order": null
            },
            "children": []
          },
          {
            "type": "block",
            "id": "LAoMGY4kEDcGNZVmZk76I",
            "flavour": "affine:list",
            "version": 1,
            "props": {
              "type": "bulleted",
              "text": {
                "$blocksuite:internal:text$": true,
                "delta": [
                  {
                    "insert": "Priority 3",
                    "attributes": {
                      "bold": true
                    }
                  },
                  {
                    "insert": ": [Insert Task]"
                  }
                ]
              },
              "checked": false,
              "collapsed": false,
              "order": null
            },
            "children": []
          },
          {
            "type": "block",
            "id": "0TpZiGXVRRHFdMyGesHDh",
            "flavour": "affine:divider",
            "version": 1,
            "props": {},
            "children": []
          },
          {
            "type": "block",
            "id": "uwcvYCWdm5Nxjzr6ZPZ1w",
            "flavour": "affine:paragraph",
            "version": 1,
            "props": {
              "type": "h3",
              "text": {
                "$blocksuite:internal:text$": true,
                "delta": [
                  {
                    "insert": "4.2. Daily Schedule"
                  }
                ]
              }
            },
            "children": []
          },
          {
            "type": "block",
            "id": "qu8ZQjG_3tjIWgTqNbaL0",
            "flavour": "affine:database",
            "version": 3,
            "props": {
              "views": [
                {
                  "id": "RZwkaAhqVO",
                  "name": "Table View",
                  "mode": "table",
                  "columns": [],
                  "filter": {
                    "type": "group",
                    "op": "and",
                    "conditions": []
                  },
                  "header": {
                    "titleColumn": "-vQqc4tS4G",
                    "iconColumn": "type"
                  }
                }
              ],
              "title": {
                "$blocksuite:internal:text$": true,
                "delta": []
              },
              "cells": {
                "j5as6uiY07E88kEe6q2k9": {
                  "GHNeXjF3Bq": {
                    "columnId": "GHNeXjF3Bq",
                    "value": {
                      "$blocksuite:internal:text$": true,
                      "delta": [
                        {
                          "insert": "[Insert Task]"
                        }
                      ]
                    }
                  },
                  "KNh-9FaZhr": {
                    "columnId": "KNh-9FaZhr",
                    "value": {
                      "$blocksuite:internal:text$": true,
                      "delta": [
                        {
                          "insert": "[High/Medium/Low]"
                        }
                      ]
                    }
                  },
                  "keqGWkM1m3": {
                    "columnId": "keqGWkM1m3",
                    "value": {
                      "$blocksuite:internal:text$": true,
                      "delta": [
                        {
                          "insert": "[Not Started/In Progress/Complete]"
                        }
                      ]
                    }
                  }
                },
                "yEKaEMXf8pzntycSHfxVB": {
                  "GHNeXjF3Bq": {
                    "columnId": "GHNeXjF3Bq",
                    "value": {
                      "$blocksuite:internal:text$": true,
                      "delta": [
                        {
                          "insert": "[Insert Task]"
                        }
                      ]
                    }
                  },
                  "KNh-9FaZhr": {
                    "columnId": "KNh-9FaZhr",
                    "value": {
                      "$blocksuite:internal:text$": true,
                      "delta": [
                        {
                          "insert": "[High/Medium/Low]"
                        }
                      ]
                    }
                  },
                  "keqGWkM1m3": {
                    "columnId": "keqGWkM1m3",
                    "value": {
                      "$blocksuite:internal:text$": true,
                      "delta": [
                        {
                          "insert": "[Not Started/In Progress/Complete]"
                        }
                      ]
                    }
                  }
                },
                "TiQYmlbDLtOYE-xL_g7eK": {
                  "GHNeXjF3Bq": {
                    "columnId": "GHNeXjF3Bq",
                    "value": {
                      "$blocksuite:internal:text$": true,
                      "delta": [
                        {
                          "insert": "Lunch Break"
                        }
                      ]
                    }
                  },
                  "KNh-9FaZhr": {
                    "columnId": "KNh-9FaZhr",
                    "value": {
                      "$blocksuite:internal:text$": true,
                      "delta": [
                        {
                          "insert": "[High/Medium/Low]"
                        }
                      ]
                    }
                  },
                  "keqGWkM1m3": {
                    "columnId": "keqGWkM1m3",
                    "value": {
                      "$blocksuite:internal:text$": true,
                      "delta": [
                        {
                          "insert": "[Not Started/In Progress/Complete]"
                        }
                      ]
                    }
                  }
                }
              },
              "columns": [
                {
                  "type": "title",
                  "name": "Time",
                  "data": {},
                  "id": "-vQqc4tS4G"
                },
                {
                  "type": "rich-text",
                  "name": "Task/Activity",
                  "data": {},
                  "id": "GHNeXjF3Bq"
                },
                {
                  "type": "rich-text",
                  "name": "Priority (High/Medium/Low)",
                  "data": {},
                  "id": "KNh-9FaZhr"
                },
                {
                  "type": "rich-text",
                  "name": "Status (Not Started/In Progress/Complete)",
                  "data": {},
                  "id": "keqGWkM1m3"
                }
              ]
            },
            "children": [
              {
                "type": "block",
                "id": "j5as6uiY07E88kEe6q2k9",
                "flavour": "affine:paragraph",
                "version": 1,
                "props": {
                  "type": "text",
                  "text": {
                    "$blocksuite:internal:text$": true,
                    "delta": [
                      {
                        "insert": "6:00 AM"
                      }
                    ]
                  }
                },
                "children": []
              },
              {
                "type": "block",
                "id": "yEKaEMXf8pzntycSHfxVB",
                "flavour": "affine:paragraph",
                "version": 1,
                "props": {
                  "type": "text",
                  "text": {
                    "$blocksuite:internal:text$": true,
                    "delta": [
                      {
                        "insert": "9:00 AM"
                      }
                    ]
                  }
                },
                "children": []
              },
              {
                "type": "block",
                "id": "TiQYmlbDLtOYE-xL_g7eK",
                "flavour": "affine:paragraph",
                "version": 1,
                "props": {
                  "type": "text",
                  "text": {
                    "$blocksuite:internal:text$": true,
                    "delta": [
                      {
                        "insert": "12:00 PM"
                      }
                    ]
                  }
                },
                "children": []
              }
            ]
          },
          {
            "type": "block",
            "id": "sNf7XZYguuWrGagZ5qKEh",
            "flavour": "affine:divider",
            "version": 1,
            "props": {},
            "children": []
          },
          {
            "type": "block",
            "id": "AwG_ZKsoKV0OQDFApGTeq",
            "flavour": "affine:paragraph",
            "version": 1,
            "props": {
              "type": "h3",
              "text": {
                "$blocksuite:internal:text$": true,
                "delta": [
                  {
                    "insert": "4.3. End of Day Reflection"
                  }
                ]
              }
            },
            "children": []
          },
          {
            "type": "block",
            "id": "jp3ZWBkgAYNjspFyuu-PC",
            "flavour": "affine:list",
            "version": 1,
            "props": {
              "type": "bulleted",
              "text": {
                "$blocksuite:internal:text$": true,
                "delta": [
                  {
                    "insert": "What Went Well",
                    "attributes": {
                      "bold": true
                    }
                  },
                  {
                    "insert": ": [Insert Reflection]"
                  }
                ]
              },
              "checked": false,
              "collapsed": false,
              "order": null
            },
            "children": []
          },
          {
            "type": "block",
            "id": "VGgG85xAnwOh6EU3mt0rF",
            "flavour": "affine:list",
            "version": 1,
            "props": {
              "type": "bulleted",
              "text": {
                "$blocksuite:internal:text$": true,
                "delta": [
                  {
                    "insert": "What Needs Improvement",
                    "attributes": {
                      "bold": true
                    }
                  },
                  {
                    "insert": ": [Insert Reflection]"
                  }
                ]
              },
              "checked": false,
              "collapsed": false,
              "order": null
            },
            "children": []
          },
          {
            "type": "block",
            "id": "bV3grySX6RLkcFXqt8GJq",
            "flavour": "affine:list",
            "version": 1,
            "props": {
              "type": "bulleted",
              "text": {
                "$blocksuite:internal:text$": true,
                "delta": [
                  {
                    "insert": "Tomorrow's Focus",
                    "attributes": {
                      "bold": true
                    }
                  },
                  {
                    "insert": ": [Insert"
                  }
                ]
              },
              "checked": false,
              "collapsed": false,
              "order": null
            },
            "children": []
          }
        ]
      }
    ]
  }
}