{
  "type": "page",
  "meta": {
    "id": "wKWR6miumuEmrKfivUtRo",
    "title": "High Note Collection Planners",
    "createDate": 1728551465522,
    "tags": []
  },
  "blocks": {
    "type": "block",
    "id": "BdqDq-5-nYUVc1lCMGY5m",
    "flavour": "affine:page",
    "version": 2,
    "props": {
      "title": {
        "$blocksuite:internal:text$": true,
        "delta": [
          {
            "insert": "High Note Collection Planners"
          }
        ]
      }
    },
    "children": [
      {
        "type": "block",
        "id": "TAzYMsLI61gcX9jPVAjsR",
        "flavour": "affine:surface",
        "version": 5,
        "props": {
          "elements": {}
        },
        "children": []
      },
      {
        "type": "block",
        "id": "sL_cW7a7Mzi8Rfd08Qv9O",
        "flavour": "affine:note",
        "version": 1,
        "props": {
          "xywh": "[0,0,800,95]",
          "background": "--affine-note-background-white",
          "index": "a0",
          "hidden": false,
          "displayMode": "both",
          "edgeless": {
            "style": {
              "borderRadius": 8,
              "borderSize": 4,
              "borderStyle": "none",
              "shadowType": "--affine-note-shadow-box"
            }
          }
        },
        "children": [
          {
            "type": "block",
            "id": "npCQjKWampmVnxNosNVGt",
            "flavour": "affine:paragraph",
            "version": 1,
            "props": {
              "type": "h2",
              "text": {
                "$blocksuite:internal:text$": true,
                "delta": [
                  {
                    "insert": "Year: [Insert Year]"
                  }
                ]
              }
            },
            "children": []
          },
          {
            "type": "block",
            "id": "Ng3yDL2TmnvV5h_rrtLiH",
            "flavour": "affine:divider",
            "version": 1,
            "props": {},
            "children": []
          },
          {
            "type": "block",
            "id": "girawt3ZAMSo1XGbyNIBq",
            "flavour": "affine:paragraph",
            "version": 1,
            "props": {
              "type": "h2",
              "text": {
                "$blocksuite:internal:text$": true,
                "delta": [
                  {
                    "insert": "1. Overview"
                  }
                ]
              }
            },
            "children": []
          },
          {
            "type": "block",
            "id": "4eCgbO2Yv0oem3Ncvd7fe",
            "flavour": "affine:paragraph",
            "version": 1,
            "props": {
              "type": "text",
              "text": {
                "$blocksuite:internal:text$": true,
                "delta": [
                  {
                    "insert": "The "
                  },
                  {
                    "insert": "High Note Collection Planners",
                    "attributes": {
                      "bold": true
                    }
                  },
                  {
                    "insert": " are designed to help users achieve their personal and professional goals with grace and purpose. These planners include customizable layouts and features such as goal-setting sections, monthly reflections, and habit tracking."
                  }
                ]
              }
            },
            "children": []
          },
          {
            "type": "block",
            "id": "TbNSteOeuYsL7XqEF-o_M",
            "flavour": "affine:paragraph",
            "version": 1,
            "props": {
              "type": "h2",
              "text": {
                "$blocksuite:internal:text$": true,
                "delta": [
                  {
                    "insert": "2. Key Features"
                  }
                ]
              }
            },
            "children": []
          },
          {
            "type": "block",
            "id": "bsL4_vsLESsV3GcygxY47",
            "flavour": "affine:database",
            "version": 3,
            "props": {
              "views": [
                {
                  "id": "Zv9Mlmtny1",
                  "name": "Table View",
                  "mode": "table",
                  "columns": [],
                  "filter": {
                    "type": "group",
                    "op": "and",
                    "conditions": []
                  },
                  "header": {
                    "titleColumn": "SjnrmsWmvi",
                    "iconColumn": "type"
                  }
                }
              ],
              "title": {
                "$blocksuite:internal:text$": true,
                "delta": []
              },
              "cells": {
                "EWNn8HBqTssyeKXLUZK3s": {
                  "QbLzJOFvqa": {
                    "columnId": "QbLzJOFvqa",
                    "value": {
                      "$blocksuite:internal:text$": true,
                      "delta": [
                        {
                          "insert": "Clear, structured views for managing tasks and appointments"
                        }
                      ]
                    }
                  }
                },
                "4wIy1lQ_GNMx8JY2q2j9G": {
                  "QbLzJOFvqa": {
                    "columnId": "QbLzJOFvqa",
                    "value": {
                      "$blocksuite:internal:text$": true,
                      "delta": [
                        {
                          "insert": "Pages for reviewing and reflecting on achievements"
                        }
                      ]
                    }
                  }
                },
                "z7_gak8vNRO_5HumaDIl7": {
                  "QbLzJOFvqa": {
                    "columnId": "QbLzJOFvqa",
                    "value": {
                      "$blocksuite:internal:text$": true,
                      "delta": [
                        {
                          "insert": "Dedicated areas for short and long-term goals"
                        }
                      ]
                    }
                  }
                },
                "MawNTthqEB8OROyrGkMPh": {
                  "QbLzJOFvqa": {
                    "columnId": "QbLzJOFvqa",
                    "value": {
                      "$blocksuite:internal:text$": true,
                      "delta": [
                        {
                          "insert": "Elegant designs to motivate and inspire"
                        }
                      ]
                    }
                  }
                },
                "w8BSi5UPErciIcDgxBY5B": {
                  "QbLzJOFvqa": {
                    "columnId": "QbLzJOFvqa",
                    "value": {
                      "$blocksuite:internal:text$": true,
                      "delta": [
                        {
                          "insert": "Customizable trackers for monitoring progress"
                        }
                      ]
                    }
                  }
                }
              },
              "columns": [
                {
                  "type": "title",
                  "name": "Feature",
                  "data": {},
                  "id": "SjnrmsWmvi"
                },
                {
                  "type": "rich-text",
                  "name": "Description",
                  "data": {},
                  "id": "QbLzJOFvqa"
                }
              ]
            },
            "children": [
              {
                "type": "block",
                "id": "EWNn8HBqTssyeKXLUZK3s",
                "flavour": "affine:paragraph",
                "version": 1,
                "props": {
                  "type": "text",
                  "text": {
                    "$blocksuite:internal:text$": true,
                    "delta": [
                      {
                        "insert": "Weekly Layouts"
                      }
                    ]
                  }
                },
                "children": []
              },
              {
                "type": "block",
                "id": "4wIy1lQ_GNMx8JY2q2j9G",
                "flavour": "affine:paragraph",
                "version": 1,
                "props": {
                  "type": "text",
                  "text": {
                    "$blocksuite:internal:text$": true,
                    "delta": [
                      {
                        "insert": "Monthly Reflections"
                      }
                    ]
                  }
                },
                "children": []
              },
              {
                "type": "block",
                "id": "z7_gak8vNRO_5HumaDIl7",
                "flavour": "affine:paragraph",
                "version": 1,
                "props": {
                  "type": "text",
                  "text": {
                    "$blocksuite:internal:text$": true,
                    "delta": [
                      {
                        "insert": "Goal-Setting Sections"
                      }
                    ]
                  }
                },
                "children": []
              },
              {
                "type": "block",
                "id": "MawNTthqEB8OROyrGkMPh",
                "flavour": "affine:paragraph",
                "version": 1,
                "props": {
                  "type": "text",
                  "text": {
                    "$blocksuite:internal:text$": true,
                    "delta": [
                      {
                        "insert": "Inspirational Designs"
                      }
                    ]
                  }
                },
                "children": []
              },
              {
                "type": "block",
                "id": "w8BSi5UPErciIcDgxBY5B",
                "flavour": "affine:paragraph",
                "version": 1,
                "props": {
                  "type": "text",
                  "text": {
                    "$blocksuite:internal:text$": true,
                    "delta": [
                      {
                        "insert": "Habit Trackers"
                      }
                    ]
                  }
                },
                "children": []
              }
            ]
          },
          {
            "type": "block",
            "id": "yP5WOn3niSdLzJ3UcpP_H",
            "flavour": "affine:divider",
            "version": 1,
            "props": {},
            "children": []
          },
          {
            "type": "block",
            "id": "dmPNbzHkUn6Hmlz9itC6F",
            "flavour": "affine:paragraph",
            "version": 1,
            "props": {
              "type": "h2",
              "text": {
                "$blocksuite:internal:text$": true,
                "delta": [
                  {
                    "insert": "3. Weekly Planning"
                  }
                ]
              }
            },
            "children": []
          },
          {
            "type": "block",
            "id": "X6mN1-tWA2hJy5QQF5eV2",
            "flavour": "affine:paragraph",
            "version": 1,
            "props": {
              "type": "h3",
              "text": {
                "$blocksuite:internal:text$": true,
                "delta": [
                  {
                    "insert": "3.1. Set Goals"
                  }
                ]
              }
            },
            "children": []
          },
          {
            "type": "block",
            "id": "-LsS1WgJr376ZugeQ33Xg",
            "flavour": "affine:list",
            "version": 1,
            "props": {
              "type": "bulleted",
              "text": {
                "$blocksuite:internal:text$": true,
                "delta": [
                  {
                    "insert": "Personal Goals",
                    "attributes": {
                      "bold": true
                    }
                  },
                  {
                    "insert": ": [Insert Personal Goals]"
                  }
                ]
              },
              "checked": false,
              "collapsed": false,
              "order": null
            },
            "children": []
          },
          {
            "type": "block",
            "id": "J92BysFEopppK9y-GJIfo",
            "flavour": "affine:list",
            "version": 1,
            "props": {
              "type": "bulleted",
              "text": {
                "$blocksuite:internal:text$": true,
                "delta": [
                  {
                    "insert": "Work Goals",
                    "attributes": {
                      "bold": true
                    }
                  },
                  {
                    "insert": ": [Insert Work Goals]"
                  }
                ]
              },
              "checked": false,
              "collapsed": false,
              "order": null
            },
            "children": []
          },
          {
            "type": "block",
            "id": "HeKObMCGZds1ZqOuCC5cN",
            "flavour": "affine:list",
            "version": 1,
            "props": {
              "type": "bulleted",
              "text": {
                "$blocksuite:internal:text$": true,
                "delta": [
                  {
                    "insert": "Priority Tasks",
                    "attributes": {
                      "bold": true
                    }
                  },
                  {
                    "insert": ": [Insert Priority Tasks]"
                  }
                ]
              },
              "checked": false,
              "collapsed": false,
              "order": null
            },
            "children": []
          },
          {
            "type": "block",
            "id": "jk9wPgIqteJqke8a_QgXO",
            "flavour": "affine:paragraph",
            "version": 1,
            "props": {
              "type": "h3",
              "text": {
                "$blocksuite:internal:text$": true,
                "delta": [
                  {
                    "insert": "3.2. Track Progress"
                  }
                ]
              }
            },
            "children": []
          },
          {
            "type": "block",
            "id": "GgOCHhdC4IsJPb_9sQxOk",
            "flavour": "affine:list",
            "version": 1,
            "props": {
              "type": "todo",
              "text": {
                "$blocksuite:internal:text$": true,
                "delta": [
                  {
                    "insert": "Complete weekly task list"
                  }
                ]
              },
              "checked": false,
              "collapsed": false,
              "order": null
            },
            "children": []
          },
          {
            "type": "block",
            "id": "McAMbOZDuRKia4LPvG9X8",
            "flavour": "affine:list",
            "version": 1,
            "props": {
              "type": "todo",
              "text": {
                "$blocksuite:internal:text$": true,
                "delta": [
                  {
                    "insert": "Review progress on key objectives"
                  }
                ]
              },
              "checked": false,
              "collapsed": false,
              "order": null
            },
            "children": []
          },
          {
            "type": "block",
            "id": "cG70IU8ryKMt9Uvqy1FEX",
            "flavour": "affine:list",
            "version": 1,
            "props": {
              "type": "todo",
              "text": {
                "$blocksuite:internal:text$": true,
                "delta": [
                  {
                    "insert": "Adjust goals as needed"
                  }
                ]
              },
              "checked": false,
              "collapsed": false,
              "order": null
            },
            "children": []
          },
          {
            "type": "block",
            "id": "Q7TE7tBRAG5GFO3kIU-p8",
            "flavour": "affine:divider",
            "version": 1,
            "props": {},
            "children": []
          },
          {
            "type": "block",
            "id": "tWPSqZarZzryNMKweGY27",
            "flavour": "affine:paragraph",
            "version": 1,
            "props": {
              "type": "h2",
              "text": {
                "$blocksuite:internal:text$": true,
                "delta": [
                  {
                    "insert": "4. Monthly Reflections"
                  }
                ]
              }
            },
            "children": []
          },
          {
            "type": "block",
            "id": "lF0CkdtJsp_ufyE9Nj1ST",
            "flavour": "affine:paragraph",
            "version": 1,
            "props": {
              "type": "h3",
              "text": {
                "$blocksuite:internal:text$": true,
                "delta": [
                  {
                    "insert": "4.1. Reflect and Review"
                  }
                ]
              }
            },
            "children": []
          },
          {
            "type": "block",
            "id": "up16xGf02cGvNU-pRep35",
            "flavour": "affine:list",
            "version": 1,
            "props": {
              "type": "bulleted",
              "text": {
                "$blocksuite:internal:text$": true,
                "delta": [
                  {
                    "insert": "Review personal accomplishments"
                  }
                ]
              },
              "checked": false,
              "collapsed": false,
              "order": null
            },
            "children": []
          },
          {
            "type": "block",
            "id": "DTkoyk5apV6xQ6-sTDFsb",
            "flavour": "affine:list",
            "version": 1,
            "props": {
              "type": "bulleted",
              "text": {
                "$blocksuite:internal:text$": true,
                "delta": [
                  {
                    "insert": "Identify challenges or areas of improvement"
                  }
                ]
              },
              "checked": false,
              "collapsed": false,
              "order": null
            },
            "children": []
          },
          {
            "type": "block",
            "id": "63z_sGnPRZaj4d1eCiqc8",
            "flavour": "affine:list",
            "version": 1,
            "props": {
              "type": "bulleted",
              "text": {
                "$blocksuite:internal:text$": true,
                "delta": [
                  {
                    "insert": "Celebrate progress"
                  }
                ]
              },
              "checked": false,
              "collapsed": false,
              "order": null
            },
            "children": []
          },
          {
            "type": "block",
            "id": "Rh2-UwDCaNhdeVB_Dd6q3",
            "flavour": "affine:paragraph",
            "version": 1,
            "props": {
              "type": "h3",
              "text": {
                "$blocksuite:internal:text$": true,
                "delta": [
                  {
                    "insert": "4.2. Plan for Next Month"
                  }
                ]
              }
            },
            "children": []
          },
          {
            "type": "block",
            "id": "uU2IKYKxF9bdr3ZkvGHNM",
            "flavour": "affine:list",
            "version": 1,
            "props": {
              "type": "bulleted",
              "text": {
                "$blocksuite:internal:text$": true,
                "delta": [
                  {
                    "insert": "Set new goals for the upcoming month"
                  }
                ]
              },
              "checked": false,
              "collapsed": false,
              "order": null
            },
            "children": []
          },
          {
            "type": "block",
            "id": "LmeZUfYuoIb4pi14YuTSs",
            "flavour": "affine:list",
            "version": 1,
            "props": {
              "type": "bulleted",
              "text": {
                "$blocksuite:internal:text$": true,
                "delta": [
                  {
                    "insert": "Adjust habits and routines as needed"
                  }
                ]
              },
              "checked": false,
              "collapsed": false,
              "order": null
            },
            "children": []
          },
          {
            "type": "block",
            "id": "fl4I7Xo4VmDpj2iGYnidr",
            "flavour": "affine:divider",
            "version": 1,
            "props": {},
            "children": []
          },
          {
            "type": "block",
            "id": "cuGOS1Iwi_8CV2lqJNZ9A",
            "flavour": "affine:paragraph",
            "version": 1,
            "props": {
              "type": "h2",
              "text": {
                "$blocksuite:internal:text$": true,
                "delta": [
                  {
                    "insert": "5. Habit Tracking"
                  }
                ]
              }
            },
            "children": []
          },
          {
            "type": "block",
            "id": "zuihZpveMW2H6it7bQS1D",
            "flavour": "affine:list",
            "version": 1,
            "props": {
              "type": "bulleted",
              "text": {
                "$blocksuite:internal:text$": true,
                "delta": [
                  {
                    "insert": "Create and track daily or weekly habits"
                  }
                ]
              },
              "checked": false,
              "collapsed": false,
              "order": null
            },
            "children": []
          },
          {
            "type": "block",
            "id": "Rm-TY_0lhGbmAoMR-a_ou",
            "flavour": "affine:list",
            "version": 1,
            "props": {
              "type": "bulleted",
              "text": {
                "$blocksuite:internal:text$": true,
                "delta": [
                  {
                    "insert": "Identify patterns and areas for improvement"
                  }
                ]
              },
              "checked": false,
              "collapsed": false,
              "order": null
            },
            "children": []
          },
          {
            "type": "block",
            "id": "btavBfrtnT2Tw8OTU5BuE",
            "flavour": "affine:divider",
            "version": 1,
            "props": {},
            "children": []
          },
          {
            "type": "block",
            "id": "WoUyNMuAVWogOdtwUtVwf",
            "flavour": "affine:paragraph",
            "version": 1,
            "props": {
              "type": "h2",
              "text": {
                "$blocksuite:internal:text$": true,
                "delta": [
                  {
                    "insert": "6. Final Notes"
                  }
                ]
              }
            },
            "children": []
          },
          {
            "type": "block",
            "id": "-sMVVG1IP4zTDQ0jQsxAi",
            "flavour": "affine:list",
            "version": 1,
            "props": {
              "type": "bulleted",
              "text": {
                "$blocksuite:internal:text$": true,
                "delta": [
                  {
                    "insert": "Use the notes section to jot down any insights, ideas, or creative thoughts throughout the week."
                  }
                ]
              },
              "checked": false,
              "collapsed": false,
              "order": null
            },
            "children": []
          },
          {
            "type": "block",
            "id": "9X9NuTrJyvGw4gOcMg8Hh",
            "flavour": "affine:divider",
            "version": 1,
            "props": {},
            "children": []
          }
        ]
      }
    ]
  }
}