{
  "type": "page",
  "meta": {
    "id": "wKajtPI07JYuntehvqZQ8",
    "title": "Weekly Planner Goal Set Website",
    "createDate": 1727356093760,
    "tags": []
  },
  "blocks": {
    "type": "block",
    "id": "BdqDq-5-nYUVc1lCMGY5m",
    "flavour": "affine:page",
    "version": 2,
    "props": {
      "title": {
        "$blocksuite:internal:text$": true,
        "delta": [
          {
            "insert": "Weekly Planner Goal Set Website"
          }
        ]
      }
    },
    "children": [
      {
        "type": "block",
        "id": "TAzYMsLI61gcX9jPVAjsR",
        "flavour": "affine:surface",
        "version": 5,
        "props": {
          "elements": {}
        },
        "children": []
      },
      {
        "type": "block",
        "id": "sL_cW7a7Mzi8Rfd08Qv9O",
        "flavour": "affine:note",
        "version": 1,
        "props": {
          "xywh": "[0,0,800,95]",
          "background": "--affine-note-background-white",
          "index": "a0",
          "hidden": false,
          "displayMode": "both",
          "edgeless": {
            "style": {
              "borderRadius": 8,
              "borderSize": 4,
              "borderStyle": "none",
              "shadowType": "--affine-note-shadow-box"
            }
          }
        },
        "children": [
          {
            "type": "block",
            "id": "LZnADX0eeFmyxFH9qWhRc",
            "flavour": "affine:paragraph",
            "version": 1,
            "props": {
              "type": "h2",
              "text": {
                "$blocksuite:internal:text$": true,
                "delta": [
                  {
                    "insert": "Week of: [Enter Week Dates]"
                  }
                ]
              }
            },
            "children": []
          },
          {
            "type": "block",
            "id": "mBEI6O4IlmOxVj0w8JEa_",
            "flavour": "affine:divider",
            "version": 1,
            "props": {},
            "children": []
          },
          {
            "type": "block",
            "id": "oPIYWfHLw9nq_nW82ldV4",
            "flavour": "affine:paragraph",
            "version": 1,
            "props": {
              "type": "h2",
              "text": {
                "$blocksuite:internal:text$": true,
                "delta": [
                  {
                    "insert": "Weekly Goals"
                  }
                ]
              }
            },
            "children": []
          },
          {
            "type": "block",
            "id": "m2yRo6Q33yj_tJ3k6HokX",
            "flavour": "affine:list",
            "version": 1,
            "props": {
              "type": "numbered",
              "text": {
                "$blocksuite:internal:text$": true,
                "delta": [
                  {
                    "insert": "[Enter Goal 1]"
                  }
                ]
              },
              "checked": false,
              "collapsed": false,
              "order": 1
            },
            "children": []
          },
          {
            "type": "block",
            "id": "bengu3hTgFekFrPcEe83K",
            "flavour": "affine:list",
            "version": 1,
            "props": {
              "type": "numbered",
              "text": {
                "$blocksuite:internal:text$": true,
                "delta": [
                  {
                    "insert": "[Enter Goal 2]"
                  }
                ]
              },
              "checked": false,
              "collapsed": false,
              "order": 2
            },
            "children": []
          },
          {
            "type": "block",
            "id": "V0B-_13l8VJFwTtNrYCS5",
            "flavour": "affine:list",
            "version": 1,
            "props": {
              "type": "numbered",
              "text": {
                "$blocksuite:internal:text$": true,
                "delta": [
                  {
                    "insert": "[Enter Goal 3]"
                  }
                ]
              },
              "checked": false,
              "collapsed": false,
              "order": 3
            },
            "children": []
          },
          {
            "type": "block",
            "id": "6RWcw8CFQq9VS9mXo0XzJ",
            "flavour": "affine:divider",
            "version": 1,
            "props": {},
            "children": []
          },
          {
            "type": "block",
            "id": "ea7BVO0Tqg39mdsVGjOOW",
            "flavour": "affine:paragraph",
            "version": 1,
            "props": {
              "type": "h2",
              "text": {
                "$blocksuite:internal:text$": true,
                "delta": [
                  {
                    "insert": "Daily Breakdown"
                  }
                ]
              }
            },
            "children": []
          },
          {
            "type": "block",
            "id": "8Sx5sLgNc8-3mDTVRtGrF",
            "flavour": "affine:paragraph",
            "version": 1,
            "props": {
              "type": "h3",
              "text": {
                "$blocksuite:internal:text$": true,
                "delta": [
                  {
                    "insert": "Monday"
                  }
                ]
              }
            },
            "children": []
          },
          {
            "type": "block",
            "id": "S2MZPixwY_U_dapGwL7Qy",
            "flavour": "affine:list",
            "version": 1,
            "props": {
              "type": "bulleted",
              "text": {
                "$blocksuite:internal:text$": true,
                "delta": [
                  {
                    "insert": "Priority Tasks",
                    "attributes": {
                      "bold": true
                    }
                  },
                  {
                    "insert": ": [Enter Priority Tasks]"
                  }
                ]
              },
              "checked": false,
              "collapsed": false,
              "order": null
            },
            "children": []
          },
          {
            "type": "block",
            "id": "iKBIQlMFOgKefLENJY_nC",
            "flavour": "affine:list",
            "version": 1,
            "props": {
              "type": "bulleted",
              "text": {
                "$blocksuite:internal:text$": true,
                "delta": [
                  {
                    "insert": "Appointments/Meetings",
                    "attributes": {
                      "bold": true
                    }
                  },
                  {
                    "insert": ": [Enter Meetings/Events]"
                  }
                ]
              },
              "checked": false,
              "collapsed": false,
              "order": null
            },
            "children": []
          },
          {
            "type": "block",
            "id": "nGn7suGk5YboxnfksLlrn",
            "flavour": "affine:list",
            "version": 1,
            "props": {
              "type": "bulleted",
              "text": {
                "$blocksuite:internal:text$": true,
                "delta": [
                  {
                    "insert": "Notes",
                    "attributes": {
                      "bold": true
                    }
                  },
                  {
                    "insert": ": [Enter Notes]"
                  }
                ]
              },
              "checked": false,
              "collapsed": false,
              "order": null
            },
            "children": []
          },
          {
            "type": "block",
            "id": "KrJ93Ph9Lf02ikEV4NVNO",
            "flavour": "affine:paragraph",
            "version": 1,
            "props": {
              "type": "h3",
              "text": {
                "$blocksuite:internal:text$": true,
                "delta": [
                  {
                    "insert": "Tuesday"
                  }
                ]
              }
            },
            "children": []
          },
          {
            "type": "block",
            "id": "om24BrTkKE-x1WfruJLqh",
            "flavour": "affine:list",
            "version": 1,
            "props": {
              "type": "bulleted",
              "text": {
                "$blocksuite:internal:text$": true,
                "delta": [
                  {
                    "insert": "Priority Tasks",
                    "attributes": {
                      "bold": true
                    }
                  },
                  {
                    "insert": ": [Enter Priority Tasks]"
                  }
                ]
              },
              "checked": false,
              "collapsed": false,
              "order": null
            },
            "children": []
          },
          {
            "type": "block",
            "id": "VIraVTtF5jjpmT4-iu3Ri",
            "flavour": "affine:list",
            "version": 1,
            "props": {
              "type": "bulleted",
              "text": {
                "$blocksuite:internal:text$": true,
                "delta": [
                  {
                    "insert": "Appointments/Meetings",
                    "attributes": {
                      "bold": true
                    }
                  },
                  {
                    "insert": ": [Enter Meetings/Events]"
                  }
                ]
              },
              "checked": false,
              "collapsed": false,
              "order": null
            },
            "children": []
          },
          {
            "type": "block",
            "id": "xleaDOS8NNigoST-_vDbk",
            "flavour": "affine:list",
            "version": 1,
            "props": {
              "type": "bulleted",
              "text": {
                "$blocksuite:internal:text$": true,
                "delta": [
                  {
                    "insert": "Notes",
                    "attributes": {
                      "bold": true
                    }
                  },
                  {
                    "insert": ": [Enter Notes]"
                  }
                ]
              },
              "checked": false,
              "collapsed": false,
              "order": null
            },
            "children": []
          },
          {
            "type": "block",
            "id": "EXDw8KY2Rg71lKy7F8eeT",
            "flavour": "affine:paragraph",
            "version": 1,
            "props": {
              "type": "h3",
              "text": {
                "$blocksuite:internal:text$": true,
                "delta": [
                  {
                    "insert": "Wednesday"
                  }
                ]
              }
            },
            "children": []
          },
          {
            "type": "block",
            "id": "EcYL8BdagArf5OlAzDC9y",
            "flavour": "affine:list",
            "version": 1,
            "props": {
              "type": "bulleted",
              "text": {
                "$blocksuite:internal:text$": true,
                "delta": [
                  {
                    "insert": "Priority Tasks",
                    "attributes": {
                      "bold": true
                    }
                  },
                  {
                    "insert": ": [Enter Priority Tasks]"
                  }
                ]
              },
              "checked": false,
              "collapsed": false,
              "order": null
            },
            "children": []
          },
          {
            "type": "block",
            "id": "-_VxtxZmo_W4-S127aCe8",
            "flavour": "affine:list",
            "version": 1,
            "props": {
              "type": "bulleted",
              "text": {
                "$blocksuite:internal:text$": true,
                "delta": [
                  {
                    "insert": "Appointments/Meetings",
                    "attributes": {
                      "bold": true
                    }
                  },
                  {
                    "insert": ": [Enter Meetings/Events]"
                  }
                ]
              },
              "checked": false,
              "collapsed": false,
              "order": null
            },
            "children": []
          },
          {
            "type": "block",
            "id": "0_dmrkDLkTJUSy4TYDMay",
            "flavour": "affine:list",
            "version": 1,
            "props": {
              "type": "bulleted",
              "text": {
                "$blocksuite:internal:text$": true,
                "delta": [
                  {
                    "insert": "Notes",
                    "attributes": {
                      "bold": true
                    }
                  },
                  {
                    "insert": ": [Enter Notes]"
                  }
                ]
              },
              "checked": false,
              "collapsed": false,
              "order": null
            },
            "children": []
          },
          {
            "type": "block",
            "id": "1DA7CwpEbfu9Z4CXcAbhl",
            "flavour": "affine:paragraph",
            "version": 1,
            "props": {
              "type": "h3",
              "text": {
                "$blocksuite:internal:text$": true,
                "delta": [
                  {
                    "insert": "Thursday"
                  }
                ]
              }
            },
            "children": []
          },
          {
            "type": "block",
            "id": "ShpOgCMitxso25UcbMSz4",
            "flavour": "affine:list",
            "version": 1,
            "props": {
              "type": "bulleted",
              "text": {
                "$blocksuite:internal:text$": true,
                "delta": [
                  {
                    "insert": "Priority Tasks",
                    "attributes": {
                      "bold": true
                    }
                  },
                  {
                    "insert": ": [Enter Priority Tasks]"
                  }
                ]
              },
              "checked": false,
              "collapsed": false,
              "order": null
            },
            "children": []
          },
          {
            "type": "block",
            "id": "lE800tywtC2E3CrG_Dfk_",
            "flavour": "affine:list",
            "version": 1,
            "props": {
              "type": "bulleted",
              "text": {
                "$blocksuite:internal:text$": true,
                "delta": [
                  {
                    "insert": "Appointments/Meetings",
                    "attributes": {
                      "bold": true
                    }
                  },
                  {
                    "insert": ": [Enter Meetings/Events]"
                  }
                ]
              },
              "checked": false,
              "collapsed": false,
              "order": null
            },
            "children": []
          },
          {
            "type": "block",
            "id": "cze43XfkhEHx5VY0WWoJ1",
            "flavour": "affine:list",
            "version": 1,
            "props": {
              "type": "bulleted",
              "text": {
                "$blocksuite:internal:text$": true,
                "delta": [
                  {
                    "insert": "Notes",
                    "attributes": {
                      "bold": true
                    }
                  },
                  {
                    "insert": ": [Enter Notes]"
                  }
                ]
              },
              "checked": false,
              "collapsed": false,
              "order": null
            },
            "children": []
          },
          {
            "type": "block",
            "id": "eX2v6pnk62JMX0b4ZoAaW",
            "flavour": "affine:paragraph",
            "version": 1,
            "props": {
              "type": "h3",
              "text": {
                "$blocksuite:internal:text$": true,
                "delta": [
                  {
                    "insert": "Friday"
                  }
                ]
              }
            },
            "children": []
          },
          {
            "type": "block",
            "id": "D5tlhozEwIYFV710QnAb7",
            "flavour": "affine:list",
            "version": 1,
            "props": {
              "type": "bulleted",
              "text": {
                "$blocksuite:internal:text$": true,
                "delta": [
                  {
                    "insert": "Priority Tasks",
                    "attributes": {
                      "bold": true
                    }
                  },
                  {
                    "insert": ": [Enter Priority Tasks]"
                  }
                ]
              },
              "checked": false,
              "collapsed": false,
              "order": null
            },
            "children": []
          },
          {
            "type": "block",
            "id": "AmPRCwUmrLIzu152yKjA-",
            "flavour": "affine:list",
            "version": 1,
            "props": {
              "type": "bulleted",
              "text": {
                "$blocksuite:internal:text$": true,
                "delta": [
                  {
                    "insert": "Appointments/Meetings",
                    "attributes": {
                      "bold": true
                    }
                  },
                  {
                    "insert": ": [Enter Meetings/Events]"
                  }
                ]
              },
              "checked": false,
              "collapsed": false,
              "order": null
            },
            "children": []
          },
          {
            "type": "block",
            "id": "RKgmkYKv93-g9xj3_RdwT",
            "flavour": "affine:list",
            "version": 1,
            "props": {
              "type": "bulleted",
              "text": {
                "$blocksuite:internal:text$": true,
                "delta": [
                  {
                    "insert": "Notes",
                    "attributes": {
                      "bold": true
                    }
                  },
                  {
                    "insert": ": [Enter Notes]"
                  }
                ]
              },
              "checked": false,
              "collapsed": false,
              "order": null
            },
            "children": []
          },
          {
            "type": "block",
            "id": "Wt0SyeNgWBhJZvAChanSn",
            "flavour": "affine:paragraph",
            "version": 1,
            "props": {
              "type": "h3",
              "text": {
                "$blocksuite:internal:text$": true,
                "delta": [
                  {
                    "insert": "Saturday/Sunday"
                  }
                ]
              }
            },
            "children": []
          },
          {
            "type": "block",
            "id": "7-5gmrLfLzJjeQiK4Y35d",
            "flavour": "affine:list",
            "version": 1,
            "props": {
              "type": "bulleted",
              "text": {
                "$blocksuite:internal:text$": true,
                "delta": [
                  {
                    "insert": "Weekend Tasks",
                    "attributes": {
                      "bold": true
                    }
                  },
                  {
                    "insert": ": [Enter Tasks for the Weekend]"
                  }
                ]
              },
              "checked": false,
              "collapsed": false,
              "order": null
            },
            "children": []
          },
          {
            "type": "block",
            "id": "hJfO_xm16vaF0p8t8uh67",
            "flavour": "affine:list",
            "version": 1,
            "props": {
              "type": "bulleted",
              "text": {
                "$blocksuite:internal:text$": true,
                "delta": [
                  {
                    "insert": "Events/Activities",
                    "attributes": {
                      "bold": true
                    }
                  },
                  {
                    "insert": ": [Enter Events/Activities]"
                  }
                ]
              },
              "checked": false,
              "collapsed": false,
              "order": null
            },
            "children": []
          },
          {
            "type": "block",
            "id": "sUeICcEXRdQFIVDQLX04d",
            "flavour": "affine:list",
            "version": 1,
            "props": {
              "type": "bulleted",
              "text": {
                "$blocksuite:internal:text$": true,
                "delta": [
                  {
                    "insert": "Notes",
                    "attributes": {
                      "bold": true
                    }
                  },
                  {
                    "insert": ": [Enter Notes]"
                  }
                ]
              },
              "checked": false,
              "collapsed": false,
              "order": null
            },
            "children": []
          },
          {
            "type": "block",
            "id": "KtQC30rv-yG8HVoN0nxaJ",
            "flavour": "affine:divider",
            "version": 1,
            "props": {},
            "children": []
          },
          {
            "type": "block",
            "id": "afRxuZ9yT-xMGT6X93yKu",
            "flavour": "affine:paragraph",
            "version": 1,
            "props": {
              "type": "h2",
              "text": {
                "$blocksuite:internal:text$": true,
                "delta": [
                  {
                    "insert": "Progress Tracking"
                  }
                ]
              }
            },
            "children": []
          },
          {
            "type": "block",
            "id": "eSDv0Qosuchs3tVC0G7f4",
            "flavour": "affine:paragraph",
            "version": 1,
            "props": {
              "type": "h3",
              "text": {
                "$blocksuite:internal:text$": true,
                "delta": [
                  {
                    "insert": "What I Accomplished"
                  }
                ]
              }
            },
            "children": []
          },
          {
            "type": "block",
            "id": "3ooiaQaYqEvR5un3NbzxL",
            "flavour": "affine:list",
            "version": 1,
            "props": {
              "type": "bulleted",
              "text": {
                "$blocksuite:internal:text$": true,
                "delta": [
                  {
                    "insert": "[Reflect on your weekly accomplishments]"
                  }
                ]
              },
              "checked": false,
              "collapsed": false,
              "order": null
            },
            "children": []
          },
          {
            "type": "block",
            "id": "XTGoTvGRPnexmgDKvY2lI",
            "flavour": "affine:paragraph",
            "version": 1,
            "props": {
              "type": "h3",
              "text": {
                "$blocksuite:internal:text$": true,
                "delta": [
                  {
                    "insert": "Challenges Faced"
                  }
                ]
              }
            },
            "children": []
          },
          {
            "type": "block",
            "id": "orfh2vqevm-TSe8siVqpa",
            "flavour": "affine:list",
            "version": 1,
            "props": {
              "type": "bulleted",
              "text": {
                "$blocksuite:internal:text$": true,
                "delta": [
                  {
                    "insert": "[List challenges or roadblocks encountered]"
                  }
                ]
              },
              "checked": false,
              "collapsed": false,
              "order": null
            },
            "children": []
          },
          {
            "type": "block",
            "id": "VFofez8ka7J3rEPl7_CqN",
            "flavour": "affine:paragraph",
            "version": 1,
            "props": {
              "type": "h3",
              "text": {
                "$blocksuite:internal:text$": true,
                "delta": [
                  {
                    "insert": "Improvements for Next Week"
                  }
                ]
              }
            },
            "children": []
          },
          {
            "type": "block",
            "id": "fbs2t3K1X_4M9qgW6V52n",
            "flavour": "affine:list",
            "version": 1,
            "props": {
              "type": "bulleted",
              "text": {
                "$blocksuite:internal:text$": true,
                "delta": [
                  {
                    "insert": "[Reflect on areas for improvement]"
                  }
                ]
              },
              "checked": false,
              "collapsed": false,
              "order": null
            },
            "children": []
          }
        ]
      }
    ]
  }
}