{
  "type": "page",
  "meta": {
    "id": "bfWoNAXy2yMGP60th489w",
    "title": "Fitness Planner",
    "createDate": 1728291100033,
    "tags": []
  },
  "blocks": {
    "type": "block",
    "id": "BdqDq-5-nYUVc1lCMGY5m",
    "flavour": "affine:page",
    "version": 2,
    "props": {
      "title": {
        "$blocksuite:internal:text$": true,
        "delta": [
          {
            "insert": "Fitness Planner"
          }
        ]
      }
    },
    "children": [
      {
        "type": "block",
        "id": "TAzYMsLI61gcX9jPVAjsR",
        "flavour": "affine:surface",
        "version": 5,
        "props": {
          "elements": {}
        },
        "children": []
      },
      {
        "type": "block",
        "id": "sL_cW7a7Mzi8Rfd08Qv9O",
        "flavour": "affine:note",
        "version": 1,
        "props": {
          "xywh": "[0,0,800,95]",
          "background": "--affine-note-background-white",
          "index": "a0",
          "hidden": false,
          "displayMode": "both",
          "edgeless": {
            "style": {
              "borderRadius": 8,
              "borderSize": 4,
              "borderStyle": "none",
              "shadowType": "--affine-note-shadow-box"
            }
          }
        },
        "children": [
          {
            "type": "block",
            "id": "pyGccbD-TLYLg73dIxFf_",
            "flavour": "affine:paragraph",
            "version": 1,
            "props": {
              "type": "h2",
              "text": {
                "$blocksuite:internal:text$": true,
                "delta": [
                  {
                    "insert": "Week of: [Enter Week Dates]"
                  }
                ]
              }
            },
            "children": []
          },
          {
            "type": "block",
            "id": "OA_UJ_-8oe36nNOr6kGx9",
            "flavour": "affine:divider",
            "version": 1,
            "props": {},
            "children": []
          },
          {
            "type": "block",
            "id": "96KEdFVgoVp9acW3MPkHg",
            "flavour": "affine:paragraph",
            "version": 1,
            "props": {
              "type": "h2",
              "text": {
                "$blocksuite:internal:text$": true,
                "delta": [
                  {
                    "insert": "Fitness Goals"
                  }
                ]
              }
            },
            "children": []
          },
          {
            "type": "block",
            "id": "5OQpgPZPEIqMBFESDfvKu",
            "flavour": "affine:paragraph",
            "version": 1,
            "props": {
              "type": "h3",
              "text": {
                "$blocksuite:internal:text$": true,
                "delta": [
                  {
                    "insert": "Short-Term Goals"
                  }
                ]
              }
            },
            "children": []
          },
          {
            "type": "block",
            "id": "DrXXQ8dFyru3n1aUDSKaV",
            "flavour": "affine:list",
            "version": 1,
            "props": {
              "type": "numbered",
              "text": {
                "$blocksuite:internal:text$": true,
                "delta": [
                  {
                    "insert": "Goal 1",
                    "attributes": {
                      "bold": true
                    }
                  },
                  {
                    "insert": ": [e.g., Lose 2 pounds this week]"
                  }
                ]
              },
              "checked": false,
              "collapsed": false,
              "order": 1
            },
            "children": []
          },
          {
            "type": "block",
            "id": "mN-l_53pihW4cROt0FteZ",
            "flavour": "affine:list",
            "version": 1,
            "props": {
              "type": "numbered",
              "text": {
                "$blocksuite:internal:text$": true,
                "delta": [
                  {
                    "insert": "Goal 2",
                    "attributes": {
                      "bold": true
                    }
                  },
                  {
                    "insert": ": [e.g., Run 5k without stopping]"
                  }
                ]
              },
              "checked": false,
              "collapsed": false,
              "order": 2
            },
            "children": []
          },
          {
            "type": "block",
            "id": "fZcHNDHofVTLriZ1zSOiz",
            "flavour": "affine:paragraph",
            "version": 1,
            "props": {
              "type": "h3",
              "text": {
                "$blocksuite:internal:text$": true,
                "delta": [
                  {
                    "insert": "Long-Term Goals"
                  }
                ]
              }
            },
            "children": []
          },
          {
            "type": "block",
            "id": "1_gnaM5Z-5HPyprRRCna3",
            "flavour": "affine:list",
            "version": 1,
            "props": {
              "type": "numbered",
              "text": {
                "$blocksuite:internal:text$": true,
                "delta": [
                  {
                    "insert": "Goal 1",
                    "attributes": {
                      "bold": true
                    }
                  },
                  {
                    "insert": ": [e.g., Lose 15 pounds in 3 months]"
                  }
                ]
              },
              "checked": false,
              "collapsed": false,
              "order": 1
            },
            "children": []
          },
          {
            "type": "block",
            "id": "nB9BAqAhjOsw1-7e49ZqP",
            "flavour": "affine:list",
            "version": 1,
            "props": {
              "type": "numbered",
              "text": {
                "$blocksuite:internal:text$": true,
                "delta": [
                  {
                    "insert": "Goal 2",
                    "attributes": {
                      "bold": true
                    }
                  },
                  {
                    "insert": ": [e.g., Complete a half marathon]"
                  }
                ]
              },
              "checked": false,
              "collapsed": false,
              "order": 2
            },
            "children": []
          },
          {
            "type": "block",
            "id": "PGd7qC0H73buMAe3ool1U",
            "flavour": "affine:divider",
            "version": 1,
            "props": {},
            "children": []
          },
          {
            "type": "block",
            "id": "JqqCdsluOVSPLrCQvZuct",
            "flavour": "affine:paragraph",
            "version": 1,
            "props": {
              "type": "h2",
              "text": {
                "$blocksuite:internal:text$": true,
                "delta": [
                  {
                    "insert": "Workout Plan"
                  }
                ]
              }
            },
            "children": []
          },
          {
            "type": "block",
            "id": "8E7HEL5nqj-fAnP2ZQFFR",
            "flavour": "affine:paragraph",
            "version": 1,
            "props": {
              "type": "h3",
              "text": {
                "$blocksuite:internal:text$": true,
                "delta": [
                  {
                    "insert": "Monday"
                  }
                ]
              }
            },
            "children": []
          },
          {
            "type": "block",
            "id": "LrLVVZRkJglnLgUsmRfep",
            "flavour": "affine:list",
            "version": 1,
            "props": {
              "type": "bulleted",
              "text": {
                "$blocksuite:internal:text$": true,
                "delta": [
                  {
                    "insert": "Workout Type",
                    "attributes": {
                      "bold": true
                    }
                  },
                  {
                    "insert": ": [e.g., Strength Training, Cardio]"
                  }
                ]
              },
              "checked": false,
              "collapsed": false,
              "order": null
            },
            "children": []
          },
          {
            "type": "block",
            "id": "eufwKdOfniqXfbuRGBSJB",
            "flavour": "affine:list",
            "version": 1,
            "props": {
              "type": "bulleted",
              "text": {
                "$blocksuite:internal:text$": true,
                "delta": [
                  {
                    "insert": "Exercises",
                    "attributes": {
                      "bold": true
                    }
                  },
                  {
                    "insert": ":"
                  }
                ]
              },
              "checked": false,
              "collapsed": false,
              "order": null
            },
            "children": [
              {
                "type": "block",
                "id": "9J4NTphTmxnEOmb3ZfLmf",
                "flavour": "affine:list",
                "version": 1,
                "props": {
                  "type": "todo",
                  "text": {
                    "$blocksuite:internal:text$": true,
                    "delta": [
                      {
                        "insert": "Exercise 1: [Sets/Reps]"
                      }
                    ]
                  },
                  "checked": false,
                  "collapsed": false,
                  "order": null
                },
                "children": []
              },
              {
                "type": "block",
                "id": "KAL6mN4_bZ07ppQpybveL",
                "flavour": "affine:list",
                "version": 1,
                "props": {
                  "type": "todo",
                  "text": {
                    "$blocksuite:internal:text$": true,
                    "delta": [
                      {
                        "insert": "Exercise 2: [Sets/Reps]"
                      }
                    ]
                  },
                  "checked": false,
                  "collapsed": false,
                  "order": null
                },
                "children": []
              },
              {
                "type": "block",
                "id": "RcaKe6FQmQitKLTL4hPtO",
                "flavour": "affine:list",
                "version": 1,
                "props": {
                  "type": "todo",
                  "text": {
                    "$blocksuite:internal:text$": true,
                    "delta": [
                      {
                        "insert": "Exercise 3: [Sets/Reps]"
                      }
                    ]
                  },
                  "checked": false,
                  "collapsed": false,
                  "order": null
                },
                "children": []
              }
            ]
          },
          {
            "type": "block",
            "id": "SsFHTWpVMzILgqZCTG6W9",
            "flavour": "affine:list",
            "version": 1,
            "props": {
              "type": "bulleted",
              "text": {
                "$blocksuite:internal:text$": true,
                "delta": [
                  {
                    "insert": "Rest Time",
                    "attributes": {
                      "bold": true
                    }
                  },
                  {
                    "insert": ": [e.g., 60 seconds between sets]"
                  }
                ]
              },
              "checked": false,
              "collapsed": false,
              "order": null
            },
            "children": []
          },
          {
            "type": "block",
            "id": "H8nBA_Hsh3hH-NOnoXEp0",
            "flavour": "affine:list",
            "version": 1,
            "props": {
              "type": "bulleted",
              "text": {
                "$blocksuite:internal:text$": true,
                "delta": [
                  {
                    "insert": "Additional Notes",
                    "attributes": {
                      "bold": true
                    }
                  },
                  {
                    "insert": ":"
                  }
                ]
              },
              "checked": false,
              "collapsed": false,
              "order": null
            },
            "children": []
          },
          {
            "type": "block",
            "id": "n5GsKRAfJjbfwjYSzW2Pb",
            "flavour": "affine:paragraph",
            "version": 1,
            "props": {
              "type": "h3",
              "text": {
                "$blocksuite:internal:text$": true,
                "delta": [
                  {
                    "insert": "Tuesday"
                  }
                ]
              }
            },
            "children": []
          },
          {
            "type": "block",
            "id": "fP9jhxZgqs6BTG5vXoHMu",
            "flavour": "affine:list",
            "version": 1,
            "props": {
              "type": "bulleted",
              "text": {
                "$blocksuite:internal:text$": true,
                "delta": [
                  {
                    "insert": "Workout Type",
                    "attributes": {
                      "bold": true
                    }
                  },
                  {
                    "insert": ": [e.g., HIIT, Yoga]"
                  }
                ]
              },
              "checked": false,
              "collapsed": false,
              "order": null
            },
            "children": []
          },
          {
            "type": "block",
            "id": "V31BurjUI0_NyeKetgoxj",
            "flavour": "affine:list",
            "version": 1,
            "props": {
              "type": "bulleted",
              "text": {
                "$blocksuite:internal:text$": true,
                "delta": [
                  {
                    "insert": "Exercises",
                    "attributes": {
                      "bold": true
                    }
                  },
                  {
                    "insert": ":"
                  }
                ]
              },
              "checked": false,
              "collapsed": false,
              "order": null
            },
            "children": [
              {
                "type": "block",
                "id": "Fu6c517s9u4MWK1YuPsf6",
                "flavour": "affine:list",
                "version": 1,
                "props": {
                  "type": "todo",
                  "text": {
                    "$blocksuite:internal:text$": true,
                    "delta": [
                      {
                        "insert": "Exercise 1: [Sets/Reps]"
                      }
                    ]
                  },
                  "checked": false,
                  "collapsed": false,
                  "order": null
                },
                "children": []
              },
              {
                "type": "block",
                "id": "ZjmTsA9KLSzOcMFq55REO",
                "flavour": "affine:list",
                "version": 1,
                "props": {
                  "type": "todo",
                  "text": {
                    "$blocksuite:internal:text$": true,
                    "delta": [
                      {
                        "insert": "Exercise 2: [Sets/Reps]"
                      }
                    ]
                  },
                  "checked": false,
                  "collapsed": false,
                  "order": null
                },
                "children": []
              },
              {
                "type": "block",
                "id": "ExTkd33wBHFJ_v87Tj1DQ",
                "flavour": "affine:list",
                "version": 1,
                "props": {
                  "type": "todo",
                  "text": {
                    "$blocksuite:internal:text$": true,
                    "delta": [
                      {
                        "insert": "Exercise 3: [Sets/Reps]"
                      }
                    ]
                  },
                  "checked": false,
                  "collapsed": false,
                  "order": null
                },
                "children": []
              }
            ]
          },
          {
            "type": "block",
            "id": "B9FyBQex8TuJhkxtP_nLh",
            "flavour": "affine:list",
            "version": 1,
            "props": {
              "type": "bulleted",
              "text": {
                "$blocksuite:internal:text$": true,
                "delta": [
                  {
                    "insert": "Rest Time",
                    "attributes": {
                      "bold": true
                    }
                  },
                  {
                    "insert": ":"
                  }
                ]
              },
              "checked": false,
              "collapsed": false,
              "order": null
            },
            "children": []
          },
          {
            "type": "block",
            "id": "kpHRwB1MN6bwdYBAFulZa",
            "flavour": "affine:list",
            "version": 1,
            "props": {
              "type": "bulleted",
              "text": {
                "$blocksuite:internal:text$": true,
                "delta": [
                  {
                    "insert": "Additional Notes",
                    "attributes": {
                      "bold": true
                    }
                  },
                  {
                    "insert": ":"
                  }
                ]
              },
              "checked": false,
              "collapsed": false,
              "order": null
            },
            "children": []
          },
          {
            "type": "block",
            "id": "OHwhkeyBeg273MOPMMpAJ",
            "flavour": "affine:paragraph",
            "version": 1,
            "props": {
              "type": "h3",
              "text": {
                "$blocksuite:internal:text$": true,
                "delta": [
                  {
                    "insert": "Wednesday"
                  }
                ]
              }
            },
            "children": []
          },
          {
            "type": "block",
            "id": "EPMwIHXODY9gKmMYBgn_X",
            "flavour": "affine:list",
            "version": 1,
            "props": {
              "type": "bulleted",
              "text": {
                "$blocksuite:internal:text$": true,
                "delta": [
                  {
                    "insert": "Workout Type",
                    "attributes": {
                      "bold": true
                    }
                  },
                  {
                    "insert": ": [e.g., Upper Body, Legs]"
                  }
                ]
              },
              "checked": false,
              "collapsed": false,
              "order": null
            },
            "children": []
          },
          {
            "type": "block",
            "id": "h0Fu9W-ep7YB0eW1Xqedj",
            "flavour": "affine:list",
            "version": 1,
            "props": {
              "type": "bulleted",
              "text": {
                "$blocksuite:internal:text$": true,
                "delta": [
                  {
                    "insert": "Exercises",
                    "attributes": {
                      "bold": true
                    }
                  },
                  {
                    "insert": ":"
                  }
                ]
              },
              "checked": false,
              "collapsed": false,
              "order": null
            },
            "children": [
              {
                "type": "block",
                "id": "n5Le2rCnEuBtc1iUPfTB3",
                "flavour": "affine:list",
                "version": 1,
                "props": {
                  "type": "todo",
                  "text": {
                    "$blocksuite:internal:text$": true,
                    "delta": [
                      {
                        "insert": "Exercise 1: [Sets/Reps]"
                      }
                    ]
                  },
                  "checked": false,
                  "collapsed": false,
                  "order": null
                },
                "children": []
              },
              {
                "type": "block",
                "id": "uNAUiCSFMiKF-SmZU8UKk",
                "flavour": "affine:list",
                "version": 1,
                "props": {
                  "type": "todo",
                  "text": {
                    "$blocksuite:internal:text$": true,
                    "delta": [
                      {
                        "insert": "Exercise 2: [Sets/Reps]"
                      }
                    ]
                  },
                  "checked": false,
                  "collapsed": false,
                  "order": null
                },
                "children": []
              },
              {
                "type": "block",
                "id": "eyMgr4x9yWHBbwAinZzBM",
                "flavour": "affine:list",
                "version": 1,
                "props": {
                  "type": "todo",
                  "text": {
                    "$blocksuite:internal:text$": true,
                    "delta": [
                      {
                        "insert": "Exercise 3: [Sets/Reps]"
                      }
                    ]
                  },
                  "checked": false,
                  "collapsed": false,
                  "order": null
                },
                "children": []
              }
            ]
          },
          {
            "type": "block",
            "id": "BAEKwx8fNHOfm6dYms9w2",
            "flavour": "affine:list",
            "version": 1,
            "props": {
              "type": "bulleted",
              "text": {
                "$blocksuite:internal:text$": true,
                "delta": [
                  {
                    "insert": "Rest Time",
                    "attributes": {
                      "bold": true
                    }
                  },
                  {
                    "insert": ":"
                  }
                ]
              },
              "checked": false,
              "collapsed": false,
              "order": null
            },
            "children": []
          },
          {
            "type": "block",
            "id": "Mg_cK8Tk-8Kpq1nviUHyS",
            "flavour": "affine:list",
            "version": 1,
            "props": {
              "type": "bulleted",
              "text": {
                "$blocksuite:internal:text$": true,
                "delta": [
                  {
                    "insert": "Additional Notes",
                    "attributes": {
                      "bold": true
                    }
                  },
                  {
                    "insert": ":"
                  }
                ]
              },
              "checked": false,
              "collapsed": false,
              "order": null
            },
            "children": []
          },
          {
            "type": "block",
            "id": "IC5QbGAHaH5YyAFsTba3Z",
            "flavour": "affine:paragraph",
            "version": 1,
            "props": {
              "type": "h3",
              "text": {
                "$blocksuite:internal:text$": true,
                "delta": [
                  {
                    "insert": "Thursday"
                  }
                ]
              }
            },
            "children": []
          },
          {
            "type": "block",
            "id": "vfv3u0zWmdYKp4nqIHDTB",
            "flavour": "affine:list",
            "version": 1,
            "props": {
              "type": "bulleted",
              "text": {
                "$blocksuite:internal:text$": true,
                "delta": [
                  {
                    "insert": "Workout Type",
                    "attributes": {
                      "bold": true
                    }
                  },
                  {
                    "insert": ":"
                  }
                ]
              },
              "checked": false,
              "collapsed": false,
              "order": null
            },
            "children": []
          },
          {
            "type": "block",
            "id": "dH4FMBZPmdhwQQno7ZsGu",
            "flavour": "affine:list",
            "version": 1,
            "props": {
              "type": "bulleted",
              "text": {
                "$blocksuite:internal:text$": true,
                "delta": [
                  {
                    "insert": "Exercises",
                    "attributes": {
                      "bold": true
                    }
                  },
                  {
                    "insert": ":"
                  }
                ]
              },
              "checked": false,
              "collapsed": false,
              "order": null
            },
            "children": [
              {
                "type": "block",
                "id": "pjHGYquMKDDkZLTZLlAy7",
                "flavour": "affine:list",
                "version": 1,
                "props": {
                  "type": "todo",
                  "text": {
                    "$blocksuite:internal:text$": true,
                    "delta": [
                      {
                        "insert": "Exercise 1: [Sets/Reps]"
                      }
                    ]
                  },
                  "checked": false,
                  "collapsed": false,
                  "order": null
                },
                "children": []
              },
              {
                "type": "block",
                "id": "hvfA6bADti6DjVnnzbgy2",
                "flavour": "affine:list",
                "version": 1,
                "props": {
                  "type": "todo",
                  "text": {
                    "$blocksuite:internal:text$": true,
                    "delta": [
                      {
                        "insert": "Exercise 2: [Sets/Reps]"
                      }
                    ]
                  },
                  "checked": false,
                  "collapsed": false,
                  "order": null
                },
                "children": []
              },
              {
                "type": "block",
                "id": "7-dpUXlAt2IVAggFG9M0V",
                "flavour": "affine:list",
                "version": 1,
                "props": {
                  "type": "todo",
                  "text": {
                    "$blocksuite:internal:text$": true,
                    "delta": [
                      {
                        "insert": "Exercise 3: [Sets/Reps]"
                      }
                    ]
                  },
                  "checked": false,
                  "collapsed": false,
                  "order": null
                },
                "children": []
              }
            ]
          },
          {
            "type": "block",
            "id": "xTMNM13QLuC_ne8RrpkrM",
            "flavour": "affine:list",
            "version": 1,
            "props": {
              "type": "bulleted",
              "text": {
                "$blocksuite:internal:text$": true,
                "delta": [
                  {
                    "insert": "Rest Time",
                    "attributes": {
                      "bold": true
                    }
                  },
                  {
                    "insert": ":"
                  }
                ]
              },
              "checked": false,
              "collapsed": false,
              "order": null
            },
            "children": []
          },
          {
            "type": "block",
            "id": "5y9S17T4hctxHdWnj3s4j",
            "flavour": "affine:list",
            "version": 1,
            "props": {
              "type": "bulleted",
              "text": {
                "$blocksuite:internal:text$": true,
                "delta": [
                  {
                    "insert": "Additional Notes",
                    "attributes": {
                      "bold": true
                    }
                  },
                  {
                    "insert": ":"
                  }
                ]
              },
              "checked": false,
              "collapsed": false,
              "order": null
            },
            "children": []
          },
          {
            "type": "block",
            "id": "OUEpXrYzawb7mtuxVCEJq",
            "flavour": "affine:paragraph",
            "version": 1,
            "props": {
              "type": "h3",
              "text": {
                "$blocksuite:internal:text$": true,
                "delta": [
                  {
                    "insert": "Friday"
                  }
                ]
              }
            },
            "children": []
          },
          {
            "type": "block",
            "id": "0E8cge1X8jg7X4O7i7_es",
            "flavour": "affine:list",
            "version": 1,
            "props": {
              "type": "bulleted",
              "text": {
                "$blocksuite:internal:text$": true,
                "delta": [
                  {
                    "insert": "Workout Type",
                    "attributes": {
                      "bold": true
                    }
                  },
                  {
                    "insert": ":"
                  }
                ]
              },
              "checked": false,
              "collapsed": false,
              "order": null
            },
            "children": []
          },
          {
            "type": "block",
            "id": "wzfOyJCHqx-xQcFDV2ypy",
            "flavour": "affine:list",
            "version": 1,
            "props": {
              "type": "bulleted",
              "text": {
                "$blocksuite:internal:text$": true,
                "delta": [
                  {
                    "insert": "Exercises",
                    "attributes": {
                      "bold": true
                    }
                  },
                  {
                    "insert": ":"
                  }
                ]
              },
              "checked": false,
              "collapsed": false,
              "order": null
            },
            "children": [
              {
                "type": "block",
                "id": "1BatjmMJeM9MNbrDYe4tc",
                "flavour": "affine:list",
                "version": 1,
                "props": {
                  "type": "todo",
                  "text": {
                    "$blocksuite:internal:text$": true,
                    "delta": [
                      {
                        "insert": "Exercise 1: [Sets/Reps]"
                      }
                    ]
                  },
                  "checked": false,
                  "collapsed": false,
                  "order": null
                },
                "children": []
              },
              {
                "type": "block",
                "id": "sCzTofCNnk9zV3YiS-JKW",
                "flavour": "affine:list",
                "version": 1,
                "props": {
                  "type": "todo",
                  "text": {
                    "$blocksuite:internal:text$": true,
                    "delta": [
                      {
                        "insert": "Exercise 2: [Sets/Reps]"
                      }
                    ]
                  },
                  "checked": false,
                  "collapsed": false,
                  "order": null
                },
                "children": []
              },
              {
                "type": "block",
                "id": "y8tIjsmAKPwBYCuMRQ1Au",
                "flavour": "affine:list",
                "version": 1,
                "props": {
                  "type": "todo",
                  "text": {
                    "$blocksuite:internal:text$": true,
                    "delta": [
                      {
                        "insert": "Exercise 3: [Sets/Reps]"
                      }
                    ]
                  },
                  "checked": false,
                  "collapsed": false,
                  "order": null
                },
                "children": []
              }
            ]
          },
          {
            "type": "block",
            "id": "fVMA6Dl_sgAW3thAigDu-",
            "flavour": "affine:list",
            "version": 1,
            "props": {
              "type": "bulleted",
              "text": {
                "$blocksuite:internal:text$": true,
                "delta": [
                  {
                    "insert": "Rest Time",
                    "attributes": {
                      "bold": true
                    }
                  },
                  {
                    "insert": ":"
                  }
                ]
              },
              "checked": false,
              "collapsed": false,
              "order": null
            },
            "children": []
          },
          {
            "type": "block",
            "id": "J0_Rr8rA07dVIPyc6yQPw",
            "flavour": "affine:list",
            "version": 1,
            "props": {
              "type": "bulleted",
              "text": {
                "$blocksuite:internal:text$": true,
                "delta": [
                  {
                    "insert": "Additional Notes",
                    "attributes": {
                      "bold": true
                    }
                  },
                  {
                    "insert": ":"
                  }
                ]
              },
              "checked": false,
              "collapsed": false,
              "order": null
            },
            "children": []
          },
          {
            "type": "block",
            "id": "1aTARGPO3RAs2HthkD3Pd",
            "flavour": "affine:paragraph",
            "version": 1,
            "props": {
              "type": "h3",
              "text": {
                "$blocksuite:internal:text$": true,
                "delta": [
                  {
                    "insert": "Saturday"
                  }
                ]
              }
            },
            "children": []
          },
          {
            "type": "block",
            "id": "N60CsFsfdsJLitijJpPc6",
            "flavour": "affine:list",
            "version": 1,
            "props": {
              "type": "bulleted",
              "text": {
                "$blocksuite:internal:text$": true,
                "delta": [
                  {
                    "insert": "Workout Type",
                    "attributes": {
                      "bold": true
                    }
                  },
                  {
                    "insert": ":"
                  }
                ]
              },
              "checked": false,
              "collapsed": false,
              "order": null
            },
            "children": []
          },
          {
            "type": "block",
            "id": "d54f9t0Sq3xa4QDOfT9Qx",
            "flavour": "affine:list",
            "version": 1,
            "props": {
              "type": "bulleted",
              "text": {
                "$blocksuite:internal:text$": true,
                "delta": [
                  {
                    "insert": "Exercises",
                    "attributes": {
                      "bold": true
                    }
                  },
                  {
                    "insert": ":"
                  }
                ]
              },
              "checked": false,
              "collapsed": false,
              "order": null
            },
            "children": [
              {
                "type": "block",
                "id": "Lw_F3fhETW6FIl74iJVQN",
                "flavour": "affine:list",
                "version": 1,
                "props": {
                  "type": "todo",
                  "text": {
                    "$blocksuite:internal:text$": true,
                    "delta": [
                      {
                        "insert": "Exercise 1: [Sets/Reps]"
                      }
                    ]
                  },
                  "checked": false,
                  "collapsed": false,
                  "order": null
                },
                "children": []
              },
              {
                "type": "block",
                "id": "n8H1s1GAtJntIg6vms2cZ",
                "flavour": "affine:list",
                "version": 1,
                "props": {
                  "type": "todo",
                  "text": {
                    "$blocksuite:internal:text$": true,
                    "delta": [
                      {
                        "insert": "Exercise 2: [Sets/Reps]"
                      }
                    ]
                  },
                  "checked": false,
                  "collapsed": false,
                  "order": null
                },
                "children": []
              },
              {
                "type": "block",
                "id": "5jN3rF_rRZXw8r66Usoj0",
                "flavour": "affine:list",
                "version": 1,
                "props": {
                  "type": "todo",
                  "text": {
                    "$blocksuite:internal:text$": true,
                    "delta": [
                      {
                        "insert": "Exercise 3: [Sets/Reps]"
                      }
                    ]
                  },
                  "checked": false,
                  "collapsed": false,
                  "order": null
                },
                "children": []
              }
            ]
          },
          {
            "type": "block",
            "id": "mDEuUNa46avugPQFFN6DC",
            "flavour": "affine:list",
            "version": 1,
            "props": {
              "type": "bulleted",
              "text": {
                "$blocksuite:internal:text$": true,
                "delta": [
                  {
                    "insert": "Rest Time",
                    "attributes": {
                      "bold": true
                    }
                  },
                  {
                    "insert": ":"
                  }
                ]
              },
              "checked": false,
              "collapsed": false,
              "order": null
            },
            "children": []
          },
          {
            "type": "block",
            "id": "2wWNBWwPmCxt68YmYVM7E",
            "flavour": "affine:list",
            "version": 1,
            "props": {
              "type": "bulleted",
              "text": {
                "$blocksuite:internal:text$": true,
                "delta": [
                  {
                    "insert": "Additional Notes",
                    "attributes": {
                      "bold": true
                    }
                  },
                  {
                    "insert": ":"
                  }
                ]
              },
              "checked": false,
              "collapsed": false,
              "order": null
            },
            "children": []
          },
          {
            "type": "block",
            "id": "u5b5ehh8HuU3GAlstQe7G",
            "flavour": "affine:paragraph",
            "version": 1,
            "props": {
              "type": "h3",
              "text": {
                "$blocksuite:internal:text$": true,
                "delta": [
                  {
                    "insert": "Sunday"
                  }
                ]
              }
            },
            "children": []
          },
          {
            "type": "block",
            "id": "k5L9w-8xCfUAkSl3IAC6S",
            "flavour": "affine:list",
            "version": 1,
            "props": {
              "type": "bulleted",
              "text": {
                "$blocksuite:internal:text$": true,
                "delta": [
                  {
                    "insert": "Rest Day",
                    "attributes": {
                      "bold": true
                    }
                  },
                  {
                    "insert": ": [Yes/No]"
                  }
                ]
              },
              "checked": false,
              "collapsed": false,
              "order": null
            },
            "children": []
          },
          {
            "type": "block",
            "id": "7k2f2BcHBhSDvdNuU2PKS",
            "flavour": "affine:list",
            "version": 1,
            "props": {
              "type": "bulleted",
              "text": {
                "$blocksuite:internal:text$": true,
                "delta": [
                  {
                    "insert": "Recovery Activities",
                    "attributes": {
                      "bold": true
                    }
                  },
                  {
                    "insert": ": [e.g., Stretching, Foam Rolling, Walking]"
                  }
                ]
              },
              "checked": false,
              "collapsed": false,
              "order": null
            },
            "children": []
          },
          {
            "type": "block",
            "id": "YMNakY3iD1EDitLGMiYbK",
            "flavour": "affine:list",
            "version": 1,
            "props": {
              "type": "bulleted",
              "text": {
                "$blocksuite:internal:text$": true,
                "delta": [
                  {
                    "insert": "Additional Notes",
                    "attributes": {
                      "bold": true
                    }
                  },
                  {
                    "insert": ":"
                  }
                ]
              },
              "checked": false,
              "collapsed": false,
              "order": null
            },
            "children": []
          },
          {
            "type": "block",
            "id": "EY0O-g_6lGAb6sMer60iX",
            "flavour": "affine:divider",
            "version": 1,
            "props": {},
            "children": []
          },
          {
            "type": "block",
            "id": "i9JR8QQDAQa_6G1YT3KDU",
            "flavour": "affine:paragraph",
            "version": 1,
            "props": {
              "type": "h2",
              "text": {
                "$blocksuite:internal:text$": true,
                "delta": [
                  {
                    "insert": "Nutrition Log"
                  }
                ]
              }
            },
            "children": []
          },
          {
            "type": "block",
            "id": "Bc8WR_-OwUyD0d3yIKLyN",
            "flavour": "affine:paragraph",
            "version": 1,
            "props": {
              "type": "h3",
              "text": {
                "$blocksuite:internal:text$": true,
                "delta": [
                  {
                    "insert": "Daily Food Intake"
                  }
                ]
              }
            },
            "children": []
          },
          {
            "type": "block",
            "id": "Dc0GmxVzaWU0YwGF-uTxV",
            "flavour": "affine:paragraph",
            "version": 1,
            "props": {
              "type": "h4",
              "text": {
                "$blocksuite:internal:text$": true,
                "delta": [
                  {
                    "insert": "Breakfast"
                  }
                ]
              }
            },
            "children": []
          },
          {
            "type": "block",
            "id": "8t-3N9KqEQBxP-WOdwgM5",
            "flavour": "affine:list",
            "version": 1,
            "props": {
              "type": "todo",
              "text": {
                "$blocksuite:internal:text$": true,
                "delta": [
                  {
                    "insert": "Meal: [What you ate]"
                  }
                ]
              },
              "checked": false,
              "collapsed": false,
              "order": null
            },
            "children": []
          },
          {
            "type": "block",
            "id": "TyKIBe33_tV7QqQljvHQV",
            "flavour": "affine:list",
            "version": 1,
            "props": {
              "type": "bulleted",
              "text": {
                "$blocksuite:internal:text$": true,
                "delta": [
                  {
                    "insert": "Calories",
                    "attributes": {
                      "bold": true
                    }
                  },
                  {
                    "insert": ":"
                  }
                ]
              },
              "checked": false,
              "collapsed": false,
              "order": null
            },
            "children": []
          },
          {
            "type": "block",
            "id": "oQoSy_Fc2l8YBrLiZ6cix",
            "flavour": "affine:list",
            "version": 1,
            "props": {
              "type": "bulleted",
              "text": {
                "$blocksuite:internal:text$": true,
                "delta": [
                  {
                    "insert": "Protein",
                    "attributes": {
                      "bold": true
                    }
                  },
                  {
                    "insert": ":"
                  }
                ]
              },
              "checked": false,
              "collapsed": false,
              "order": null
            },
            "children": []
          },
          {
            "type": "block",
            "id": "wXVBUycj8Bh6bgrAbbwgY",
            "flavour": "affine:list",
            "version": 1,
            "props": {
              "type": "bulleted",
              "text": {
                "$blocksuite:internal:text$": true,
                "delta": [
                  {
                    "insert": "Carbs",
                    "attributes": {
                      "bold": true
                    }
                  },
                  {
                    "insert": ":"
                  }
                ]
              },
              "checked": false,
              "collapsed": false,
              "order": null
            },
            "children": []
          },
          {
            "type": "block",
            "id": "dl_AeFFyJF3lDF5GoqcZL",
            "flavour": "affine:list",
            "version": 1,
            "props": {
              "type": "bulleted",
              "text": {
                "$blocksuite:internal:text$": true,
                "delta": [
                  {
                    "insert": "Fats",
                    "attributes": {
                      "bold": true
                    }
                  },
                  {
                    "insert": ":"
                  }
                ]
              },
              "checked": false,
              "collapsed": false,
              "order": null
            },
            "children": []
          },
          {
            "type": "block",
            "id": "HHYQwi51zev2IXTrpstWj",
            "flavour": "affine:paragraph",
            "version": 1,
            "props": {
              "type": "h4",
              "text": {
                "$blocksuite:internal:text$": true,
                "delta": [
                  {
                    "insert": "Lunch"
                  }
                ]
              }
            },
            "children": []
          },
          {
            "type": "block",
            "id": "J3qhNNHu7MaGAb7MhFWZz",
            "flavour": "affine:list",
            "version": 1,
            "props": {
              "type": "todo",
              "text": {
                "$blocksuite:internal:text$": true,
                "delta": [
                  {
                    "insert": "Meal:"
                  }
                ]
              },
              "checked": false,
              "collapsed": false,
              "order": null
            },
            "children": []
          },
          {
            "type": "block",
            "id": "Jr_SFxRa30kwjTDDSWIg1",
            "flavour": "affine:list",
            "version": 1,
            "props": {
              "type": "bulleted",
              "text": {
                "$blocksuite:internal:text$": true,
                "delta": [
                  {
                    "insert": "Calories",
                    "attributes": {
                      "bold": true
                    }
                  },
                  {
                    "insert": ":"
                  }
                ]
              },
              "checked": false,
              "collapsed": false,
              "order": null
            },
            "children": []
          },
          {
            "type": "block",
            "id": "HcZow4iX66oPBc8YTvU4L",
            "flavour": "affine:list",
            "version": 1,
            "props": {
              "type": "bulleted",
              "text": {
                "$blocksuite:internal:text$": true,
                "delta": [
                  {
                    "insert": "Protein",
                    "attributes": {
                      "bold": true
                    }
                  },
                  {
                    "insert": ":"
                  }
                ]
              },
              "checked": false,
              "collapsed": false,
              "order": null
            },
            "children": []
          },
          {
            "type": "block",
            "id": "I4jEXt1aCgQ8ZmAzv4-tO",
            "flavour": "affine:list",
            "version": 1,
            "props": {
              "type": "bulleted",
              "text": {
                "$blocksuite:internal:text$": true,
                "delta": [
                  {
                    "insert": "Carbs",
                    "attributes": {
                      "bold": true
                    }
                  },
                  {
                    "insert": ":"
                  }
                ]
              },
              "checked": false,
              "collapsed": false,
              "order": null
            },
            "children": []
          },
          {
            "type": "block",
            "id": "EFqeTUoWv8BmYwNSWhM2F",
            "flavour": "affine:list",
            "version": 1,
            "props": {
              "type": "bulleted",
              "text": {
                "$blocksuite:internal:text$": true,
                "delta": [
                  {
                    "insert": "Fats",
                    "attributes": {
                      "bold": true
                    }
                  },
                  {
                    "insert": ":"
                  }
                ]
              },
              "checked": false,
              "collapsed": false,
              "order": null
            },
            "children": []
          },
          {
            "type": "block",
            "id": "6P5_hC0l0wkR8tcvu20fY",
            "flavour": "affine:paragraph",
            "version": 1,
            "props": {
              "type": "h4",
              "text": {
                "$blocksuite:internal:text$": true,
                "delta": [
                  {
                    "insert": "Dinner"
                  }
                ]
              }
            },
            "children": []
          },
          {
            "type": "block",
            "id": "kK3X7_e_tUpIZy-bxRWrr",
            "flavour": "affine:list",
            "version": 1,
            "props": {
              "type": "todo",
              "text": {
                "$blocksuite:internal:text$": true,
                "delta": [
                  {
                    "insert": "Meal:"
                  }
                ]
              },
              "checked": false,
              "collapsed": false,
              "order": null
            },
            "children": []
          },
          {
            "type": "block",
            "id": "2Ji8dvDuPi3UB9TYNLe74",
            "flavour": "affine:list",
            "version": 1,
            "props": {
              "type": "bulleted",
              "text": {
                "$blocksuite:internal:text$": true,
                "delta": [
                  {
                    "insert": "Calories",
                    "attributes": {
                      "bold": true
                    }
                  },
                  {
                    "insert": ":"
                  }
                ]
              },
              "checked": false,
              "collapsed": false,
              "order": null
            },
            "children": []
          },
          {
            "type": "block",
            "id": "2LVbQrIxwyZLGmiKkjz9L",
            "flavour": "affine:list",
            "version": 1,
            "props": {
              "type": "bulleted",
              "text": {
                "$blocksuite:internal:text$": true,
                "delta": [
                  {
                    "insert": "Protein",
                    "attributes": {
                      "bold": true
                    }
                  },
                  {
                    "insert": ":"
                  }
                ]
              },
              "checked": false,
              "collapsed": false,
              "order": null
            },
            "children": []
          },
          {
            "type": "block",
            "id": "5X-Vcenl8-cFoaLIHGilq",
            "flavour": "affine:list",
            "version": 1,
            "props": {
              "type": "bulleted",
              "text": {
                "$blocksuite:internal:text$": true,
                "delta": [
                  {
                    "insert": "Carbs",
                    "attributes": {
                      "bold": true
                    }
                  },
                  {
                    "insert": ":"
                  }
                ]
              },
              "checked": false,
              "collapsed": false,
              "order": null
            },
            "children": []
          },
          {
            "type": "block",
            "id": "Y9iBgUugMn1TZoeYwBkIo",
            "flavour": "affine:list",
            "version": 1,
            "props": {
              "type": "bulleted",
              "text": {
                "$blocksuite:internal:text$": true,
                "delta": [
                  {
                    "insert": "Fats",
                    "attributes": {
                      "bold": true
                    }
                  },
                  {
                    "insert": ":"
                  }
                ]
              },
              "checked": false,
              "collapsed": false,
              "order": null
            },
            "children": []
          },
          {
            "type": "block",
            "id": "MwDQRmobsqlFWUQmBq96F",
            "flavour": "affine:paragraph",
            "version": 1,
            "props": {
              "type": "h4",
              "text": {
                "$blocksuite:internal:text$": true,
                "delta": [
                  {
                    "insert": "Snacks"
                  }
                ]
              }
            },
            "children": []
          },
          {
            "type": "block",
            "id": "ZpiUTMXgx_uXut4dtDO9d",
            "flavour": "affine:list",
            "version": 1,
            "props": {
              "type": "todo",
              "text": {
                "$blocksuite:internal:text$": true,
                "delta": [
                  {
                    "insert": "Meal:"
                  }
                ]
              },
              "checked": false,
              "collapsed": false,
              "order": null
            },
            "children": []
          },
          {
            "type": "block",
            "id": "UbD3sQG4Ge8o3eSoBF7Cf",
            "flavour": "affine:list",
            "version": 1,
            "props": {
              "type": "bulleted",
              "text": {
                "$blocksuite:internal:text$": true,
                "delta": [
                  {
                    "insert": "Calories",
                    "attributes": {
                      "bold": true
                    }
                  },
                  {
                    "insert": ":"
                  }
                ]
              },
              "checked": false,
              "collapsed": false,
              "order": null
            },
            "children": []
          },
          {
            "type": "block",
            "id": "w4H4HFS6Vv9njEE2d-twI",
            "flavour": "affine:list",
            "version": 1,
            "props": {
              "type": "bulleted",
              "text": {
                "$blocksuite:internal:text$": true,
                "delta": [
                  {
                    "insert": "Protein",
                    "attributes": {
                      "bold": true
                    }
                  },
                  {
                    "insert": ":"
                  }
                ]
              },
              "checked": false,
              "collapsed": false,
              "order": null
            },
            "children": []
          },
          {
            "type": "block",
            "id": "jm1tqeYap1Maor3hxy_Ic",
            "flavour": "affine:list",
            "version": 1,
            "props": {
              "type": "bulleted",
              "text": {
                "$blocksuite:internal:text$": true,
                "delta": [
                  {
                    "insert": "Carbs",
                    "attributes": {
                      "bold": true
                    }
                  },
                  {
                    "insert": ":"
                  }
                ]
              },
              "checked": false,
              "collapsed": false,
              "order": null
            },
            "children": []
          },
          {
            "type": "block",
            "id": "yMAK-3hIFBdQGW6UjX68p",
            "flavour": "affine:list",
            "version": 1,
            "props": {
              "type": "bulleted",
              "text": {
                "$blocksuite:internal:text$": true,
                "delta": [
                  {
                    "insert": "Fats",
                    "attributes": {
                      "bold": true
                    }
                  },
                  {
                    "insert": ":"
                  }
                ]
              },
              "checked": false,
              "collapsed": false,
              "order": null
            },
            "children": []
          },
          {
            "type": "block",
            "id": "03m13uDmbLSVk64TSEote",
            "flavour": "affine:divider",
            "version": 1,
            "props": {},
            "children": []
          },
          {
            "type": "block",
            "id": "nEAXiNMJBkx6eOLE2Tfep",
            "flavour": "affine:paragraph",
            "version": 1,
            "props": {
              "type": "h2",
              "text": {
                "$blocksuite:internal:text$": true,
                "delta": [
                  {
                    "insert": "Progress Tracking"
                  }
                ]
              }
            },
            "children": []
          },
          {
            "type": "block",
            "id": "SJ8KzxI6gswY71yR42qhB",
            "flavour": "affine:paragraph",
            "version": 1,
            "props": {
              "type": "h3",
              "text": {
                "$blocksuite:internal:text$": true,
                "delta": [
                  {
                    "insert": "Weekly Summary"
                  }
                ]
              }
            },
            "children": []
          },
          {
            "type": "block",
            "id": "oB8V4OXvPgK_LZvYmm-KY",
            "flavour": "affine:list",
            "version": 1,
            "props": {
              "type": "bulleted",
              "text": {
                "$blocksuite:internal:text$": true,
                "delta": [
                  {
                    "insert": "Weight",
                    "attributes": {
                      "bold": true
                    }
                  },
                  {
                    "insert": ": [Starting weight, ending weight]"
                  }
                ]
              },
              "checked": false,
              "collapsed": false,
              "order": null
            },
            "children": []
          },
          {
            "type": "block",
            "id": "U5boHQIAMULMGPR36Et8D",
            "flavour": "affine:list",
            "version": 1,
            "props": {
              "type": "bulleted",
              "text": {
                "$blocksuite:internal:text$": true,
                "delta": [
                  {
                    "insert": "Total Workouts Completed",
                    "attributes": {
                      "bold": true
                    }
                  },
                  {
                    "insert": ":"
                  }
                ]
              },
              "checked": false,
              "collapsed": false,
              "order": null
            },
            "children": []
          },
          {
            "type": "block",
            "id": "WMux-SyOGZsILI4IzNF_Y",
            "flavour": "affine:list",
            "version": 1,
            "props": {
              "type": "bulleted",
              "text": {
                "$blocksuite:internal:text$": true,
                "delta": [
                  {
                    "insert": "Average Calories Consumed",
                    "attributes": {
                      "bold": true
                    }
                  },
                  {
                    "insert": ":"
                  }
                ]
              },
              "checked": false,
              "collapsed": false,
              "order": null
            },
            "children": []
          },
          {
            "type": "block",
            "id": "vYSAGzFCkk0G8RDiao256",
            "flavour": "affine:list",
            "version": 1,
            "props": {
              "type": "bulleted",
              "text": {
                "$blocksuite:internal:text$": true,
                "delta": [
                  {
                    "insert": "Additional Notes",
                    "attributes": {
                      "bold": true
                    }
                  },
                  {
                    "insert": ":"
                  }
                ]
              },
              "checked": false,
              "collapsed": false,
              "order": null
            },
            "children": []
          },
          {
            "type": "block",
            "id": "LrUml37-3Ar5kQ-1HdINb",
            "flavour": "affine:paragraph",
            "version": 1,
            "props": {
              "type": "h3",
              "text": {
                "$blocksuite:internal:text$": true,
                "delta": [
                  {
                    "insert": "Achievements"
                  }
                ]
              }
            },
            "children": []
          },
          {
            "type": "block",
            "id": "HaerTVdQpsethtHl2VjXZ",
            "flavour": "affine:list",
            "version": 1,
            "props": {
              "type": "todo",
              "text": {
                "$blocksuite:internal:text$": true,
                "delta": [
                  {
                    "insert": "Completed Short-Term Goal 1"
                  }
                ]
              },
              "checked": false,
              "collapsed": false,
              "order": null
            },
            "children": []
          },
          {
            "type": "block",
            "id": "Lghsq-neSIm7ukGux4OwF",
            "flavour": "affine:list",
            "version": 1,
            "props": {
              "type": "todo",
              "text": {
                "$blocksuite:internal:text$": true,
                "delta": [
                  {
                    "insert": "Completed Short-Term Goal 2"
                  }
                ]
              },
              "checked": false,
              "collapsed": false,
              "order": null
            },
            "children": []
          },
          {
            "type": "block",
            "id": "bPmIrpRDnnk_cgEVoJ9eU",
            "flavour": "affine:list",
            "version": 1,
            "props": {
              "type": "todo",
              "text": {
                "$blocksuite:internal:text$": true,
                "delta": [
                  {
                    "insert": "Other Milestones:"
                  }
                ]
              },
              "checked": false,
              "collapsed": false,
              "order": null
            },
            "children": []
          },
          {
            "type": "block",
            "id": "_mkv-uQ6gKH0_7zIQ_iHw",
            "flavour": "affine:paragraph",
            "version": 1,
            "props": {
              "type": "h3",
              "text": {
                "$blocksuite:internal:text$": true,
                "delta": [
                  {
                    "insert": "Areas for Improvement"
                  }
                ]
              }
            },
            "children": []
          },
          {
            "type": "block",
            "id": "K4D2UmI45Zs5lILZKv54c",
            "flavour": "affine:list",
            "version": 1,
            "props": {
              "type": "todo",
              "text": {
                "$blocksuite:internal:text$": true,
                "delta": [
                  {
                    "insert": "Improvement Area 1:"
                  }
                ]
              },
              "checked": false,
              "collapsed": false,
              "order": null
            },
            "children": []
          },
          {
            "type": "block",
            "id": "q_NwG_0RVDbhgfgL6mjdC",
            "flavour": "affine:list",
            "version": 1,
            "props": {
              "type": "todo",
              "text": {
                "$blocksuite:internal:text$": true,
                "delta": [
                  {
                    "insert": "Improvement Area 2:"
                  }
                ]
              },
              "checked": false,
              "collapsed": false,
              "order": null
            },
            "children": []
          },
          {
            "type": "block",
            "id": "HFcuoeQnqPmmLub1TBoux",
            "flavour": "affine:paragraph",
            "version": 1,
            "props": {
              "type": "h3",
              "text": {
                "$blocksuite:internal:text$": true,
                "delta": [
                  {
                    "insert": "Next Week's Focus"
                  }
                ]
              }
            },
            "children": []
          },
          {
            "type": "block",
            "id": "2xXZAF7wDfPuQrOmSSCaH",
            "flavour": "affine:list",
            "version": 1,
            "props": {
              "type": "todo",
              "text": {
                "$blocksuite:internal:text$": true,
                "delta": [
                  {
                    "insert": "Goal 1 for next week:"
                  }
                ]
              },
              "checked": false,
              "collapsed": false,
              "order": null
            },
            "children": []
          },
          {
            "type": "block",
            "id": "UmN4gWNDfvAbleEXCGctB",
            "flavour": "affine:list",
            "version": 1,
            "props": {
              "type": "todo",
              "text": {
                "$blocksuite:internal:text$": true,
                "delta": [
                  {
                    "insert": "Goal 2 for next week:"
                  }
                ]
              },
              "checked": false,
              "collapsed": false,
              "order": null
            },
            "children": []
          }
        ]
      }
    ]
  }
}