{
  "type": "page",
  "meta": {
    "id": "QGts72UasqLjYapVBy0OW",
    "title": "Yearly Planner 2024",
    "createDate": 1727537516144,
    "tags": []
  },
  "blocks": {
    "type": "block",
    "id": "BdqDq-5-nYUVc1lCMGY5m",
    "flavour": "affine:page",
    "version": 2,
    "props": {
      "title": {
        "$blocksuite:internal:text$": true,
        "delta": [
          {
            "insert": "Yearly Planner 2024"
          }
        ]
      }
    },
    "children": [
      {
        "type": "block",
        "id": "TAzYMsLI61gcX9jPVAjsR",
        "flavour": "affine:surface",
        "version": 5,
        "props": {
          "elements": {}
        },
        "children": []
      },
      {
        "type": "block",
        "id": "sL_cW7a7Mzi8Rfd08Qv9O",
        "flavour": "affine:note",
        "version": 1,
        "props": {
          "xywh": "[0,0,800,95]",
          "background": "--affine-note-background-white",
          "index": "a0",
          "hidden": false,
          "displayMode": "both",
          "edgeless": {
            "style": {
              "borderRadius": 8,
              "borderSize": 4,
              "borderStyle": "none",
              "shadowType": "--affine-note-shadow-box"
            }
          }
        },
        "children": [
          {
            "type": "block",
            "id": "TS2wC2DR3AYGErVBGzdoC",
            "flavour": "affine:paragraph",
            "version": 1,
            "props": {
              "type": "h2",
              "text": {
                "$blocksuite:internal:text$": true,
                "delta": [
                  {
                    "insert": "Year: 2024"
                  }
                ]
              }
            },
            "children": []
          },
          {
            "type": "block",
            "id": "69DpV04q-2cjjZ9L5rX6k",
            "flavour": "affine:divider",
            "version": 1,
            "props": {},
            "children": []
          },
          {
            "type": "block",
            "id": "dWNN8j78axMh5IalOH50v",
            "flavour": "affine:paragraph",
            "version": 1,
            "props": {
              "type": "h2",
              "text": {
                "$blocksuite:internal:text$": true,
                "delta": [
                  {
                    "insert": "1. Yearly Overview"
                  }
                ]
              }
            },
            "children": []
          },
          {
            "type": "block",
            "id": "jx5LocRZHRMY7kMN30u5y",
            "flavour": "affine:database",
            "version": 3,
            "props": {
              "views": [
                {
                  "id": "Qc1HmKRI8r",
                  "name": "Table View",
                  "mode": "table",
                  "columns": [],
                  "filter": {
                    "type": "group",
                    "op": "and",
                    "conditions": []
                  },
                  "header": {
                    "titleColumn": "Cj997RKySG",
                    "iconColumn": "type"
                  }
                }
              ],
              "title": {
                "$blocksuite:internal:text$": true,
                "delta": []
              },
              "cells": {
                "ULpcLLrVJOezFOV0q4aew": {
                  "HO1eeCuvi-": {
                    "columnId": "HO1eeCuvi-",
                    "value": {
                      "$blocksuite:internal:text$": true,
                      "delta": [
                        {
                          "insert": "[Insert Goal]"
                        }
                      ]
                    }
                  },
                  "JPcxK1tMjh": {
                    "columnId": "JPcxK1tMjh",
                    "value": {
                      "$blocksuite:internal:text$": true,
                      "delta": [
                        {
                          "insert": "[Insert Event]"
                        }
                      ]
                    }
                  },
                  "eH6TO14mO-": {
                    "columnId": "eH6TO14mO-",
                    "value": {
                      "$blocksuite:internal:text$": true,
                      "delta": [
                        {
                          "insert": "[Insert Deadline]"
                        }
                      ]
                    }
                  }
                },
                "Rl5N7ip2jaeXx1Ai6gQV2": {
                  "HO1eeCuvi-": {
                    "columnId": "HO1eeCuvi-",
                    "value": {
                      "$blocksuite:internal:text$": true,
                      "delta": [
                        {
                          "insert": "[Insert Goal]"
                        }
                      ]
                    }
                  },
                  "JPcxK1tMjh": {
                    "columnId": "JPcxK1tMjh",
                    "value": {
                      "$blocksuite:internal:text$": true,
                      "delta": [
                        {
                          "insert": "[Insert Event]"
                        }
                      ]
                    }
                  },
                  "eH6TO14mO-": {
                    "columnId": "eH6TO14mO-",
                    "value": {
                      "$blocksuite:internal:text$": true,
                      "delta": [
                        {
                          "insert": "[Insert Deadline]"
                        }
                      ]
                    }
                  }
                },
                "fE9TMc1rNTbYGkUbrEThx": {
                  "HO1eeCuvi-": {
                    "columnId": "HO1eeCuvi-",
                    "value": {
                      "$blocksuite:internal:text$": true,
                      "delta": [
                        {
                          "insert": "[Insert Goal]"
                        }
                      ]
                    }
                  },
                  "JPcxK1tMjh": {
                    "columnId": "JPcxK1tMjh",
                    "value": {
                      "$blocksuite:internal:text$": true,
                      "delta": [
                        {
                          "insert": "[Insert Event]"
                        }
                      ]
                    }
                  },
                  "eH6TO14mO-": {
                    "columnId": "eH6TO14mO-",
                    "value": {
                      "$blocksuite:internal:text$": true,
                      "delta": [
                        {
                          "insert": "[Insert Deadline]"
                        }
                      ]
                    }
                  }
                },
                "7emM_bAQSrfTTNwJRCJOG": {
                  "HO1eeCuvi-": {
                    "columnId": "HO1eeCuvi-",
                    "value": {
                      "$blocksuite:internal:text$": true,
                      "delta": [
                        {
                          "insert": "[Insert Goal]"
                        }
                      ]
                    }
                  },
                  "JPcxK1tMjh": {
                    "columnId": "JPcxK1tMjh",
                    "value": {
                      "$blocksuite:internal:text$": true,
                      "delta": [
                        {
                          "insert": "[Insert Event]"
                        }
                      ]
                    }
                  },
                  "eH6TO14mO-": {
                    "columnId": "eH6TO14mO-",
                    "value": {
                      "$blocksuite:internal:text$": true,
                      "delta": [
                        {
                          "insert": "[Insert Deadline]"
                        }
                      ]
                    }
                  }
                },
                "AnJGhCuS1Fd-oXsN1j4k3": {
                  "HO1eeCuvi-": {
                    "columnId": "HO1eeCuvi-",
                    "value": {
                      "$blocksuite:internal:text$": true,
                      "delta": [
                        {
                          "insert": "..."
                        }
                      ]
                    }
                  },
                  "JPcxK1tMjh": {
                    "columnId": "JPcxK1tMjh",
                    "value": {
                      "$blocksuite:internal:text$": true,
                      "delta": [
                        {
                          "insert": "..."
                        }
                      ]
                    }
                  },
                  "eH6TO14mO-": {
                    "columnId": "eH6TO14mO-",
                    "value": {
                      "$blocksuite:internal:text$": true,
                      "delta": [
                        {
                          "insert": "..."
                        }
                      ]
                    }
                  }
                },
                "Pjy2_wZHrUyVnSteFcuFi": {
                  "HO1eeCuvi-": {
                    "columnId": "HO1eeCuvi-",
                    "value": {
                      "$blocksuite:internal:text$": true,
                      "delta": [
                        {
                          "insert": "[Insert Goal]"
                        }
                      ]
                    }
                  },
                  "JPcxK1tMjh": {
                    "columnId": "JPcxK1tMjh",
                    "value": {
                      "$blocksuite:internal:text$": true,
                      "delta": [
                        {
                          "insert": "[Insert Event]"
                        }
                      ]
                    }
                  },
                  "eH6TO14mO-": {
                    "columnId": "eH6TO14mO-",
                    "value": {
                      "$blocksuite:internal:text$": true,
                      "delta": [
                        {
                          "insert": "[Insert Deadline]"
                        }
                      ]
                    }
                  }
                }
              },
              "columns": [
                {
                  "type": "title",
                  "name": "Month",
                  "data": {},
                  "id": "Cj997RKySG"
                },
                {
                  "type": "rich-text",
                  "name": "Major Goals",
                  "data": {},
                  "id": "HO1eeCuvi-"
                },
                {
                  "type": "rich-text",
                  "name": "Key Events",
                  "data": {},
                  "id": "JPcxK1tMjh"
                },
                {
                  "type": "rich-text",
                  "name": "Important Deadlines",
                  "data": {},
                  "id": "eH6TO14mO-"
                }
              ]
            },
            "children": [
              {
                "type": "block",
                "id": "ULpcLLrVJOezFOV0q4aew",
                "flavour": "affine:paragraph",
                "version": 1,
                "props": {
                  "type": "text",
                  "text": {
                    "$blocksuite:internal:text$": true,
                    "delta": [
                      {
                        "insert": "January"
                      }
                    ]
                  }
                },
                "children": []
              },
              {
                "type": "block",
                "id": "Rl5N7ip2jaeXx1Ai6gQV2",
                "flavour": "affine:paragraph",
                "version": 1,
                "props": {
                  "type": "text",
                  "text": {
                    "$blocksuite:internal:text$": true,
                    "delta": [
                      {
                        "insert": "February"
                      }
                    ]
                  }
                },
                "children": []
              },
              {
                "type": "block",
                "id": "fE9TMc1rNTbYGkUbrEThx",
                "flavour": "affine:paragraph",
                "version": 1,
                "props": {
                  "type": "text",
                  "text": {
                    "$blocksuite:internal:text$": true,
                    "delta": [
                      {
                        "insert": "March"
                      }
                    ]
                  }
                },
                "children": []
              },
              {
                "type": "block",
                "id": "7emM_bAQSrfTTNwJRCJOG",
                "flavour": "affine:paragraph",
                "version": 1,
                "props": {
                  "type": "text",
                  "text": {
                    "$blocksuite:internal:text$": true,
                    "delta": [
                      {
                        "insert": "April"
                      }
                    ]
                  }
                },
                "children": []
              },
              {
                "type": "block",
                "id": "AnJGhCuS1Fd-oXsN1j4k3",
                "flavour": "affine:paragraph",
                "version": 1,
                "props": {
                  "type": "text",
                  "text": {
                    "$blocksuite:internal:text$": true,
                    "delta": [
                      {
                        "insert": "..."
                      }
                    ]
                  }
                },
                "children": []
              },
              {
                "type": "block",
                "id": "Pjy2_wZHrUyVnSteFcuFi",
                "flavour": "affine:paragraph",
                "version": 1,
                "props": {
                  "type": "text",
                  "text": {
                    "$blocksuite:internal:text$": true,
                    "delta": [
                      {
                        "insert": "December"
                      }
                    ]
                  }
                },
                "children": []
              }
            ]
          },
          {
            "type": "block",
            "id": "k75cD-Giwp6BrODDBh8jb",
            "flavour": "affine:divider",
            "version": 1,
            "props": {},
            "children": []
          },
          {
            "type": "block",
            "id": "lp-gZ1E3xIuEfadXh6jJZ",
            "flavour": "affine:paragraph",
            "version": 1,
            "props": {
              "type": "h2",
              "text": {
                "$blocksuite:internal:text$": true,
                "delta": [
                  {
                    "insert": "2. Monthly Planning"
                  }
                ]
              }
            },
            "children": []
          },
          {
            "type": "block",
            "id": "RW9fTXrLsqeVsNx8O-5q9",
            "flavour": "affine:paragraph",
            "version": 1,
            "props": {
              "type": "h3",
              "text": {
                "$blocksuite:internal:text$": true,
                "delta": [
                  {
                    "insert": "2.1. Monthly Goals"
                  }
                ]
              }
            },
            "children": []
          },
          {
            "type": "block",
            "id": "mm4qy0AGTUqSN2b0mUaAw",
            "flavour": "affine:database",
            "version": 3,
            "props": {
              "views": [
                {
                  "id": "OtoAaInDcu",
                  "name": "Table View",
                  "mode": "table",
                  "columns": [],
                  "filter": {
                    "type": "group",
                    "op": "and",
                    "conditions": []
                  },
                  "header": {
                    "titleColumn": "XfPbHRA6YV",
                    "iconColumn": "type"
                  }
                }
              ],
              "title": {
                "$blocksuite:internal:text$": true,
                "delta": []
              },
              "cells": {
                "pVx6ziQTr9QV9200nWQc8": {
                  "DgNq5pE5yr": {
                    "columnId": "DgNq5pE5yr",
                    "value": {
                      "$blocksuite:internal:text$": true,
                      "delta": [
                        {
                          "insert": "[Insert Main Goal]"
                        }
                      ]
                    }
                  },
                  "76xpLfPdz3": {
                    "columnId": "76xpLfPdz3",
                    "value": {
                      "$blocksuite:internal:text$": true,
                      "delta": [
                        {
                          "insert": "[Insert Task]"
                        }
                      ]
                    }
                  },
                  "E1hIurOi2R": {
                    "columnId": "E1hIurOi2R",
                    "value": {
                      "$blocksuite:internal:text$": true,
                      "delta": [
                        {
                          "insert": "[Not Started/In Progress/Complete]"
                        }
                      ]
                    }
                  }
                },
                "LYFxvhq1f0u2HpxAQeFC0": {
                  "DgNq5pE5yr": {
                    "columnId": "DgNq5pE5yr",
                    "value": {
                      "$blocksuite:internal:text$": true,
                      "delta": [
                        {
                          "insert": "[Insert Main Goal]"
                        }
                      ]
                    }
                  },
                  "76xpLfPdz3": {
                    "columnId": "76xpLfPdz3",
                    "value": {
                      "$blocksuite:internal:text$": true,
                      "delta": [
                        {
                          "insert": "[Insert Task]"
                        }
                      ]
                    }
                  },
                  "E1hIurOi2R": {
                    "columnId": "E1hIurOi2R",
                    "value": {
                      "$blocksuite:internal:text$": true,
                      "delta": [
                        {
                          "insert": "[Not Started/In Progress/Complete]"
                        }
                      ]
                    }
                  }
                },
                "EYDdR_HTv3lThhcDQbGXD": {
                  "DgNq5pE5yr": {
                    "columnId": "DgNq5pE5yr",
                    "value": {
                      "$blocksuite:internal:text$": true,
                      "delta": [
                        {
                          "insert": "[Insert Main Goal]"
                        }
                      ]
                    }
                  },
                  "76xpLfPdz3": {
                    "columnId": "76xpLfPdz3",
                    "value": {
                      "$blocksuite:internal:text$": true,
                      "delta": [
                        {
                          "insert": "[Insert Task]"
                        }
                      ]
                    }
                  },
                  "E1hIurOi2R": {
                    "columnId": "E1hIurOi2R",
                    "value": {
                      "$blocksuite:internal:text$": true,
                      "delta": [
                        {
                          "insert": "[Not Started/In Progress/Complete]"
                        }
                      ]
                    }
                  }
                },
                "vxEzELMZSAtYnR16Xd9MC": {
                  "DgNq5pE5yr": {
                    "columnId": "DgNq5pE5yr",
                    "value": {
                      "$blocksuite:internal:text$": true,
                      "delta": [
                        {
                          "insert": "..."
                        }
                      ]
                    }
                  },
                  "76xpLfPdz3": {
                    "columnId": "76xpLfPdz3",
                    "value": {
                      "$blocksuite:internal:text$": true,
                      "delta": [
                        {
                          "insert": "..."
                        }
                      ]
                    }
                  },
                  "E1hIurOi2R": {
                    "columnId": "E1hIurOi2R",
                    "value": {
                      "$blocksuite:internal:text$": true,
                      "delta": [
                        {
                          "insert": "..."
                        }
                      ]
                    }
                  }
                }
              },
              "columns": [
                {
                  "type": "title",
                  "name": "Month",
                  "data": {},
                  "id": "XfPbHRA6YV"
                },
                {
                  "type": "rich-text",
                  "name": "Main Goal",
                  "data": {},
                  "id": "DgNq5pE5yr"
                },
                {
                  "type": "rich-text",
                  "name": "Tasks to Complete",
                  "data": {},
                  "id": "76xpLfPdz3"
                },
                {
                  "type": "rich-text",
                  "name": "Progress",
                  "data": {},
                  "id": "E1hIurOi2R"
                }
              ]
            },
            "children": [
              {
                "type": "block",
                "id": "pVx6ziQTr9QV9200nWQc8",
                "flavour": "affine:paragraph",
                "version": 1,
                "props": {
                  "type": "text",
                  "text": {
                    "$blocksuite:internal:text$": true,
                    "delta": [
                      {
                        "insert": "January"
                      }
                    ]
                  }
                },
                "children": []
              },
              {
                "type": "block",
                "id": "LYFxvhq1f0u2HpxAQeFC0",
                "flavour": "affine:paragraph",
                "version": 1,
                "props": {
                  "type": "text",
                  "text": {
                    "$blocksuite:internal:text$": true,
                    "delta": [
                      {
                        "insert": "February"
                      }
                    ]
                  }
                },
                "children": []
              },
              {
                "type": "block",
                "id": "EYDdR_HTv3lThhcDQbGXD",
                "flavour": "affine:paragraph",
                "version": 1,
                "props": {
                  "type": "text",
                  "text": {
                    "$blocksuite:internal:text$": true,
                    "delta": [
                      {
                        "insert": "March"
                      }
                    ]
                  }
                },
                "children": []
              },
              {
                "type": "block",
                "id": "vxEzELMZSAtYnR16Xd9MC",
                "flavour": "affine:paragraph",
                "version": 1,
                "props": {
                  "type": "text",
                  "text": {
                    "$blocksuite:internal:text$": true,
                    "delta": [
                      {
                        "insert": "..."
                      }
                    ]
                  }
                },
                "children": []
              }
            ]
          },
          {
            "type": "block",
            "id": "hMGNpCQqiZhEKBs1Jlhd1",
            "flavour": "affine:paragraph",
            "version": 1,
            "props": {
              "type": "h3",
              "text": {
                "$blocksuite:internal:text$": true,
                "delta": [
                  {
                    "insert": "2.2. Important Dates"
                  }
                ]
              }
            },
            "children": []
          },
          {
            "type": "block",
            "id": "gF9j7R-3D-JjvydzlNuLL",
            "flavour": "affine:list",
            "version": 1,
            "props": {
              "type": "bulleted",
              "text": {
                "$blocksuite:internal:text$": true,
                "delta": [
                  {
                    "insert": "Key Appointments",
                    "attributes": {
                      "bold": true
                    }
                  },
                  {
                    "insert": ": [Insert Date/Appointment]"
                  }
                ]
              },
              "checked": false,
              "collapsed": false,
              "order": null
            },
            "children": []
          },
          {
            "type": "block",
            "id": "vKYX71ic01iqYkWlV9QWO",
            "flavour": "affine:list",
            "version": 1,
            "props": {
              "type": "bulleted",
              "text": {
                "$blocksuite:internal:text$": true,
                "delta": [
                  {
                    "insert": "Deadlines",
                    "attributes": {
                      "bold": true
                    }
                  },
                  {
                    "insert": ": [Insert Date/Deadline]"
                  }
                ]
              },
              "checked": false,
              "collapsed": false,
              "order": null
            },
            "children": []
          },
          {
            "type": "block",
            "id": "t8abR6ZAgdxLH-nZf-BtA",
            "flavour": "affine:list",
            "version": 1,
            "props": {
              "type": "bulleted",
              "text": {
                "$blocksuite:internal:text$": true,
                "delta": [
                  {
                    "insert": "Events",
                    "attributes": {
                      "bold": true
                    }
                  },
                  {
                    "insert": ": [Insert Date/Event]"
                  }
                ]
              },
              "checked": false,
              "collapsed": false,
              "order": null
            },
            "children": []
          },
          {
            "type": "block",
            "id": "n7M5B4ch8EUnqZPhjsO9f",
            "flavour": "affine:divider",
            "version": 1,
            "props": {},
            "children": []
          },
          {
            "type": "block",
            "id": "z8NIFygJQqvomDiQKDOem",
            "flavour": "affine:paragraph",
            "version": 1,
            "props": {
              "type": "h2",
              "text": {
                "$blocksuite:internal:text$": true,
                "delta": [
                  {
                    "insert": "3. Weekly Planning"
                  }
                ]
              }
            },
            "children": []
          },
          {
            "type": "block",
            "id": "Vb3DASH_t3_tevW-mJqX0",
            "flavour": "affine:paragraph",
            "version": 1,
            "props": {
              "type": "h3",
              "text": {
                "$blocksuite:internal:text$": true,
                "delta": [
                  {
                    "insert": "3.1. Weekly Breakdown"
                  }
                ]
              }
            },
            "children": []
          },
          {
            "type": "block",
            "id": "w_RF74fITopjKYXlBN-vw",
            "flavour": "affine:database",
            "version": 3,
            "props": {
              "views": [
                {
                  "id": "xXL-tvXAeI",
                  "name": "Table View",
                  "mode": "table",
                  "columns": [],
                  "filter": {
                    "type": "group",
                    "op": "and",
                    "conditions": []
                  },
                  "header": {
                    "titleColumn": "aimCFtv3gT",
                    "iconColumn": "type"
                  }
                }
              ],
              "title": {
                "$blocksuite:internal:text$": true,
                "delta": []
              },
              "cells": {
                "q80hWjiZ-GHpLUKFOIOyL": {
                  "vuwnmlubK6": {
                    "columnId": "vuwnmlubK6",
                    "value": {
                      "$blocksuite:internal:text$": true,
                      "delta": [
                        {
                          "insert": "[Insert Focus]"
                        }
                      ]
                    }
                  },
                  "1m8TT3rxWp": {
                    "columnId": "1m8TT3rxWp",
                    "value": {
                      "$blocksuite:internal:text$": true,
                      "delta": [
                        {
                          "insert": "[Insert Task]"
                        }
                      ]
                    }
                  },
                  "sGG4qdk_Tm": {
                    "columnId": "sGG4qdk_Tm",
                    "value": {
                      "$blocksuite:internal:text$": true,
                      "delta": [
                        {
                          "insert": "[Not Started/In Progress/Complete]"
                        }
                      ]
                    }
                  }
                },
                "hUdxG4NgHhGdVYKH5LG5O": {
                  "vuwnmlubK6": {
                    "columnId": "vuwnmlubK6",
                    "value": {
                      "$blocksuite:internal:text$": true,
                      "delta": [
                        {
                          "insert": "[Insert Focus]"
                        }
                      ]
                    }
                  },
                  "1m8TT3rxWp": {
                    "columnId": "1m8TT3rxWp",
                    "value": {
                      "$blocksuite:internal:text$": true,
                      "delta": [
                        {
                          "insert": "[Insert Task]"
                        }
                      ]
                    }
                  },
                  "sGG4qdk_Tm": {
                    "columnId": "sGG4qdk_Tm",
                    "value": {
                      "$blocksuite:internal:text$": true,
                      "delta": [
                        {
                          "insert": "[Not Started/In Progress/Complete]"
                        }
                      ]
                    }
                  }
                },
                "ARPw0wLWO73CG_IXZhf8t": {
                  "vuwnmlubK6": {
                    "columnId": "vuwnmlubK6",
                    "value": {
                      "$blocksuite:internal:text$": true,
                      "delta": [
                        {
                          "insert": "[Insert Focus]"
                        }
                      ]
                    }
                  },
                  "1m8TT3rxWp": {
                    "columnId": "1m8TT3rxWp",
                    "value": {
                      "$blocksuite:internal:text$": true,
                      "delta": [
                        {
                          "insert": "[Insert Task]"
                        }
                      ]
                    }
                  },
                  "sGG4qdk_Tm": {
                    "columnId": "sGG4qdk_Tm",
                    "value": {
                      "$blocksuite:internal:text$": true,
                      "delta": [
                        {
                          "insert": "[Not Started/In Progress/Complete]"
                        }
                      ]
                    }
                  }
                },
                "QGeetPFEGlJ4jT72wn2Cm": {
                  "vuwnmlubK6": {
                    "columnId": "vuwnmlubK6",
                    "value": {
                      "$blocksuite:internal:text$": true,
                      "delta": [
                        {
                          "insert": "..."
                        }
                      ]
                    }
                  },
                  "1m8TT3rxWp": {
                    "columnId": "1m8TT3rxWp",
                    "value": {
                      "$blocksuite:internal:text$": true,
                      "delta": [
                        {
                          "insert": "..."
                        }
                      ]
                    }
                  },
                  "sGG4qdk_Tm": {
                    "columnId": "sGG4qdk_Tm",
                    "value": {
                      "$blocksuite:internal:text$": true,
                      "delta": [
                        {
                          "insert": "..."
                        }
                      ]
                    }
                  }
                }
              },
              "columns": [
                {
                  "type": "title",
                  "name": "Week Number",
                  "data": {},
                  "id": "aimCFtv3gT"
                },
                {
                  "type": "rich-text",
                  "name": "Main Focus",
                  "data": {},
                  "id": "vuwnmlubK6"
                },
                {
                  "type": "rich-text",
                  "name": "Key Tasks",
                  "data": {},
                  "id": "1m8TT3rxWp"
                },
                {
                  "type": "rich-text",
                  "name": "Progress",
                  "data": {},
                  "id": "sGG4qdk_Tm"
                }
              ]
            },
            "children": [
              {
                "type": "block",
                "id": "q80hWjiZ-GHpLUKFOIOyL",
                "flavour": "affine:paragraph",
                "version": 1,
                "props": {
                  "type": "text",
                  "text": {
                    "$blocksuite:internal:text$": true,
                    "delta": [
                      {
                        "insert": "Week 1"
                      }
                    ]
                  }
                },
                "children": []
              },
              {
                "type": "block",
                "id": "hUdxG4NgHhGdVYKH5LG5O",
                "flavour": "affine:paragraph",
                "version": 1,
                "props": {
                  "type": "text",
                  "text": {
                    "$blocksuite:internal:text$": true,
                    "delta": [
                      {
                        "insert": "Week 2"
                      }
                    ]
                  }
                },
                "children": []
              },
              {
                "type": "block",
                "id": "ARPw0wLWO73CG_IXZhf8t",
                "flavour": "affine:paragraph",
                "version": 1,
                "props": {
                  "type": "text",
                  "text": {
                    "$blocksuite:internal:text$": true,
                    "delta": [
                      {
                        "insert": "Week 3"
                      }
                    ]
                  }
                },
                "children": []
              },
              {
                "type": "block",
                "id": "QGeetPFEGlJ4jT72wn2Cm",
                "flavour": "affine:paragraph",
                "version": 1,
                "props": {
                  "type": "text",
                  "text": {
                    "$blocksuite:internal:text$": true,
                    "delta": [
                      {
                        "insert": "..."
                      }
                    ]
                  }
                },
                "children": []
              }
            ]
          },
          {
            "type": "block",
            "id": "HqdKBYPnUd6ORILbMFWZG",
            "flavour": "affine:paragraph",
            "version": 1,
            "props": {
              "type": "h3",
              "text": {
                "$blocksuite:internal:text$": true,
                "delta": [
                  {
                    "insert": "3.2. Task Prioritization"
                  }
                ]
              }
            },
            "children": []
          },
          {
            "type": "block",
            "id": "2QtbToBBnprJgPVGRMEx_",
            "flavour": "affine:list",
            "version": 1,
            "props": {
              "type": "bulleted",
              "text": {
                "$blocksuite:internal:text$": true,
                "delta": [
                  {
                    "insert": "High Priority Tasks",
                    "attributes": {
                      "bold": true
                    }
                  },
                  {
                    "insert": ": [Insert High Priority Task]"
                  }
                ]
              },
              "checked": false,
              "collapsed": false,
              "order": null
            },
            "children": []
          },
          {
            "type": "block",
            "id": "41hH6ffZRALNnHuDInCIL",
            "flavour": "affine:list",
            "version": 1,
            "props": {
              "type": "bulleted",
              "text": {
                "$blocksuite:internal:text$": true,
                "delta": [
                  {
                    "insert": "Medium Priority Tasks",
                    "attributes": {
                      "bold": true
                    }
                  },
                  {
                    "insert": ": [Insert Medium Priority Task]"
                  }
                ]
              },
              "checked": false,
              "collapsed": false,
              "order": null
            },
            "children": []
          },
          {
            "type": "block",
            "id": "JiZ0AQQ3KeoJy02yloU9p",
            "flavour": "affine:list",
            "version": 1,
            "props": {
              "type": "bulleted",
              "text": {
                "$blocksuite:internal:text$": true,
                "delta": [
                  {
                    "insert": "Low Priority Tasks",
                    "attributes": {
                      "bold": true
                    }
                  },
                  {
                    "insert": ": [Insert Low Priority Task]"
                  }
                ]
              },
              "checked": false,
              "collapsed": false,
              "order": null
            },
            "children": []
          },
          {
            "type": "block",
            "id": "6V044O2xW_0qJ7mL8cdsK",
            "flavour": "affine:divider",
            "version": 1,
            "props": {},
            "children": []
          },
          {
            "type": "block",
            "id": "lI37OThEEEbqlnrCo-i9B",
            "flavour": "affine:paragraph",
            "version": 1,
            "props": {
              "type": "h2",
              "text": {
                "$blocksuite:internal:text$": true,
                "delta": [
                  {
                    "insert": "4. Quarterly Review"
                  }
                ]
              }
            },
            "children": []
          },
          {
            "type": "block",
            "id": "fogAwdoE_rKZvEDurF8EK",
            "flavour": "affine:paragraph",
            "version": 1,
            "props": {
              "type": "h3",
              "text": {
                "$blocksuite:internal:text$": true,
                "delta": [
                  {
                    "insert": "4.1. Review Progress"
                  }
                ]
              }
            },
            "children": []
          },
          {
            "type": "block",
            "id": "hetCviouIjA_TMst6_Urt",
            "flavour": "affine:database",
            "version": 3,
            "props": {
              "views": [
                {
                  "id": "gSpBXcH09U",
                  "name": "Table View",
                  "mode": "table",
                  "columns": [],
                  "filter": {
                    "type": "group",
                    "op": "and",
                    "conditions": []
                  },
                  "header": {
                    "titleColumn": "q6LnjHIPE5",
                    "iconColumn": "type"
                  }
                }
              ],
              "title": {
                "$blocksuite:internal:text$": true,
                "delta": []
              },
              "cells": {
                "Yqr4BwD7Tvl7xkbKu8asp": {
                  "fEkFtnQ23U": {
                    "columnId": "fEkFtnQ23U",
                    "value": {
                      "$blocksuite:internal:text$": true,
                      "delta": [
                        {
                          "insert": "[Insert Achievement]"
                        }
                      ]
                    }
                  },
                  "2Q-SEEJJTT": {
                    "columnId": "2Q-SEEJJTT",
                    "value": {
                      "$blocksuite:internal:text$": true,
                      "delta": [
                        {
                          "insert": "[Insert Challenge]"
                        }
                      ]
                    }
                  },
                  "rG2G9fhUyC": {
                    "columnId": "rG2G9fhUyC",
                    "value": {
                      "$blocksuite:internal:text$": true,
                      "delta": [
                        {
                          "insert": "[Insert Adjustment]"
                        }
                      ]
                    }
                  }
                },
                "u4l8pmLh5Y7x-yOHcjaza": {
                  "fEkFtnQ23U": {
                    "columnId": "fEkFtnQ23U",
                    "value": {
                      "$blocksuite:internal:text$": true,
                      "delta": [
                        {
                          "insert": "[Insert Achievement]"
                        }
                      ]
                    }
                  },
                  "2Q-SEEJJTT": {
                    "columnId": "2Q-SEEJJTT",
                    "value": {
                      "$blocksuite:internal:text$": true,
                      "delta": [
                        {
                          "insert": "[Insert Challenge]"
                        }
                      ]
                    }
                  },
                  "rG2G9fhUyC": {
                    "columnId": "rG2G9fhUyC",
                    "value": {
                      "$blocksuite:internal:text$": true,
                      "delta": [
                        {
                          "insert": "[Insert Adjustment]"
                        }
                      ]
                    }
                  }
                },
                "JrOe_N1uYMv58ejAbyRcB": {
                  "fEkFtnQ23U": {
                    "columnId": "fEkFtnQ23U",
                    "value": {
                      "$blocksuite:internal:text$": true,
                      "delta": [
                        {
                          "insert": "[Insert Achievement]"
                        }
                      ]
                    }
                  },
                  "2Q-SEEJJTT": {
                    "columnId": "2Q-SEEJJTT",
                    "value": {
                      "$blocksuite:internal:text$": true,
                      "delta": [
                        {
                          "insert": "[Insert Challenge]"
                        }
                      ]
                    }
                  },
                  "rG2G9fhUyC": {
                    "columnId": "rG2G9fhUyC",
                    "value": {
                      "$blocksuite:internal:text$": true,
                      "delta": [
                        {
                          "insert": "[Insert Adjustment]"
                        }
                      ]
                    }
                  }
                },
                "TT7Gt67CnUoQhuwWPc6Mh": {
                  "fEkFtnQ23U": {
                    "columnId": "fEkFtnQ23U",
                    "value": {
                      "$blocksuite:internal:text$": true,
                      "delta": [
                        {
                          "insert": "[Insert Achievement]"
                        }
                      ]
                    }
                  },
                  "2Q-SEEJJTT": {
                    "columnId": "2Q-SEEJJTT",
                    "value": {
                      "$blocksuite:internal:text$": true,
                      "delta": [
                        {
                          "insert": "[Insert Challenge]"
                        }
                      ]
                    }
                  },
                  "rG2G9fhUyC": {
                    "columnId": "rG2G9fhUyC",
                    "value": {
                      "$blocksuite:internal:text$": true,
                      "delta": [
                        {
                          "insert": "[Insert Adjustment]"
                        }
                      ]
                    }
                  }
                }
              },
              "columns": [
                {
                  "type": "title",
                  "name": "Quarter",
                  "data": {},
                  "id": "q6LnjHIPE5"
                },
                {
                  "type": "rich-text",
                  "name": "Goals Achieved",
                  "data": {},
                  "id": "fEkFtnQ23U"
                },
                {
                  "type": "rich-text",
                  "name": "Challenges Faced",
                  "data": {},
                  "id": "2Q-SEEJJTT"
                },
                {
                  "type": "rich-text",
                  "name": "Adjustments for Next Quarter",
                  "data": {},
                  "id": "rG2G9fhUyC"
                }
              ]
            },
            "children": [
              {
                "type": "block",
                "id": "Yqr4BwD7Tvl7xkbKu8asp",
                "flavour": "affine:paragraph",
                "version": 1,
                "props": {
                  "type": "text",
                  "text": {
                    "$blocksuite:internal:text$": true,
                    "delta": [
                      {
                        "insert": "Q1"
                      }
                    ]
                  }
                },
                "children": []
              },
              {
                "type": "block",
                "id": "u4l8pmLh5Y7x-yOHcjaza",
                "flavour": "affine:paragraph",
                "version": 1,
                "props": {
                  "type": "text",
                  "text": {
                    "$blocksuite:internal:text$": true,
                    "delta": [
                      {
                        "insert": "Q2"
                      }
                    ]
                  }
                },
                "children": []
              },
              {
                "type": "block",
                "id": "JrOe_N1uYMv58ejAbyRcB",
                "flavour": "affine:paragraph",
                "version": 1,
                "props": {
                  "type": "text",
                  "text": {
                    "$blocksuite:internal:text$": true,
                    "delta": [
                      {
                        "insert": "Q3"
                      }
                    ]
                  }
                },
                "children": []
              },
              {
                "type": "block",
                "id": "TT7Gt67CnUoQhuwWPc6Mh",
                "flavour": "affine:paragraph",
                "version": 1,
                "props": {
                  "type": "text",
                  "text": {
                    "$blocksuite:internal:text$": true,
                    "delta": [
                      {
                        "insert": "Q4"
                      }
                    ]
                  }
                },
                "children": []
              }
            ]
          },
          {
            "type": "block",
            "id": "-o_Ux6d65Bjs3tDxkgCGl",
            "flavour": "affine:divider",
            "version": 1,
            "props": {},
            "children": []
          },
          {
            "type": "block",
            "id": "RdsmJAZ7uKjUGJInR3kqb",
            "flavour": "affine:paragraph",
            "version": 1,
            "props": {
              "type": "h2",
              "text": {
                "$blocksuite:internal:text$": true,
                "delta": [
                  {
                    "insert": "5. Yearly Reflection"
                  }
                ]
              }
            },
            "children": []
          },
          {
            "type": "block",
            "id": "gj6xSw4iTUaRbb1CjiYjT",
            "flavour": "affine:paragraph",
            "version": 1,
            "props": {
              "type": "h3",
              "text": {
                "$blocksuite:internal:text$": true,
                "delta": [
                  {
                    "insert": "5.1. Year-End Review"
                  }
                ]
              }
            },
            "children": []
          },
          {
            "type": "block",
            "id": "1KicHDFCGcKn1EMpbDOyV",
            "flavour": "affine:list",
            "version": 1,
            "props": {
              "type": "bulleted",
              "text": {
                "$blocksuite:internal:text$": true,
                "delta": [
                  {
                    "insert": "Accomplishments",
                    "attributes": {
                      "bold": true
                    }
                  },
                  {
                    "insert": ": [Insert Accomplishments]"
                  }
                ]
              },
              "checked": false,
              "collapsed": false,
              "order": null
            },
            "children": []
          },
          {
            "type": "block",
            "id": "rxRJixxQwtco0_UZE-iUa",
            "flavour": "affine:list",
            "version": 1,
            "props": {
              "type": "bulleted",
              "text": {
                "$blocksuite:internal:text$": true,
                "delta": [
                  {
                    "insert": "Areas for Improvement",
                    "attributes": {
                      "bold": true
                    }
                  },
                  {
                    "insert": ": [Insert Areas for Improvement]"
                  }
                ]
              },
              "checked": false,
              "collapsed": false,
              "order": null
            },
            "children": []
          },
          {
            "type": "block",
            "id": "ixahVjURQydSkl9n-ap-W",
            "flavour": "affine:list",
            "version": 1,
            "props": {
              "type": "bulleted",
              "text": {
                "$blocksuite:internal:text$": true,
                "delta": [
                  {
                    "insert": "Goals for Next Year",
                    "attributes": {
                      "bold": true
                    }
                  },
                  {
                    "insert": ": [Insert New Year Goals]"
                  }
                ]
              },
              "checked": false,
              "collapsed": false,
              "order": null
            },
            "children": []
          },
          {
            "type": "block",
            "id": "c58HAY5O2fPd5oxnL1s6s",
            "flavour": "affine:divider",
            "version": 1,
            "props": {},
            "children": []
          },
          {
            "type": "block",
            "id": "CiFqdLdtYVyixgXmE2Ibf",
            "flavour": "affine:paragraph",
            "version": 1,
            "props": {
              "type": "h2",
              "text": {
                "$blocksuite:internal:text$": true,
                "delta": [
                  {
                    "insert": "6. Notes and Ideas"
                  }
                ]
              }
            },
            "children": []
          },
          {
            "type": "block",
            "id": "cQz9Ea8w_WpRt2Rzkw23N",
            "flavour": "affine:list",
            "version": 1,
            "props": {
              "type": "bulleted",
              "text": {
                "$blocksuite:internal:text$": true,
                "delta": [
                  {
                    "insert": "Use this section to jot down any extra thoughts, creative ideas, or reminders throughout the year."
                  }
                ]
              },
              "checked": false,
              "collapsed": false,
              "order": null
            },
            "children": []
          },
          {
            "type": "block",
            "id": "7EUIDm734g50SBIWb5lo5",
            "flavour": "affine:divider",
            "version": 1,
            "props": {},
            "children": []
          }
        ]
      }
    ]
  }
}