{
  "type": "page",
  "meta": {
    "id": "IFChSfCIWBb-J9KbnXMgg",
    "title": "Reading Log",
    "createDate": 1728285762179,
    "tags": []
  },
  "blocks": {
    "type": "block",
    "id": "GSbvV2odeaNUHScSEDpUk",
    "flavour": "affine:page",
    "version": 2,
    "props": {
      "title": {
        "$blocksuite:internal:text$": true,
        "delta": [
          {
            "insert": "Reading Log"
          }
        ]
      }
    },
    "children": [
      {
        "type": "block",
        "id": "7zKZECMZOShRpJf-R-m_-",
        "flavour": "affine:surface",
        "version": 5,
        "props": {
          "elements": {}
        },
        "children": []
      },
      {
        "type": "block",
        "id": "910ivd1PB-6R4u47I-s7S",
        "flavour": "affine:note",
        "version": 1,
        "props": {
          "xywh": "[0,0,800,95]",
          "background": "--affine-note-background-white",
          "index": "a0",
          "hidden": false,
          "displayMode": "both",
          "edgeless": {
            "style": {
              "borderRadius": 8,
              "borderSize": 4,
              "borderStyle": "none",
              "shadowType": "--affine-note-shadow-box"
            }
          }
        },
        "children": [
          {
            "type": "block",
            "id": "7fakfo_MSRNWxDQR6Hin4",
            "flavour": "affine:paragraph",
            "version": 1,
            "props": {
              "type": "h2",
              "text": {
                "$blocksuite:internal:text$": true,
                "delta": [
                  {
                    "insert": "1. Basic Information"
                  }
                ]
              }
            },
            "children": []
          },
          {
            "type": "block",
            "id": "uIgtwi4Qw7E3jJAPAAGTL",
            "flavour": "affine:database",
            "version": 3,
            "props": {
              "views": [
                {
                  "id": "e86e95r179",
                  "name": "Table View",
                  "mode": "table",
                  "columns": [],
                  "filter": {
                    "type": "group",
                    "op": "and",
                    "conditions": []
                  },
                  "header": {
                    "titleColumn": "HgCAJHSdW_",
                    "iconColumn": "type"
                  }
                }
              ],
              "title": {
                "$blocksuite:internal:text$": true,
                "delta": []
              },
              "cells": {
                "ZPCoU3nf6Qy-M_ix8601F": {
                  "L9lcykBY29": {
                    "columnId": "L9lcykBY29",
                    "value": {
                      "$blocksuite:internal:text$": true,
                      "delta": [
                        {
                          "insert": "[Insert Date]"
                        }
                      ]
                    }
                  },
                  "VrWB3SCqm-": {
                    "columnId": "VrWB3SCqm-",
                    "value": {
                      "$blocksuite:internal:text$": true,
                      "delta": [
                        {
                          "insert": "[Insert Book Title]"
                        }
                      ]
                    }
                  },
                  "PYi3j6yW4R": {
                    "columnId": "PYi3j6yW4R",
                    "value": {
                      "$blocksuite:internal:text$": true,
                      "delta": [
                        {
                          "insert": "[Insert Author]"
                        }
                      ]
                    }
                  },
                  "eriDYPxGN9": {
                    "columnId": "eriDYPxGN9",
                    "value": {
                      "$blocksuite:internal:text$": true,
                      "delta": [
                        {
                          "insert": "[Insert Genre]"
                        }
                      ]
                    }
                  },
                  "Se3qAUWlUH": {
                    "columnId": "Se3qAUWlUH",
                    "value": {
                      "$blocksuite:internal:text$": true,
                      "delta": [
                        {
                          "insert": "[Insert Pages]"
                        }
                      ]
                    }
                  }
                }
              },
              "columns": [
                {
                  "type": "title",
                  "name": "Date Started",
                  "data": {},
                  "id": "HgCAJHSdW_"
                },
                {
                  "type": "rich-text",
                  "name": "Date Finished",
                  "data": {},
                  "id": "L9lcykBY29"
                },
                {
                  "type": "rich-text",
                  "name": "Book Title",
                  "data": {},
                  "id": "VrWB3SCqm-"
                },
                {
                  "type": "rich-text",
                  "name": "Author",
                  "data": {},
                  "id": "PYi3j6yW4R"
                },
                {
                  "type": "rich-text",
                  "name": "Genre",
                  "data": {},
                  "id": "eriDYPxGN9"
                },
                {
                  "type": "rich-text",
                  "name": "Pages",
                  "data": {},
                  "id": "Se3qAUWlUH"
                }
              ]
            },
            "children": [
              {
                "type": "block",
                "id": "ZPCoU3nf6Qy-M_ix8601F",
                "flavour": "affine:paragraph",
                "version": 1,
                "props": {
                  "type": "text",
                  "text": {
                    "$blocksuite:internal:text$": true,
                    "delta": [
                      {
                        "insert": "[Insert Date]"
                      }
                    ]
                  }
                },
                "children": []
              }
            ]
          },
          {
            "type": "block",
            "id": "bEWdeqiwIhVi2Xjn-h-0i",
            "flavour": "affine:divider",
            "version": 1,
            "props": {},
            "children": []
          },
          {
            "type": "block",
            "id": "8HAOIKaxtYPjttU-Og_hP",
            "flavour": "affine:paragraph",
            "version": 1,
            "props": {
              "type": "h2",
              "text": {
                "$blocksuite:internal:text$": true,
                "delta": [
                  {
                    "insert": "2. Reading Progress"
                  }
                ]
              }
            },
            "children": []
          },
          {
            "type": "block",
            "id": "-fQofpe91Lb6KXyGfideL",
            "flavour": "affine:database",
            "version": 3,
            "props": {
              "views": [
                {
                  "id": "D-8u9FTAN_",
                  "name": "Table View",
                  "mode": "table",
                  "columns": [],
                  "filter": {
                    "type": "group",
                    "op": "and",
                    "conditions": []
                  },
                  "header": {
                    "titleColumn": "CCQYRf90RI",
                    "iconColumn": "type"
                  }
                }
              ],
              "title": {
                "$blocksuite:internal:text$": true,
                "delta": []
              },
              "cells": {
                "ZX9RF2b79rS0FUCs5QAI3": {
                  "RzPT0z0yTQ": {
                    "columnId": "RzPT0z0yTQ",
                    "value": {
                      "$blocksuite:internal:text$": true,
                      "delta": [
                        {
                          "insert": "[Insert Pages]"
                        }
                      ]
                    }
                  },
                  "Qu5f4b3VxC": {
                    "columnId": "Qu5f4b3VxC",
                    "value": {
                      "$blocksuite:internal:text$": true,
                      "delta": [
                        {
                          "insert": "[Insert Time]"
                        }
                      ]
                    }
                  },
                  "3ECdT5hIpe": {
                    "columnId": "3ECdT5hIpe",
                    "value": {
                      "$blocksuite:internal:text$": true,
                      "delta": [
                        {
                          "insert": "[Insert Notes]"
                        }
                      ]
                    }
                  }
                },
                "fyrrh2lIY8reLcl5QP7xj": {
                  "RzPT0z0yTQ": {
                    "columnId": "RzPT0z0yTQ",
                    "value": {
                      "$blocksuite:internal:text$": true,
                      "delta": [
                        {
                          "insert": "[Insert Pages]"
                        }
                      ]
                    }
                  },
                  "Qu5f4b3VxC": {
                    "columnId": "Qu5f4b3VxC",
                    "value": {
                      "$blocksuite:internal:text$": true,
                      "delta": [
                        {
                          "insert": "[Insert Time]"
                        }
                      ]
                    }
                  },
                  "3ECdT5hIpe": {
                    "columnId": "3ECdT5hIpe",
                    "value": {
                      "$blocksuite:internal:text$": true,
                      "delta": [
                        {
                          "insert": "[Insert Notes]"
                        }
                      ]
                    }
                  }
                }
              },
              "columns": [
                {
                  "type": "title",
                  "name": "Date",
                  "data": {},
                  "id": "CCQYRf90RI"
                },
                {
                  "type": "rich-text",
                  "name": "Pages Read",
                  "data": {},
                  "id": "RzPT0z0yTQ"
                },
                {
                  "type": "rich-text",
                  "name": "Time Spent (Hours/Minutes)",
                  "data": {},
                  "id": "Qu5f4b3VxC"
                },
                {
                  "type": "rich-text",
                  "name": "Notes/Thoughts",
                  "data": {},
                  "id": "3ECdT5hIpe"
                }
              ]
            },
            "children": [
              {
                "type": "block",
                "id": "ZX9RF2b79rS0FUCs5QAI3",
                "flavour": "affine:paragraph",
                "version": 1,
                "props": {
                  "type": "text",
                  "text": {
                    "$blocksuite:internal:text$": true,
                    "delta": [
                      {
                        "insert": "[Insert Date]"
                      }
                    ]
                  }
                },
                "children": []
              },
              {
                "type": "block",
                "id": "fyrrh2lIY8reLcl5QP7xj",
                "flavour": "affine:paragraph",
                "version": 1,
                "props": {
                  "type": "text",
                  "text": {
                    "$blocksuite:internal:text$": true,
                    "delta": [
                      {
                        "insert": "[Insert Date]"
                      }
                    ]
                  }
                },
                "children": []
              }
            ]
          },
          {
            "type": "block",
            "id": "w9uLAkzME5APj_ia3qOkK",
            "flavour": "affine:divider",
            "version": 1,
            "props": {},
            "children": []
          },
          {
            "type": "block",
            "id": "00zX5p19Zk3zjaSy3sqDD",
            "flavour": "affine:paragraph",
            "version": 1,
            "props": {
              "type": "h2",
              "text": {
                "$blocksuite:internal:text$": true,
                "delta": [
                  {
                    "insert": "3. Book Reflection"
                  }
                ]
              }
            },
            "children": []
          },
          {
            "type": "block",
            "id": "iDZvKAjiWF4JSD4tenMYu",
            "flavour": "affine:paragraph",
            "version": 1,
            "props": {
              "type": "h3",
              "text": {
                "$blocksuite:internal:text$": true,
                "delta": [
                  {
                    "insert": "Summary:"
                  }
                ]
              }
            },
            "children": []
          },
          {
            "type": "block",
            "id": "Hpoa3QLRD_S9K16aOuNyg",
            "flavour": "affine:paragraph",
            "version": 1,
            "props": {
              "type": "text",
              "text": {
                "$blocksuite:internal:text$": true,
                "delta": [
                  {
                    "insert": "[Insert a brief summary of the book's plot or main points.]"
                  }
                ]
              }
            },
            "children": []
          },
          {
            "type": "block",
            "id": "TJDmEgg6XKpW9qU8WKZlL",
            "flavour": "affine:divider",
            "version": 1,
            "props": {},
            "children": []
          },
          {
            "type": "block",
            "id": "qGW7RrwktrDPo8sH7Wt7c",
            "flavour": "affine:paragraph",
            "version": 1,
            "props": {
              "type": "h3",
              "text": {
                "$blocksuite:internal:text$": true,
                "delta": [
                  {
                    "insert": "Key Takeaways:"
                  }
                ]
              }
            },
            "children": []
          },
          {
            "type": "block",
            "id": "r76mG1jwdACRPrt9UiygO",
            "flavour": "affine:list",
            "version": 1,
            "props": {
              "type": "bulleted",
              "text": {
                "$blocksuite:internal:text$": true,
                "delta": [
                  {
                    "insert": "Takeaway 1",
                    "attributes": {
                      "bold": true
                    }
                  },
                  {
                    "insert": ": [Insert main idea or lesson]"
                  }
                ]
              },
              "checked": false,
              "collapsed": false,
              "order": null
            },
            "children": []
          },
          {
            "type": "block",
            "id": "lG6NyNbA3jfcJWwGXUkFE",
            "flavour": "affine:list",
            "version": 1,
            "props": {
              "type": "bulleted",
              "text": {
                "$blocksuite:internal:text$": true,
                "delta": [
                  {
                    "insert": "Takeaway 2",
                    "attributes": {
                      "bold": true
                    }
                  },
                  {
                    "insert": ": [Insert main idea or lesson]"
                  }
                ]
              },
              "checked": false,
              "collapsed": false,
              "order": null
            },
            "children": []
          },
          {
            "type": "block",
            "id": "0klVEOfu_LZTAO1GhXva3",
            "flavour": "affine:list",
            "version": 1,
            "props": {
              "type": "bulleted",
              "text": {
                "$blocksuite:internal:text$": true,
                "delta": [
                  {
                    "insert": "Takeaway 3",
                    "attributes": {
                      "bold": true
                    }
                  },
                  {
                    "insert": ": [Insert main idea or lesson]"
                  }
                ]
              },
              "checked": false,
              "collapsed": false,
              "order": null
            },
            "children": []
          },
          {
            "type": "block",
            "id": "AITbBnSQ9GJbD_1-VJKW5",
            "flavour": "affine:divider",
            "version": 1,
            "props": {},
            "children": []
          },
          {
            "type": "block",
            "id": "RLsK4PYVlnchNek4c75ls",
            "flavour": "affine:paragraph",
            "version": 1,
            "props": {
              "type": "h3",
              "text": {
                "$blocksuite:internal:text$": true,
                "delta": [
                  {
                    "insert": "Favorite Quotes:"
                  }
                ]
              }
            },
            "children": []
          },
          {
            "type": "block",
            "id": "KvntvC5PjreSjiXx3ogdv",
            "flavour": "affine:list",
            "version": 1,
            "props": {
              "type": "bulleted",
              "text": {
                "$blocksuite:internal:text$": true,
                "delta": [
                  {
                    "insert": "Quote 1",
                    "attributes": {
                      "bold": true
                    }
                  },
                  {
                    "insert": ": \"[Insert favorite quote from the book]\""
                  }
                ]
              },
              "checked": false,
              "collapsed": false,
              "order": null
            },
            "children": []
          },
          {
            "type": "block",
            "id": "BWk1Zwgn8BkMwhHafW7vw",
            "flavour": "affine:list",
            "version": 1,
            "props": {
              "type": "bulleted",
              "text": {
                "$blocksuite:internal:text$": true,
                "delta": [
                  {
                    "insert": "Quote 2",
                    "attributes": {
                      "bold": true
                    }
                  },
                  {
                    "insert": ": \"[Insert favorite quote from the book]\""
                  }
                ]
              },
              "checked": false,
              "collapsed": false,
              "order": null
            },
            "children": []
          },
          {
            "type": "block",
            "id": "lSF_Kuv76QRGxMFEcV9Wp",
            "flavour": "affine:divider",
            "version": 1,
            "props": {},
            "children": []
          },
          {
            "type": "block",
            "id": "Rlvl9vRpJZykd9mRGH8lQ",
            "flavour": "affine:paragraph",
            "version": 1,
            "props": {
              "type": "h3",
              "text": {
                "$blocksuite:internal:text$": true,
                "delta": [
                  {
                    "insert": "Rating:"
                  }
                ]
              }
            },
            "children": []
          },
          {
            "type": "block",
            "id": "58vCDbsZjafdv-JyREYAI",
            "flavour": "affine:list",
            "version": 1,
            "props": {
              "type": "bulleted",
              "text": {
                "$blocksuite:internal:text$": true,
                "delta": [
                  {
                    "insert": "Overall Rating",
                    "attributes": {
                      "bold": true
                    }
                  },
                  {
                    "insert": ": [Insert rating out of 5 stars]"
                  }
                ]
              },
              "checked": false,
              "collapsed": false,
              "order": null
            },
            "children": []
          },
          {
            "type": "block",
            "id": "oG4o1Z-c_OpSYTiVyK9lz",
            "flavour": "affine:list",
            "version": 1,
            "props": {
              "type": "bulleted",
              "text": {
                "$blocksuite:internal:text$": true,
                "delta": [
                  {
                    "insert": "Writing Style",
                    "attributes": {
                      "bold": true
                    }
                  },
                  {
                    "insert": ": [Insert rating out of 5 stars]"
                  }
                ]
              },
              "checked": false,
              "collapsed": false,
              "order": null
            },
            "children": []
          },
          {
            "type": "block",
            "id": "ABaAkmzNKD8Zjg_2z4amz",
            "flavour": "affine:list",
            "version": 1,
            "props": {
              "type": "bulleted",
              "text": {
                "$blocksuite:internal:text$": true,
                "delta": [
                  {
                    "insert": "Plot/Content",
                    "attributes": {
                      "bold": true
                    }
                  },
                  {
                    "insert": ": [Insert rating out of 5 stars]"
                  }
                ]
              },
              "checked": false,
              "collapsed": false,
              "order": null
            },
            "children": []
          },
          {
            "type": "block",
            "id": "nnFn3fjQeS0Ul7bch7Vv8",
            "flavour": "affine:divider",
            "version": 1,
            "props": {},
            "children": []
          },
          {
            "type": "block",
            "id": "zm9VRPjr21W9beDmn81rB",
            "flavour": "affine:paragraph",
            "version": 1,
            "props": {
              "type": "h2",
              "text": {
                "$blocksuite:internal:text$": true,
                "delta": [
                  {
                    "insert": "4. Next Book:"
                  }
                ]
              }
            },
            "children": []
          },
          {
            "type": "block",
            "id": "gTeYAqQwQeuYu_h33Vjb7",
            "flavour": "affine:list",
            "version": 1,
            "props": {
              "type": "bulleted",
              "text": {
                "$blocksuite:internal:text$": true,
                "delta": [
                  {
                    "insert": "Title",
                    "attributes": {
                      "bold": true
                    }
                  },
                  {
                    "insert": ": [Insert next book title]"
                  }
                ]
              },
              "checked": false,
              "collapsed": false,
              "order": null
            },
            "children": []
          },
          {
            "type": "block",
            "id": "7-dM_Kx6BRH6h8BO3BsLa",
            "flavour": "affine:list",
            "version": 1,
            "props": {
              "type": "bulleted",
              "text": {
                "$blocksuite:internal:text$": true,
                "delta": [
                  {
                    "insert": "Reason for Reading",
                    "attributes": {
                      "bold": true
                    }
                  },
                  {
                    "insert": ": [Why do you want to read this book?]"
                  }
                ]
              },
              "checked": false,
              "collapsed": false,
              "order": null
            },
            "children": []
          }
        ]
      }
    ]
  }
}