{
  "type": "page",
  "meta": {
    "id": "z-L5wQT6iYU-PmtgSf3Ir",
    "title": "Academic Planner",
    "createDate": 1728531731843,
    "tags": []
  },
  "blocks": {
    "type": "block",
    "id": "BdqDq-5-nYUVc1lCMGY5m",
    "flavour": "affine:page",
    "version": 2,
    "props": {
      "title": {
        "$blocksuite:internal:text$": true,
        "delta": [
          {
            "insert": "Academic Planner"
          }
        ]
      }
    },
    "children": [
      {
        "type": "block",
        "id": "TAzYMsLI61gcX9jPVAjsR",
        "flavour": "affine:surface",
        "version": 5,
        "props": {
          "elements": {}
        },
        "children": []
      },
      {
        "type": "block",
        "id": "sL_cW7a7Mzi8Rfd08Qv9O",
        "flavour": "affine:note",
        "version": 1,
        "props": {
          "xywh": "[0,0,800,95]",
          "background": "--affine-note-background-white",
          "index": "a0",
          "hidden": false,
          "displayMode": "both",
          "edgeless": {
            "style": {
              "borderRadius": 8,
              "borderSize": 4,
              "borderStyle": "none",
              "shadowType": "--affine-note-shadow-box"
            }
          }
        },
        "children": [
          {
            "type": "block",
            "id": "FzCWp_hkP6BnRc6dG65xd",
            "flavour": "affine:paragraph",
            "version": 1,
            "props": {
              "type": "h2",
              "text": {
                "$blocksuite:internal:text$": true,
                "delta": [
                  {
                    "insert": "Semester: [Enter Semester Name]"
                  }
                ]
              }
            },
            "children": []
          },
          {
            "type": "block",
            "id": "nDyF3F3w6y5V1Evlyh7w4",
            "flavour": "affine:divider",
            "version": 1,
            "props": {},
            "children": []
          },
          {
            "type": "block",
            "id": "GO4HAmJN8CaKsTAjfWpu9",
            "flavour": "affine:paragraph",
            "version": 1,
            "props": {
              "type": "h2",
              "text": {
                "$blocksuite:internal:text$": true,
                "delta": [
                  {
                    "insert": "Course Overview"
                  }
                ]
              }
            },
            "children": []
          },
          {
            "type": "block",
            "id": "Zvnlw60Oqb1GCHgmnpzgX",
            "flavour": "affine:database",
            "version": 3,
            "props": {
              "views": [
                {
                  "id": "4aPYv1h1_b",
                  "name": "Table View",
                  "mode": "table",
                  "columns": [],
                  "filter": {
                    "type": "group",
                    "op": "and",
                    "conditions": []
                  },
                  "header": {
                    "titleColumn": "NhWGhl7VMI",
                    "iconColumn": "type"
                  }
                }
              ],
              "title": {
                "$blocksuite:internal:text$": true,
                "delta": []
              },
              "cells": {
                "3EZQBbYcTrjRsNMgDOO7i": {
                  "R17zX9hBdc": {
                    "columnId": "R17zX9hBdc",
                    "value": {
                      "$blocksuite:internal:text$": true,
                      "delta": [
                        {
                          "insert": "[Enter Name]"
                        }
                      ]
                    }
                  },
                  "zl3yhwBi5X": {
                    "columnId": "zl3yhwBi5X",
                    "value": {
                      "$blocksuite:internal:text$": true,
                      "delta": [
                        {
                          "insert": "[Enter Info]"
                        }
                      ]
                    }
                  },
                  "8gBfK25E_m": {
                    "columnId": "8gBfK25E_m",
                    "value": {
                      "$blocksuite:internal:text$": true,
                      "delta": [
                        {
                          "insert": "[Enter Time]"
                        }
                      ]
                    }
                  }
                },
                "ejpoOCOKlA7sW3P-09Uf5": {
                  "R17zX9hBdc": {
                    "columnId": "R17zX9hBdc",
                    "value": {
                      "$blocksuite:internal:text$": true,
                      "delta": [
                        {
                          "insert": "[Enter Name]"
                        }
                      ]
                    }
                  },
                  "zl3yhwBi5X": {
                    "columnId": "zl3yhwBi5X",
                    "value": {
                      "$blocksuite:internal:text$": true,
                      "delta": [
                        {
                          "insert": "[Enter Info]"
                        }
                      ]
                    }
                  },
                  "8gBfK25E_m": {
                    "columnId": "8gBfK25E_m",
                    "value": {
                      "$blocksuite:internal:text$": true,
                      "delta": [
                        {
                          "insert": "[Enter Time]"
                        }
                      ]
                    }
                  }
                },
                "jSGa6elS9Gy_aFMvV7HMx": {
                  "R17zX9hBdc": {
                    "columnId": "R17zX9hBdc",
                    "value": {
                      "$blocksuite:internal:text$": true,
                      "delta": [
                        {
                          "insert": "[Enter Name]"
                        }
                      ]
                    }
                  },
                  "zl3yhwBi5X": {
                    "columnId": "zl3yhwBi5X",
                    "value": {
                      "$blocksuite:internal:text$": true,
                      "delta": [
                        {
                          "insert": "[Enter Info]"
                        }
                      ]
                    }
                  },
                  "8gBfK25E_m": {
                    "columnId": "8gBfK25E_m",
                    "value": {
                      "$blocksuite:internal:text$": true,
                      "delta": [
                        {
                          "insert": "[Enter Time]"
                        }
                      ]
                    }
                  }
                }
              },
              "columns": [
                {
                  "type": "title",
                  "name": "Course Name",
                  "data": {},
                  "id": "NhWGhl7VMI"
                },
                {
                  "type": "rich-text",
                  "name": "Instructor",
                  "data": {},
                  "id": "R17zX9hBdc"
                },
                {
                  "type": "rich-text",
                  "name": "Contact Info",
                  "data": {},
                  "id": "zl3yhwBi5X"
                },
                {
                  "type": "rich-text",
                  "name": "Days/Times",
                  "data": {},
                  "id": "8gBfK25E_m"
                }
              ]
            },
            "children": [
              {
                "type": "block",
                "id": "3EZQBbYcTrjRsNMgDOO7i",
                "flavour": "affine:paragraph",
                "version": 1,
                "props": {
                  "type": "text",
                  "text": {
                    "$blocksuite:internal:text$": true,
                    "delta": [
                      {
                        "insert": "[Enter Course]"
                      }
                    ]
                  }
                },
                "children": []
              },
              {
                "type": "block",
                "id": "ejpoOCOKlA7sW3P-09Uf5",
                "flavour": "affine:paragraph",
                "version": 1,
                "props": {
                  "type": "text",
                  "text": {
                    "$blocksuite:internal:text$": true,
                    "delta": [
                      {
                        "insert": "[Enter Course]"
                      }
                    ]
                  }
                },
                "children": []
              },
              {
                "type": "block",
                "id": "jSGa6elS9Gy_aFMvV7HMx",
                "flavour": "affine:paragraph",
                "version": 1,
                "props": {
                  "type": "text",
                  "text": {
                    "$blocksuite:internal:text$": true,
                    "delta": [
                      {
                        "insert": "[Enter Course]"
                      }
                    ]
                  }
                },
                "children": []
              }
            ]
          },
          {
            "type": "block",
            "id": "KoZe6l0oBBLNyjBgPen-2",
            "flavour": "affine:divider",
            "version": 1,
            "props": {},
            "children": []
          },
          {
            "type": "block",
            "id": "Pp9zTcxaxV2hvzAmDEZii",
            "flavour": "affine:paragraph",
            "version": 1,
            "props": {
              "type": "h2",
              "text": {
                "$blocksuite:internal:text$": true,
                "delta": [
                  {
                    "insert": "Assignment and Deadline Tracker"
                  }
                ]
              }
            },
            "children": []
          },
          {
            "type": "block",
            "id": "U5FzgqZdl5c-WkE6NpDEo",
            "flavour": "affine:database",
            "version": 3,
            "props": {
              "views": [
                {
                  "id": "nkeDY7fYR1",
                  "name": "Table View",
                  "mode": "table",
                  "columns": [],
                  "filter": {
                    "type": "group",
                    "op": "and",
                    "conditions": []
                  },
                  "header": {
                    "titleColumn": "OOl6-GQG5Y",
                    "iconColumn": "type"
                  }
                }
              ],
              "title": {
                "$blocksuite:internal:text$": true,
                "delta": []
              },
              "cells": {
                "bPUsMVtC63ZwjBLPTnK90": {
                  "pn2uldBskB": {
                    "columnId": "pn2uldBskB",
                    "value": {
                      "$blocksuite:internal:text$": true,
                      "delta": [
                        {
                          "insert": "[Enter Course]"
                        }
                      ]
                    }
                  },
                  "mMONXQShb1": {
                    "columnId": "mMONXQShb1",
                    "value": {
                      "$blocksuite:internal:text$": true,
                      "delta": [
                        {
                          "insert": "[Enter Date]"
                        }
                      ]
                    }
                  },
                  "YJ7zv6IJfQ": {
                    "columnId": "YJ7zv6IJfQ",
                    "value": {
                      "$blocksuite:internal:text$": true,
                      "delta": [
                        {
                          "insert": "[Enter Status]"
                        }
                      ]
                    }
                  }
                },
                "pFKboTNxjq2xrCUhJc-gM": {
                  "pn2uldBskB": {
                    "columnId": "pn2uldBskB",
                    "value": {
                      "$blocksuite:internal:text$": true,
                      "delta": [
                        {
                          "insert": "[Enter Course]"
                        }
                      ]
                    }
                  },
                  "mMONXQShb1": {
                    "columnId": "mMONXQShb1",
                    "value": {
                      "$blocksuite:internal:text$": true,
                      "delta": [
                        {
                          "insert": "[Enter Date]"
                        }
                      ]
                    }
                  },
                  "YJ7zv6IJfQ": {
                    "columnId": "YJ7zv6IJfQ",
                    "value": {
                      "$blocksuite:internal:text$": true,
                      "delta": [
                        {
                          "insert": "[Enter Status]"
                        }
                      ]
                    }
                  }
                },
                "6i84psrLz0-2d5Vo0NG73": {
                  "pn2uldBskB": {
                    "columnId": "pn2uldBskB",
                    "value": {
                      "$blocksuite:internal:text$": true,
                      "delta": [
                        {
                          "insert": "[Enter Course]"
                        }
                      ]
                    }
                  },
                  "mMONXQShb1": {
                    "columnId": "mMONXQShb1",
                    "value": {
                      "$blocksuite:internal:text$": true,
                      "delta": [
                        {
                          "insert": "[Enter Date]"
                        }
                      ]
                    }
                  },
                  "YJ7zv6IJfQ": {
                    "columnId": "YJ7zv6IJfQ",
                    "value": {
                      "$blocksuite:internal:text$": true,
                      "delta": [
                        {
                          "insert": "[Enter Status]"
                        }
                      ]
                    }
                  }
                }
              },
              "columns": [
                {
                  "type": "title",
                  "name": "Assignment",
                  "data": {},
                  "id": "OOl6-GQG5Y"
                },
                {
                  "type": "rich-text",
                  "name": "Course",
                  "data": {},
                  "id": "pn2uldBskB"
                },
                {
                  "type": "rich-text",
                  "name": "Due Date",
                  "data": {},
                  "id": "mMONXQShb1"
                },
                {
                  "type": "rich-text",
                  "name": "Status",
                  "data": {},
                  "id": "YJ7zv6IJfQ"
                }
              ]
            },
            "children": [
              {
                "type": "block",
                "id": "bPUsMVtC63ZwjBLPTnK90",
                "flavour": "affine:paragraph",
                "version": 1,
                "props": {
                  "type": "text",
                  "text": {
                    "$blocksuite:internal:text$": true,
                    "delta": [
                      {
                        "insert": "[Enter Assignment]"
                      }
                    ]
                  }
                },
                "children": []
              },
              {
                "type": "block",
                "id": "pFKboTNxjq2xrCUhJc-gM",
                "flavour": "affine:paragraph",
                "version": 1,
                "props": {
                  "type": "text",
                  "text": {
                    "$blocksuite:internal:text$": true,
                    "delta": [
                      {
                        "insert": "[Enter Assignment]"
                      }
                    ]
                  }
                },
                "children": []
              },
              {
                "type": "block",
                "id": "6i84psrLz0-2d5Vo0NG73",
                "flavour": "affine:paragraph",
                "version": 1,
                "props": {
                  "type": "text",
                  "text": {
                    "$blocksuite:internal:text$": true,
                    "delta": [
                      {
                        "insert": "[Enter Assignment]"
                      }
                    ]
                  }
                },
                "children": []
              }
            ]
          },
          {
            "type": "block",
            "id": "W3Dwz1PmGlFw6XeKSh-Z2",
            "flavour": "affine:divider",
            "version": 1,
            "props": {},
            "children": []
          },
          {
            "type": "block",
            "id": "uDV_HdSBA6NKUO8mYEV47",
            "flavour": "affine:paragraph",
            "version": 1,
            "props": {
              "type": "h2",
              "text": {
                "$blocksuite:internal:text$": true,
                "delta": [
                  {
                    "insert": "Study Schedule"
                  }
                ]
              }
            },
            "children": []
          },
          {
            "type": "block",
            "id": "fse4jdLPdE_jjYtJYVYSZ",
            "flavour": "affine:paragraph",
            "version": 1,
            "props": {
              "type": "h3",
              "text": {
                "$blocksuite:internal:text$": true,
                "delta": [
                  {
                    "insert": "Monday"
                  }
                ]
              }
            },
            "children": []
          },
          {
            "type": "block",
            "id": "biMvF0fx0rPdC7fuJW9oL",
            "flavour": "affine:list",
            "version": 1,
            "props": {
              "type": "bulleted",
              "text": {
                "$blocksuite:internal:text$": true,
                "delta": [
                  {
                    "insert": "Subject/Topic",
                    "attributes": {
                      "bold": true
                    }
                  },
                  {
                    "insert": ": [Enter Subject]"
                  }
                ]
              },
              "checked": false,
              "collapsed": false,
              "order": null
            },
            "children": []
          },
          {
            "type": "block",
            "id": "HBvL0PAzQP1okg4w5jCSm",
            "flavour": "affine:list",
            "version": 1,
            "props": {
              "type": "bulleted",
              "text": {
                "$blocksuite:internal:text$": true,
                "delta": [
                  {
                    "insert": "Time Block",
                    "attributes": {
                      "bold": true
                    }
                  },
                  {
                    "insert": ": [Enter Time]"
                  }
                ]
              },
              "checked": false,
              "collapsed": false,
              "order": null
            },
            "children": []
          },
          {
            "type": "block",
            "id": "YKpdZ2gzJd8Dm23Ti83nN",
            "flavour": "affine:list",
            "version": 1,
            "props": {
              "type": "bulleted",
              "text": {
                "$blocksuite:internal:text$": true,
                "delta": [
                  {
                    "insert": "Tasks",
                    "attributes": {
                      "bold": true
                    }
                  },
                  {
                    "insert": ": [List Study Tasks]"
                  }
                ]
              },
              "checked": false,
              "collapsed": false,
              "order": null
            },
            "children": []
          },
          {
            "type": "block",
            "id": "Z99b438277nwPgfRXr0iU",
            "flavour": "affine:paragraph",
            "version": 1,
            "props": {
              "type": "h3",
              "text": {
                "$blocksuite:internal:text$": true,
                "delta": [
                  {
                    "insert": "Tuesday"
                  }
                ]
              }
            },
            "children": []
          },
          {
            "type": "block",
            "id": "QmEbXD8e4M-ZvcBg2p2m6",
            "flavour": "affine:list",
            "version": 1,
            "props": {
              "type": "bulleted",
              "text": {
                "$blocksuite:internal:text$": true,
                "delta": [
                  {
                    "insert": "Subject/Topic",
                    "attributes": {
                      "bold": true
                    }
                  },
                  {
                    "insert": ": [Enter Subject]"
                  }
                ]
              },
              "checked": false,
              "collapsed": false,
              "order": null
            },
            "children": []
          },
          {
            "type": "block",
            "id": "7R9NRcCscs8pJ1fksxZwd",
            "flavour": "affine:list",
            "version": 1,
            "props": {
              "type": "bulleted",
              "text": {
                "$blocksuite:internal:text$": true,
                "delta": [
                  {
                    "insert": "Time Block",
                    "attributes": {
                      "bold": true
                    }
                  },
                  {
                    "insert": ": [Enter Time]"
                  }
                ]
              },
              "checked": false,
              "collapsed": false,
              "order": null
            },
            "children": []
          },
          {
            "type": "block",
            "id": "auQwHN3U0skBOtxiWFd-Z",
            "flavour": "affine:list",
            "version": 1,
            "props": {
              "type": "bulleted",
              "text": {
                "$blocksuite:internal:text$": true,
                "delta": [
                  {
                    "insert": "Tasks",
                    "attributes": {
                      "bold": true
                    }
                  },
                  {
                    "insert": ": [List Study Tasks]"
                  }
                ]
              },
              "checked": false,
              "collapsed": false,
              "order": null
            },
            "children": []
          },
          {
            "type": "block",
            "id": "iX6kzJQgZVpXg1Tov2mTa",
            "flavour": "affine:paragraph",
            "version": 1,
            "props": {
              "type": "h3",
              "text": {
                "$blocksuite:internal:text$": true,
                "delta": [
                  {
                    "insert": "Wednesday"
                  }
                ]
              }
            },
            "children": []
          },
          {
            "type": "block",
            "id": "hTcE1pAQmaBHoOgtmACKz",
            "flavour": "affine:list",
            "version": 1,
            "props": {
              "type": "bulleted",
              "text": {
                "$blocksuite:internal:text$": true,
                "delta": [
                  {
                    "insert": "Subject/Topic",
                    "attributes": {
                      "bold": true
                    }
                  },
                  {
                    "insert": ": [Enter Subject]"
                  }
                ]
              },
              "checked": false,
              "collapsed": false,
              "order": null
            },
            "children": []
          },
          {
            "type": "block",
            "id": "EYtaIp0qJ2KmH2itn5B5F",
            "flavour": "affine:list",
            "version": 1,
            "props": {
              "type": "bulleted",
              "text": {
                "$blocksuite:internal:text$": true,
                "delta": [
                  {
                    "insert": "Time Block",
                    "attributes": {
                      "bold": true
                    }
                  },
                  {
                    "insert": ": [Enter Time]"
                  }
                ]
              },
              "checked": false,
              "collapsed": false,
              "order": null
            },
            "children": []
          },
          {
            "type": "block",
            "id": "6TF4yKcFtiphSK9ZAreZi",
            "flavour": "affine:list",
            "version": 1,
            "props": {
              "type": "bulleted",
              "text": {
                "$blocksuite:internal:text$": true,
                "delta": [
                  {
                    "insert": "Tasks",
                    "attributes": {
                      "bold": true
                    }
                  },
                  {
                    "insert": ": [List Study Tasks]"
                  }
                ]
              },
              "checked": false,
              "collapsed": false,
              "order": null
            },
            "children": []
          },
          {
            "type": "block",
            "id": "Fj7uHmUXrCQy1U7tigb7g",
            "flavour": "affine:paragraph",
            "version": 1,
            "props": {
              "type": "h3",
              "text": {
                "$blocksuite:internal:text$": true,
                "delta": [
                  {
                    "insert": "Thursday"
                  }
                ]
              }
            },
            "children": []
          },
          {
            "type": "block",
            "id": "-QHhflgDVRk-pjvSrdLIW",
            "flavour": "affine:list",
            "version": 1,
            "props": {
              "type": "bulleted",
              "text": {
                "$blocksuite:internal:text$": true,
                "delta": [
                  {
                    "insert": "Subject/Topic",
                    "attributes": {
                      "bold": true
                    }
                  },
                  {
                    "insert": ": [Enter Subject]"
                  }
                ]
              },
              "checked": false,
              "collapsed": false,
              "order": null
            },
            "children": []
          },
          {
            "type": "block",
            "id": "hCsMWRBl7umFfthPSkpdi",
            "flavour": "affine:list",
            "version": 1,
            "props": {
              "type": "bulleted",
              "text": {
                "$blocksuite:internal:text$": true,
                "delta": [
                  {
                    "insert": "Time Block",
                    "attributes": {
                      "bold": true
                    }
                  },
                  {
                    "insert": ": [Enter Time]"
                  }
                ]
              },
              "checked": false,
              "collapsed": false,
              "order": null
            },
            "children": []
          },
          {
            "type": "block",
            "id": "TVM07x4nuix9I3-q5JQ9B",
            "flavour": "affine:list",
            "version": 1,
            "props": {
              "type": "bulleted",
              "text": {
                "$blocksuite:internal:text$": true,
                "delta": [
                  {
                    "insert": "Tasks",
                    "attributes": {
                      "bold": true
                    }
                  },
                  {
                    "insert": ": [List Study Tasks]"
                  }
                ]
              },
              "checked": false,
              "collapsed": false,
              "order": null
            },
            "children": []
          },
          {
            "type": "block",
            "id": "ngOb37wyAd6Q6N09QLTrV",
            "flavour": "affine:paragraph",
            "version": 1,
            "props": {
              "type": "h3",
              "text": {
                "$blocksuite:internal:text$": true,
                "delta": [
                  {
                    "insert": "Friday"
                  }
                ]
              }
            },
            "children": []
          },
          {
            "type": "block",
            "id": "wMltm2iVKcZXP-vMa7tie",
            "flavour": "affine:list",
            "version": 1,
            "props": {
              "type": "bulleted",
              "text": {
                "$blocksuite:internal:text$": true,
                "delta": [
                  {
                    "insert": "Subject/Topic",
                    "attributes": {
                      "bold": true
                    }
                  },
                  {
                    "insert": ": [Enter Subject]"
                  }
                ]
              },
              "checked": false,
              "collapsed": false,
              "order": null
            },
            "children": []
          },
          {
            "type": "block",
            "id": "MfR_evLJQpfXyIlOITPzd",
            "flavour": "affine:list",
            "version": 1,
            "props": {
              "type": "bulleted",
              "text": {
                "$blocksuite:internal:text$": true,
                "delta": [
                  {
                    "insert": "Time Block",
                    "attributes": {
                      "bold": true
                    }
                  },
                  {
                    "insert": ": [Enter Time]"
                  }
                ]
              },
              "checked": false,
              "collapsed": false,
              "order": null
            },
            "children": []
          },
          {
            "type": "block",
            "id": "6gdux5oJIYsN3Bg4opiLH",
            "flavour": "affine:list",
            "version": 1,
            "props": {
              "type": "bulleted",
              "text": {
                "$blocksuite:internal:text$": true,
                "delta": [
                  {
                    "insert": "Tasks",
                    "attributes": {
                      "bold": true
                    }
                  },
                  {
                    "insert": ": [List Study Tasks]"
                  }
                ]
              },
              "checked": false,
              "collapsed": false,
              "order": null
            },
            "children": []
          },
          {
            "type": "block",
            "id": "W3bOZjumCmWUp9RO25pd6",
            "flavour": "affine:paragraph",
            "version": 1,
            "props": {
              "type": "h3",
              "text": {
                "$blocksuite:internal:text$": true,
                "delta": [
                  {
                    "insert": "Saturday/Sunday"
                  }
                ]
              }
            },
            "children": []
          },
          {
            "type": "block",
            "id": "itolgQMSjfG_G45Iks69A",
            "flavour": "affine:list",
            "version": 1,
            "props": {
              "type": "bulleted",
              "text": {
                "$blocksuite:internal:text$": true,
                "delta": [
                  {
                    "insert": "Subject/Topic",
                    "attributes": {
                      "bold": true
                    }
                  },
                  {
                    "insert": ": [Enter Subject]"
                  }
                ]
              },
              "checked": false,
              "collapsed": false,
              "order": null
            },
            "children": []
          },
          {
            "type": "block",
            "id": "RRcQD-GiY-yICwPmk1J9I",
            "flavour": "affine:list",
            "version": 1,
            "props": {
              "type": "bulleted",
              "text": {
                "$blocksuite:internal:text$": true,
                "delta": [
                  {
                    "insert": "Time Block",
                    "attributes": {
                      "bold": true
                    }
                  },
                  {
                    "insert": ": [Enter Time]"
                  }
                ]
              },
              "checked": false,
              "collapsed": false,
              "order": null
            },
            "children": []
          },
          {
            "type": "block",
            "id": "WnnfLHSHZtHKo19IH3kBJ",
            "flavour": "affine:list",
            "version": 1,
            "props": {
              "type": "bulleted",
              "text": {
                "$blocksuite:internal:text$": true,
                "delta": [
                  {
                    "insert": "Tasks",
                    "attributes": {
                      "bold": true
                    }
                  },
                  {
                    "insert": ": [List Study Tasks]"
                  }
                ]
              },
              "checked": false,
              "collapsed": false,
              "order": null
            },
            "children": []
          },
          {
            "type": "block",
            "id": "K8FnM7HHolCnXD0ewithL",
            "flavour": "affine:divider",
            "version": 1,
            "props": {},
            "children": []
          },
          {
            "type": "block",
            "id": "jTV6HyADEEGkvBzFhNxSb",
            "flavour": "affine:paragraph",
            "version": 1,
            "props": {
              "type": "h2",
              "text": {
                "$blocksuite:internal:text$": true,
                "delta": [
                  {
                    "insert": "Weekly Academic Goals"
                  }
                ]
              }
            },
            "children": []
          },
          {
            "type": "block",
            "id": "DiM4Re0fn6jk2yzxgqjCM",
            "flavour": "affine:list",
            "version": 1,
            "props": {
              "type": "numbered",
              "text": {
                "$blocksuite:internal:text$": true,
                "delta": [
                  {
                    "insert": "[Enter Goal 1]"
                  }
                ]
              },
              "checked": false,
              "collapsed": false,
              "order": 1
            },
            "children": []
          },
          {
            "type": "block",
            "id": "X7qq6o_mVkcOASZjZWCBQ",
            "flavour": "affine:list",
            "version": 1,
            "props": {
              "type": "numbered",
              "text": {
                "$blocksuite:internal:text$": true,
                "delta": [
                  {
                    "insert": "[Enter Goal 2]"
                  }
                ]
              },
              "checked": false,
              "collapsed": false,
              "order": 2
            },
            "children": []
          },
          {
            "type": "block",
            "id": "jL8kg9j958UgsNELgphUb",
            "flavour": "affine:list",
            "version": 1,
            "props": {
              "type": "numbered",
              "text": {
                "$blocksuite:internal:text$": true,
                "delta": [
                  {
                    "insert": "[Enter Goal 3]"
                  }
                ]
              },
              "checked": false,
              "collapsed": false,
              "order": 3
            },
            "children": []
          },
          {
            "type": "block",
            "id": "_zXjxAGQDteHnCOSdToUx",
            "flavour": "affine:divider",
            "version": 1,
            "props": {},
            "children": []
          },
          {
            "type": "block",
            "id": "VNMjbRumjIzFFt2DL0A5m",
            "flavour": "affine:paragraph",
            "version": 1,
            "props": {
              "type": "h2",
              "text": {
                "$blocksuite:internal:text$": true,
                "delta": [
                  {
                    "insert": "Progress Review"
                  }
                ]
              }
            },
            "children": []
          },
          {
            "type": "block",
            "id": "R1VcSmNx_si3bQf8dD1o1",
            "flavour": "affine:paragraph",
            "version": 1,
            "props": {
              "type": "h3",
              "text": {
                "$blocksuite:internal:text$": true,
                "delta": [
                  {
                    "insert": "Achievements"
                  }
                ]
              }
            },
            "children": []
          },
          {
            "type": "block",
            "id": "vkKY_PyCCNvgEtxYUoMuL",
            "flavour": "affine:list",
            "version": 1,
            "props": {
              "type": "bulleted",
              "text": {
                "$blocksuite:internal:text$": true,
                "delta": [
                  {
                    "insert": "[Reflect on what you accomplished this week]"
                  }
                ]
              },
              "checked": false,
              "collapsed": false,
              "order": null
            },
            "children": []
          },
          {
            "type": "block",
            "id": "aPkdjx_4mmcJpQLGdDi4O",
            "flavour": "affine:paragraph",
            "version": 1,
            "props": {
              "type": "h3",
              "text": {
                "$blocksuite:internal:text$": true,
                "delta": [
                  {
                    "insert": "Areas for Improvement"
                  }
                ]
              }
            },
            "children": []
          },
          {
            "type": "block",
            "id": "tA8_vrLUGQfCkgDzgolY9",
            "flavour": "affine:list",
            "version": 1,
            "props": {
              "type": "bulleted",
              "text": {
                "$blocksuite:internal:text$": true,
                "delta": [
                  {
                    "insert": "[List challenges or areas where you can improve]"
                  }
                ]
              },
              "checked": false,
              "collapsed": false,
              "order": null
            },
            "children": []
          },
          {
            "type": "block",
            "id": "rnFbtEwDw3wZlwjeMeVvq",
            "flavour": "affine:paragraph",
            "version": 1,
            "props": {
              "type": "h3",
              "text": {
                "$blocksuite:internal:text$": true,
                "delta": [
                  {
                    "insert": "Next Week’s Focus"
                  }
                ]
              }
            },
            "children": []
          },
          {
            "type": "block",
            "id": "L618GyixSm9WjNlczqIHm",
            "flavour": "affine:list",
            "version": 1,
            "props": {
              "type": "bulleted",
              "text": {
                "$blocksuite:internal:text$": true,
                "delta": [
                  {
                    "insert": "[Write down key tasks or goals for the upcoming week]"
                  }
                ]
              },
              "checked": false,
              "collapsed": false,
              "order": null
            },
            "children": []
          }
        ]
      }
    ]
  }
}