{
  "type": "page",
  "meta": {
    "id": "4DKEnjjM_pd8p_CKtwZjA",
    "title": "GRR Lesson Plan Template",
    "createDate": 1728286699579,
    "tags": []
  },
  "blocks": {
    "type": "block",
    "id": "KzSqGvymRmVMjVl6CSufm",
    "flavour": "affine:page",
    "version": 2,
    "props": {
      "title": {
        "$blocksuite:internal:text$": true,
        "delta": [
          {
            "insert": "GRR Lesson Plan Template"
          }
        ]
      }
    },
    "children": [
      {
        "type": "block",
        "id": "ztljhMHG5C8C9L4eUvMlg",
        "flavour": "affine:surface",
        "version": 5,
        "props": {
          "elements": {}
        },
        "children": []
      },
      {
        "type": "block",
        "id": "oEOmU2WXkzVQCnlkygzW-",
        "flavour": "affine:note",
        "version": 1,
        "props": {
          "xywh": "[0,0,800,95]",
          "background": "--affine-note-background-white",
          "index": "a0",
          "hidden": false,
          "displayMode": "both",
          "edgeless": {
            "style": {
              "borderRadius": 8,
              "borderSize": 4,
              "borderStyle": "none",
              "shadowType": "--affine-note-shadow-box"
            }
          }
        },
        "children": [
          {
            "type": "block",
            "id": "GfLMOQhig-VawwR-3eU8X",
            "flavour": "affine:paragraph",
            "version": 1,
            "props": {
              "type": "text",
              "text": {
                "$blocksuite:internal:text$": true,
                "delta": []
              }
            },
            "children": []
          },
          {
            "type": "block",
            "id": "xjtIHPYaI6iZUWwzH57kd",
            "flavour": "affine:paragraph",
            "version": 1,
            "props": {
              "type": "h2",
              "text": {
                "$blocksuite:internal:text$": true,
                "delta": [
                  {
                    "insert": "Lesson Information"
                  }
                ]
              }
            },
            "children": []
          },
          {
            "type": "block",
            "id": "iXzFHXWCnUFrRdAKzRwPf",
            "flavour": "affine:list",
            "version": 1,
            "props": {
              "type": "bulleted",
              "text": {
                "$blocksuite:internal:text$": true,
                "delta": [
                  {
                    "insert": "Grade Level:"
                  }
                ]
              },
              "checked": false,
              "collapsed": false,
              "order": null
            },
            "children": []
          },
          {
            "type": "block",
            "id": "J8clkHjGWaia-1h59mSs_",
            "flavour": "affine:list",
            "version": 1,
            "props": {
              "type": "bulleted",
              "text": {
                "$blocksuite:internal:text$": true,
                "delta": [
                  {
                    "insert": "Subject/Topic:"
                  }
                ]
              },
              "checked": false,
              "collapsed": false,
              "order": null
            },
            "children": []
          },
          {
            "type": "block",
            "id": "55Avo46zmwRaAY0bpxFj0",
            "flavour": "affine:list",
            "version": 1,
            "props": {
              "type": "bulleted",
              "text": {
                "$blocksuite:internal:text$": true,
                "delta": [
                  {
                    "insert": "Lesson Duration:"
                  }
                ]
              },
              "checked": false,
              "collapsed": false,
              "order": null
            },
            "children": []
          },
          {
            "type": "block",
            "id": "Laiupf6AbT1tZHkfZuP4y",
            "flavour": "affine:list",
            "version": 1,
            "props": {
              "type": "bulleted",
              "text": {
                "$blocksuite:internal:text$": true,
                "delta": [
                  {
                    "insert": "Learning Objectives:"
                  }
                ]
              },
              "checked": false,
              "collapsed": false,
              "order": null
            },
            "children": [
              {
                "type": "block",
                "id": "7B2XbG57sSQtHR-aUszh_",
                "flavour": "affine:list",
                "version": 1,
                "props": {
                  "type": "bulleted",
                  "text": {
                    "$blocksuite:internal:text$": true,
                    "delta": [
                      {
                        "insert": "Objective 1:"
                      }
                    ]
                  },
                  "checked": false,
                  "collapsed": false,
                  "order": null
                },
                "children": []
              },
              {
                "type": "block",
                "id": "3r3WQJ-ldmLb-Qc_avkEZ",
                "flavour": "affine:list",
                "version": 1,
                "props": {
                  "type": "bulleted",
                  "text": {
                    "$blocksuite:internal:text$": true,
                    "delta": [
                      {
                        "insert": "Objective 2:"
                      }
                    ]
                  },
                  "checked": false,
                  "collapsed": false,
                  "order": null
                },
                "children": []
              },
              {
                "type": "block",
                "id": "WdyWBy0AkklTurgbZOuoi",
                "flavour": "affine:list",
                "version": 1,
                "props": {
                  "type": "bulleted",
                  "text": {
                    "$blocksuite:internal:text$": true,
                    "delta": [
                      {
                        "insert": "Objective 3:"
                      }
                    ]
                  },
                  "checked": false,
                  "collapsed": false,
                  "order": null
                },
                "children": []
              }
            ]
          },
          {
            "type": "block",
            "id": "a9Q-i9AhTC3pSgbtbCVyq",
            "flavour": "affine:paragraph",
            "version": 1,
            "props": {
              "type": "h2",
              "text": {
                "$blocksuite:internal:text$": true,
                "delta": [
                  {
                    "insert": "Materials and Resources"
                  }
                ]
              }
            },
            "children": []
          },
          {
            "type": "block",
            "id": "ryJTHUpdDKPIjYkpwQ6Cy",
            "flavour": "affine:list",
            "version": 1,
            "props": {
              "type": "bulleted",
              "text": {
                "$blocksuite:internal:text$": true,
                "delta": [
                  {
                    "insert": "List of materials, technology, and resources needed"
                  }
                ]
              },
              "checked": false,
              "collapsed": false,
              "order": null
            },
            "children": []
          },
          {
            "type": "block",
            "id": "qnbE8azhp-pnU3mfgWf7j",
            "flavour": "affine:paragraph",
            "version": 1,
            "props": {
              "type": "h2",
              "text": {
                "$blocksuite:internal:text$": true,
                "delta": [
                  {
                    "insert": "Focus Lesson"
                  }
                ]
              }
            },
            "children": []
          },
          {
            "type": "block",
            "id": "OuvHrofb4I5S8G2zdh6aA",
            "flavour": "affine:list",
            "version": 1,
            "props": {
              "type": "bulleted",
              "text": {
                "$blocksuite:internal:text$": true,
                "delta": [
                  {
                    "insert": "Description of the teacher-led introduction and modeling"
                  }
                ]
              },
              "checked": false,
              "collapsed": false,
              "order": null
            },
            "children": []
          },
          {
            "type": "block",
            "id": "HrvNT4trcpkdAr7HcOPaz",
            "flavour": "affine:list",
            "version": 1,
            "props": {
              "type": "bulleted",
              "text": {
                "$blocksuite:internal:text$": true,
                "delta": [
                  {
                    "insert": "Instructional strategies and student engagement activities"
                  }
                ]
              },
              "checked": false,
              "collapsed": false,
              "order": null
            },
            "children": []
          },
          {
            "type": "block",
            "id": "Bnj5fyVArksA3K8ZkZ_r1",
            "flavour": "affine:paragraph",
            "version": 1,
            "props": {
              "type": "h2",
              "text": {
                "$blocksuite:internal:text$": true,
                "delta": [
                  {
                    "insert": "Guided Instruction"
                  }
                ]
              }
            },
            "children": []
          },
          {
            "type": "block",
            "id": "38nAB5dylZAv_mmO1Kwq6",
            "flavour": "affine:list",
            "version": 1,
            "props": {
              "type": "bulleted",
              "text": {
                "$blocksuite:internal:text$": true,
                "delta": [
                  {
                    "insert": "Description of the guided practice activities"
                  }
                ]
              },
              "checked": false,
              "collapsed": false,
              "order": null
            },
            "children": []
          },
          {
            "type": "block",
            "id": "C7yroeh8yrA0RIFSQ8-l5",
            "flavour": "affine:list",
            "version": 1,
            "props": {
              "type": "bulleted",
              "text": {
                "$blocksuite:internal:text$": true,
                "delta": [
                  {
                    "insert": "Scaffolding and prompts to support student learning"
                  }
                ]
              },
              "checked": false,
              "collapsed": false,
              "order": null
            },
            "children": []
          },
          {
            "type": "block",
            "id": "K5CZNxjvTosgcXwmjZ58V",
            "flavour": "affine:paragraph",
            "version": 1,
            "props": {
              "type": "h2",
              "text": {
                "$blocksuite:internal:text$": true,
                "delta": [
                  {
                    "insert": "Collaborative Learning"
                  }
                ]
              }
            },
            "children": []
          },
          {
            "type": "block",
            "id": "V8gMKfvG2it0X6WHgQgl-",
            "flavour": "affine:list",
            "version": 1,
            "props": {
              "type": "bulleted",
              "text": {
                "$blocksuite:internal:text$": true,
                "delta": [
                  {
                    "insert": "Description of the collaborative activities or tasks"
                  }
                ]
              },
              "checked": false,
              "collapsed": false,
              "order": null
            },
            "children": []
          },
          {
            "type": "block",
            "id": "r8zq_yiCwV-12oFFnifPz",
            "flavour": "affine:list",
            "version": 1,
            "props": {
              "type": "bulleted",
              "text": {
                "$blocksuite:internal:text$": true,
                "delta": [
                  {
                    "insert": "Group structures and roles (if applicable)"
                  }
                ]
              },
              "checked": false,
              "collapsed": false,
              "order": null
            },
            "children": []
          },
          {
            "type": "block",
            "id": "8NzoHif2gZL9q5oTTJXAi",
            "flavour": "affine:paragraph",
            "version": 1,
            "props": {
              "type": "h2",
              "text": {
                "$blocksuite:internal:text$": true,
                "delta": [
                  {
                    "insert": "Independent Practice"
                  }
                ]
              }
            },
            "children": []
          },
          {
            "type": "block",
            "id": "cQz0NNhmY1oSC4ie-JlfS",
            "flavour": "affine:list",
            "version": 1,
            "props": {
              "type": "bulleted",
              "text": {
                "$blocksuite:internal:text$": true,
                "delta": [
                  {
                    "insert": "Description of the independent practice opportunities"
                  }
                ]
              },
              "checked": false,
              "collapsed": false,
              "order": null
            },
            "children": []
          },
          {
            "type": "block",
            "id": "qlyF0idyGpy_53fss8FJN",
            "flavour": "affine:list",
            "version": 1,
            "props": {
              "type": "bulleted",
              "text": {
                "$blocksuite:internal:text$": true,
                "delta": [
                  {
                    "insert": "Monitoring and assessment of student learning"
                  }
                ]
              },
              "checked": false,
              "collapsed": false,
              "order": null
            },
            "children": []
          },
          {
            "type": "block",
            "id": "jwOWez4RCSKgfjD1LlnQO",
            "flavour": "affine:paragraph",
            "version": 1,
            "props": {
              "type": "h2",
              "text": {
                "$blocksuite:internal:text$": true,
                "delta": [
                  {
                    "insert": "Differentiation and Accommodations"
                  }
                ]
              }
            },
            "children": []
          },
          {
            "type": "block",
            "id": "0Z-LCTNDcMgTGXO9IlnMJ",
            "flavour": "affine:list",
            "version": 1,
            "props": {
              "type": "bulleted",
              "text": {
                "$blocksuite:internal:text$": true,
                "delta": [
                  {
                    "insert": "Strategies to support diverse learner needs"
                  }
                ]
              },
              "checked": false,
              "collapsed": false,
              "order": null
            },
            "children": []
          },
          {
            "type": "block",
            "id": "K3BCMPZuJJlOZ2JfFkB_A",
            "flavour": "affine:paragraph",
            "version": 1,
            "props": {
              "type": "h2",
              "text": {
                "$blocksuite:internal:text$": true,
                "delta": [
                  {
                    "insert": "Reflection"
                  }
                ]
              }
            },
            "children": []
          },
          {
            "type": "block",
            "id": "TioOlP0IlfWklSYXZcszd",
            "flavour": "affine:list",
            "version": 1,
            "props": {
              "type": "bulleted",
              "text": {
                "$blocksuite:internal:text$": true,
                "delta": [
                  {
                    "insert": "Evaluation of lesson effectiveness"
                  }
                ]
              },
              "checked": false,
              "collapsed": false,
              "order": null
            },
            "children": []
          },
          {
            "type": "block",
            "id": "-kuot-iZLx5rBaU_6Fa-9",
            "flavour": "affine:list",
            "version": 1,
            "props": {
              "type": "bulleted",
              "text": {
                "$blocksuite:internal:text$": true,
                "delta": [
                  {
                    "insert": "Identified areas for improvement"
                  }
                ]
              },
              "checked": false,
              "collapsed": false,
              "order": null
            },
            "children": []
          },
          {
            "type": "block",
            "id": "3lLKG_xnry_vnTGW0gSNT",
            "flavour": "affine:list",
            "version": 1,
            "props": {
              "type": "bulleted",
              "text": {
                "$blocksuite:internal:text$": true,
                "delta": [
                  {
                    "insert": "Adjustments or modifications for future lessons"
                  }
                ]
              },
              "checked": false,
              "collapsed": false,
              "order": null
            },
            "children": []
          }
        ]
      }
    ]
  }
}