{
  "type": "page",
  "meta": {
    "id": "oZXRtS0QeTYSCQ1HXK1Uv",
    "title": "Digital Planner Templates",
    "createDate": 1727424895624,
    "tags": []
  },
  "blocks": {
    "type": "block",
    "id": "BdqDq-5-nYUVc1lCMGY5m",
    "flavour": "affine:page",
    "version": 2,
    "props": {
      "title": {
        "$blocksuite:internal:text$": true,
        "delta": [
          {
            "insert": "Digital Planner Templates"
          }
        ]
      }
    },
    "children": [
      {
        "type": "block",
        "id": "TAzYMsLI61gcX9jPVAjsR",
        "flavour": "affine:surface",
        "version": 5,
        "props": {
          "elements": {}
        },
        "children": []
      },
      {
        "type": "block",
        "id": "sL_cW7a7Mzi8Rfd08Qv9O",
        "flavour": "affine:note",
        "version": 1,
        "props": {
          "xywh": "[0,0,800,95]",
          "background": "--affine-note-background-white",
          "index": "a0",
          "hidden": false,
          "displayMode": "both",
          "edgeless": {
            "style": {
              "borderRadius": 8,
              "borderSize": 4,
              "borderStyle": "none",
              "shadowType": "--affine-note-shadow-box"
            }
          }
        },
        "children": [
          {
            "type": "block",
            "id": "TKUxr_60iELZM2CXqKxFW",
            "flavour": "affine:paragraph",
            "version": 1,
            "props": {
              "type": "h2",
              "text": {
                "$blocksuite:internal:text$": true,
                "delta": [
                  {
                    "insert": "1. Daily Planner Template"
                  }
                ]
              }
            },
            "children": []
          },
          {
            "type": "block",
            "id": "oqgjqFkh-51cT66Awe4e_",
            "flavour": "affine:paragraph",
            "version": 1,
            "props": {
              "type": "h3",
              "text": {
                "$blocksuite:internal:text$": true,
                "delta": [
                  {
                    "insert": "Date: [Insert Date]"
                  }
                ]
              }
            },
            "children": []
          },
          {
            "type": "block",
            "id": "5Va0p3J9I0Cgtf-0t8gLv",
            "flavour": "affine:divider",
            "version": 1,
            "props": {},
            "children": []
          },
          {
            "type": "block",
            "id": "Fhrhb_riGqlwcygeWVxhT",
            "flavour": "affine:paragraph",
            "version": 1,
            "props": {
              "type": "h3",
              "text": {
                "$blocksuite:internal:text$": true,
                "delta": [
                  {
                    "insert": "1.1. Top Priorities for the Day"
                  }
                ]
              }
            },
            "children": []
          },
          {
            "type": "block",
            "id": "wa279W9RWQ9szIsTWsFKA",
            "flavour": "affine:list",
            "version": 1,
            "props": {
              "type": "bulleted",
              "text": {
                "$blocksuite:internal:text$": true,
                "delta": [
                  {
                    "insert": "Priority 1",
                    "attributes": {
                      "bold": true
                    }
                  },
                  {
                    "insert": ": [Insert Task]"
                  }
                ]
              },
              "checked": false,
              "collapsed": false,
              "order": null
            },
            "children": []
          },
          {
            "type": "block",
            "id": "ShUduvzDb8LOZZ9nZEGN4",
            "flavour": "affine:list",
            "version": 1,
            "props": {
              "type": "bulleted",
              "text": {
                "$blocksuite:internal:text$": true,
                "delta": [
                  {
                    "insert": "Priority 2",
                    "attributes": {
                      "bold": true
                    }
                  },
                  {
                    "insert": ": [Insert Task]"
                  }
                ]
              },
              "checked": false,
              "collapsed": false,
              "order": null
            },
            "children": []
          },
          {
            "type": "block",
            "id": "Hh4cbiC-lam6OE0VH4eQ8",
            "flavour": "affine:list",
            "version": 1,
            "props": {
              "type": "bulleted",
              "text": {
                "$blocksuite:internal:text$": true,
                "delta": [
                  {
                    "insert": "Priority 3",
                    "attributes": {
                      "bold": true
                    }
                  },
                  {
                    "insert": ": [Insert Task]"
                  }
                ]
              },
              "checked": false,
              "collapsed": false,
              "order": null
            },
            "children": []
          },
          {
            "type": "block",
            "id": "n-SP3urGDps6PPf_NIaiN",
            "flavour": "affine:divider",
            "version": 1,
            "props": {},
            "children": []
          },
          {
            "type": "block",
            "id": "aAXqdRQK3C68NzN6BrHXB",
            "flavour": "affine:paragraph",
            "version": 1,
            "props": {
              "type": "h3",
              "text": {
                "$blocksuite:internal:text$": true,
                "delta": [
                  {
                    "insert": "1.2. Daily Schedule"
                  }
                ]
              }
            },
            "children": []
          },
          {
            "type": "block",
            "id": "--uJB_XjYAmHxktmRLixv",
            "flavour": "affine:database",
            "version": 3,
            "props": {
              "views": [
                {
                  "id": "PKT_ublgIA",
                  "name": "Table View",
                  "mode": "table",
                  "columns": [],
                  "filter": {
                    "type": "group",
                    "op": "and",
                    "conditions": []
                  },
                  "header": {
                    "titleColumn": "3hmBgOmRUd",
                    "iconColumn": "type"
                  }
                }
              ],
              "title": {
                "$blocksuite:internal:text$": true,
                "delta": []
              },
              "cells": {
                "hi728L9jbZeUORHLGQgyb": {
                  "kQMaw4QSKX": {
                    "columnId": "kQMaw4QSKX",
                    "value": {
                      "$blocksuite:internal:text$": true,
                      "delta": [
                        {
                          "insert": "[Insert Task]"
                        }
                      ]
                    }
                  },
                  "MXfKOyLgXG": {
                    "columnId": "MXfKOyLgXG",
                    "value": {
                      "$blocksuite:internal:text$": true,
                      "delta": [
                        {
                          "insert": "[High/Medium/Low]"
                        }
                      ]
                    }
                  },
                  "RFysexLmxX": {
                    "columnId": "RFysexLmxX",
                    "value": {
                      "$blocksuite:internal:text$": true,
                      "delta": [
                        {
                          "insert": "[Not Started/In Progress/Complete]"
                        }
                      ]
                    }
                  }
                },
                "CY9QuZz8hp4Hu_mMebXyh": {
                  "kQMaw4QSKX": {
                    "columnId": "kQMaw4QSKX",
                    "value": {
                      "$blocksuite:internal:text$": true,
                      "delta": [
                        {
                          "insert": "[Insert Task]"
                        }
                      ]
                    }
                  },
                  "MXfKOyLgXG": {
                    "columnId": "MXfKOyLgXG",
                    "value": {
                      "$blocksuite:internal:text$": true,
                      "delta": [
                        {
                          "insert": "[High/Medium/Low]"
                        }
                      ]
                    }
                  },
                  "RFysexLmxX": {
                    "columnId": "RFysexLmxX",
                    "value": {
                      "$blocksuite:internal:text$": true,
                      "delta": [
                        {
                          "insert": "[Not Started/In Progress/Complete]"
                        }
                      ]
                    }
                  }
                },
                "5ysrQZULzrhJOd03QqTMO": {
                  "kQMaw4QSKX": {
                    "columnId": "kQMaw4QSKX",
                    "value": {
                      "$blocksuite:internal:text$": true,
                      "delta": [
                        {
                          "insert": "Lunch Break"
                        }
                      ]
                    }
                  },
                  "MXfKOyLgXG": {
                    "columnId": "MXfKOyLgXG",
                    "value": {
                      "$blocksuite:internal:text$": true,
                      "delta": [
                        {
                          "insert": "[High/Medium/Low]"
                        }
                      ]
                    }
                  },
                  "RFysexLmxX": {
                    "columnId": "RFysexLmxX",
                    "value": {
                      "$blocksuite:internal:text$": true,
                      "delta": [
                        {
                          "insert": "[Not Started/In Progress/Complete]"
                        }
                      ]
                    }
                  }
                }
              },
              "columns": [
                {
                  "type": "title",
                  "name": "Time",
                  "data": {},
                  "id": "3hmBgOmRUd"
                },
                {
                  "type": "rich-text",
                  "name": "Task/Activity",
                  "data": {},
                  "id": "kQMaw4QSKX"
                },
                {
                  "type": "rich-text",
                  "name": "Priority (High/Medium/Low)",
                  "data": {},
                  "id": "MXfKOyLgXG"
                },
                {
                  "type": "rich-text",
                  "name": "Status (Not Started/In Progress/Complete)",
                  "data": {},
                  "id": "RFysexLmxX"
                }
              ]
            },
            "children": [
              {
                "type": "block",
                "id": "hi728L9jbZeUORHLGQgyb",
                "flavour": "affine:paragraph",
                "version": 1,
                "props": {
                  "type": "text",
                  "text": {
                    "$blocksuite:internal:text$": true,
                    "delta": [
                      {
                        "insert": "6:00 AM"
                      }
                    ]
                  }
                },
                "children": []
              },
              {
                "type": "block",
                "id": "CY9QuZz8hp4Hu_mMebXyh",
                "flavour": "affine:paragraph",
                "version": 1,
                "props": {
                  "type": "text",
                  "text": {
                    "$blocksuite:internal:text$": true,
                    "delta": [
                      {
                        "insert": "9:00 AM"
                      }
                    ]
                  }
                },
                "children": []
              },
              {
                "type": "block",
                "id": "5ysrQZULzrhJOd03QqTMO",
                "flavour": "affine:paragraph",
                "version": 1,
                "props": {
                  "type": "text",
                  "text": {
                    "$blocksuite:internal:text$": true,
                    "delta": [
                      {
                        "insert": "12:00 PM"
                      }
                    ]
                  }
                },
                "children": []
              }
            ]
          },
          {
            "type": "block",
            "id": "B0-7Wn50RwKy2HTH7_x_L",
            "flavour": "affine:divider",
            "version": 1,
            "props": {},
            "children": []
          },
          {
            "type": "block",
            "id": "wxNtOuspDSv310C_C-uQy",
            "flavour": "affine:paragraph",
            "version": 1,
            "props": {
              "type": "h3",
              "text": {
                "$blocksuite:internal:text$": true,
                "delta": [
                  {
                    "insert": "1.3. Task List"
                  }
                ]
              }
            },
            "children": []
          },
          {
            "type": "block",
            "id": "1dKMmU4qMKit3pP14UOIp",
            "flavour": "affine:database",
            "version": 3,
            "props": {
              "views": [
                {
                  "id": "IYGLCzUbNK",
                  "name": "Table View",
                  "mode": "table",
                  "columns": [],
                  "filter": {
                    "type": "group",
                    "op": "and",
                    "conditions": []
                  },
                  "header": {
                    "titleColumn": "ODmcR57Ra2",
                    "iconColumn": "type"
                  }
                }
              ],
              "title": {
                "$blocksuite:internal:text$": true,
                "delta": []
              },
              "cells": {
                "HrmVCLmXueAEg5UY5j38i": {
                  "gkkQht32uk": {
                    "columnId": "gkkQht32uk",
                    "value": {
                      "$blocksuite:internal:text$": true,
                      "delta": [
                        {
                          "insert": "[Insert Date]"
                        }
                      ]
                    }
                  },
                  "misPtLUach": {
                    "columnId": "misPtLUach",
                    "value": {
                      "$blocksuite:internal:text$": true,
                      "delta": [
                        {
                          "insert": "[Priority]"
                        }
                      ]
                    }
                  },
                  "JhPMDHImnB": {
                    "columnId": "JhPMDHImnB",
                    "value": {
                      "$blocksuite:internal:text$": true,
                      "delta": [
                        {
                          "insert": "[Not Started/In Progress/Complete]"
                        }
                      ]
                    }
                  }
                },
                "Y6Tc12h0I48kdFzJkUb6y": {
                  "gkkQht32uk": {
                    "columnId": "gkkQht32uk",
                    "value": {
                      "$blocksuite:internal:text$": true,
                      "delta": [
                        {
                          "insert": "[Insert Date]"
                        }
                      ]
                    }
                  },
                  "misPtLUach": {
                    "columnId": "misPtLUach",
                    "value": {
                      "$blocksuite:internal:text$": true,
                      "delta": [
                        {
                          "insert": "[Priority]"
                        }
                      ]
                    }
                  },
                  "JhPMDHImnB": {
                    "columnId": "JhPMDHImnB",
                    "value": {
                      "$blocksuite:internal:text$": true,
                      "delta": [
                        {
                          "insert": "[Not Started/In Progress/Complete]"
                        }
                      ]
                    }
                  }
                }
              },
              "columns": [
                {
                  "type": "title",
                  "name": "Task Name",
                  "data": {},
                  "id": "ODmcR57Ra2"
                },
                {
                  "type": "rich-text",
                  "name": "Deadline",
                  "data": {},
                  "id": "gkkQht32uk"
                },
                {
                  "type": "rich-text",
                  "name": "Priority",
                  "data": {},
                  "id": "misPtLUach"
                },
                {
                  "type": "rich-text",
                  "name": "Status",
                  "data": {},
                  "id": "JhPMDHImnB"
                }
              ]
            },
            "children": [
              {
                "type": "block",
                "id": "HrmVCLmXueAEg5UY5j38i",
                "flavour": "affine:paragraph",
                "version": 1,
                "props": {
                  "type": "text",
                  "text": {
                    "$blocksuite:internal:text$": true,
                    "delta": [
                      {
                        "insert": "[Insert Task]"
                      }
                    ]
                  }
                },
                "children": []
              },
              {
                "type": "block",
                "id": "Y6Tc12h0I48kdFzJkUb6y",
                "flavour": "affine:paragraph",
                "version": 1,
                "props": {
                  "type": "text",
                  "text": {
                    "$blocksuite:internal:text$": true,
                    "delta": [
                      {
                        "insert": "[Insert Task]"
                      }
                    ]
                  }
                },
                "children": []
              }
            ]
          },
          {
            "type": "block",
            "id": "Hxz9hzXuJN6I7JDLyg4FP",
            "flavour": "affine:divider",
            "version": 1,
            "props": {},
            "children": []
          },
          {
            "type": "block",
            "id": "2uswuBWh0D7LrslZIdQKh",
            "flavour": "affine:paragraph",
            "version": 1,
            "props": {
              "type": "h2",
              "text": {
                "$blocksuite:internal:text$": true,
                "delta": [
                  {
                    "insert": "2. Weekly Planner Template"
                  }
                ]
              }
            },
            "children": []
          },
          {
            "type": "block",
            "id": "mW2-xvpKoxDt8kd1q2FCD",
            "flavour": "affine:paragraph",
            "version": 1,
            "props": {
              "type": "h3",
              "text": {
                "$blocksuite:internal:text$": true,
                "delta": [
                  {
                    "insert": "Week of: [Insert Date]"
                  }
                ]
              }
            },
            "children": []
          },
          {
            "type": "block",
            "id": "V4HutLl4yHf_FAsTXW381",
            "flavour": "affine:divider",
            "version": 1,
            "props": {},
            "children": []
          },
          {
            "type": "block",
            "id": "cN3MwFgoL-fKchCFj9TDQ",
            "flavour": "affine:paragraph",
            "version": 1,
            "props": {
              "type": "h3",
              "text": {
                "$blocksuite:internal:text$": true,
                "delta": [
                  {
                    "insert": "2.1. Weekly Goals"
                  }
                ]
              }
            },
            "children": []
          },
          {
            "type": "block",
            "id": "CXsGpAKWfZOJPIdFcVafX",
            "flavour": "affine:list",
            "version": 1,
            "props": {
              "type": "bulleted",
              "text": {
                "$blocksuite:internal:text$": true,
                "delta": [
                  {
                    "insert": "Goal 1",
                    "attributes": {
                      "bold": true
                    }
                  },
                  {
                    "insert": ": [Insert Goal]"
                  }
                ]
              },
              "checked": false,
              "collapsed": false,
              "order": null
            },
            "children": []
          },
          {
            "type": "block",
            "id": "CljGGpXIjSEQgsU5AEh59",
            "flavour": "affine:list",
            "version": 1,
            "props": {
              "type": "bulleted",
              "text": {
                "$blocksuite:internal:text$": true,
                "delta": [
                  {
                    "insert": "Goal 2",
                    "attributes": {
                      "bold": true
                    }
                  },
                  {
                    "insert": ": [Insert Goal]"
                  }
                ]
              },
              "checked": false,
              "collapsed": false,
              "order": null
            },
            "children": []
          },
          {
            "type": "block",
            "id": "UskgW8PdPL-hntL03tnGk",
            "flavour": "affine:list",
            "version": 1,
            "props": {
              "type": "bulleted",
              "text": {
                "$blocksuite:internal:text$": true,
                "delta": [
                  {
                    "insert": "Goal 3",
                    "attributes": {
                      "bold": true
                    }
                  },
                  {
                    "insert": ": [Insert Goal]"
                  }
                ]
              },
              "checked": false,
              "collapsed": false,
              "order": null
            },
            "children": []
          },
          {
            "type": "block",
            "id": "xmuVuwgXugxFxqvGFrbEL",
            "flavour": "affine:divider",
            "version": 1,
            "props": {},
            "children": []
          },
          {
            "type": "block",
            "id": "htwJt0CzxjJem_Y9hjaD_",
            "flavour": "affine:paragraph",
            "version": 1,
            "props": {
              "type": "h3",
              "text": {
                "$blocksuite:internal:text$": true,
                "delta": [
                  {
                    "insert": "2.2. Weekly Schedule Overview"
                  }
                ]
              }
            },
            "children": []
          },
          {
            "type": "block",
            "id": "IbjOC8wGHCzwVceoXT8DN",
            "flavour": "affine:database",
            "version": 3,
            "props": {
              "views": [
                {
                  "id": "1_1NveEYsV",
                  "name": "Table View",
                  "mode": "table",
                  "columns": [],
                  "filter": {
                    "type": "group",
                    "op": "and",
                    "conditions": []
                  },
                  "header": {
                    "titleColumn": "3rEAVQ-aIg",
                    "iconColumn": "type"
                  }
                }
              ],
              "title": {
                "$blocksuite:internal:text$": true,
                "delta": []
              },
              "cells": {
                "NtagG2mlGKeD6ctlxSf4_": {
                  "ndL4Q-pV6w": {
                    "columnId": "ndL4Q-pV6w",
                    "value": {
                      "$blocksuite:internal:text$": true,
                      "delta": [
                        {
                          "insert": "[Insert Task]"
                        }
                      ]
                    }
                  },
                  "UVakx_yxhp": {
                    "columnId": "UVakx_yxhp",
                    "value": {
                      "$blocksuite:internal:text$": true,
                      "delta": [
                        {
                          "insert": "[High/Medium/Low]"
                        }
                      ]
                    }
                  },
                  "NRrbTpi9ky": {
                    "columnId": "NRrbTpi9ky",
                    "value": {
                      "$blocksuite:internal:text$": true,
                      "delta": [
                        {
                          "insert": "[Not Started/In Progress/Complete]"
                        }
                      ]
                    }
                  }
                },
                "WIRIXaFG7HBMRnA_4YUJ4": {
                  "ndL4Q-pV6w": {
                    "columnId": "ndL4Q-pV6w",
                    "value": {
                      "$blocksuite:internal:text$": true,
                      "delta": [
                        {
                          "insert": "[Insert Task]"
                        }
                      ]
                    }
                  },
                  "UVakx_yxhp": {
                    "columnId": "UVakx_yxhp",
                    "value": {
                      "$blocksuite:internal:text$": true,
                      "delta": [
                        {
                          "insert": "[High/Medium/Low]"
                        }
                      ]
                    }
                  },
                  "NRrbTpi9ky": {
                    "columnId": "NRrbTpi9ky",
                    "value": {
                      "$blocksuite:internal:text$": true,
                      "delta": [
                        {
                          "insert": "[Not Started/In Progress/Complete]"
                        }
                      ]
                    }
                  }
                },
                "_gEruwrF2eKOtfqJ0lsb4": {
                  "ndL4Q-pV6w": {
                    "columnId": "ndL4Q-pV6w",
                    "value": {
                      "$blocksuite:internal:text$": true,
                      "delta": [
                        {
                          "insert": "[Insert Task]"
                        }
                      ]
                    }
                  },
                  "UVakx_yxhp": {
                    "columnId": "UVakx_yxhp",
                    "value": {
                      "$blocksuite:internal:text$": true,
                      "delta": [
                        {
                          "insert": "[High/Medium/Low]"
                        }
                      ]
                    }
                  },
                  "NRrbTpi9ky": {
                    "columnId": "NRrbTpi9ky",
                    "value": {
                      "$blocksuite:internal:text$": true,
                      "delta": [
                        {
                          "insert": "[Not Started/In Progress/Complete]"
                        }
                      ]
                    }
                  }
                }
              },
              "columns": [
                {
                  "type": "title",
                  "name": "Day",
                  "data": {},
                  "id": "3rEAVQ-aIg"
                },
                {
                  "type": "rich-text",
                  "name": "Task/Activity",
                  "data": {},
                  "id": "ndL4Q-pV6w"
                },
                {
                  "type": "rich-text",
                  "name": "Priority (High/Medium/Low)",
                  "data": {},
                  "id": "UVakx_yxhp"
                },
                {
                  "type": "rich-text",
                  "name": "Status (Not Started/In Progress/Complete)",
                  "data": {},
                  "id": "NRrbTpi9ky"
                }
              ]
            },
            "children": [
              {
                "type": "block",
                "id": "NtagG2mlGKeD6ctlxSf4_",
                "flavour": "affine:paragraph",
                "version": 1,
                "props": {
                  "type": "text",
                  "text": {
                    "$blocksuite:internal:text$": true,
                    "delta": [
                      {
                        "insert": "Monday"
                      }
                    ]
                  }
                },
                "children": []
              },
              {
                "type": "block",
                "id": "WIRIXaFG7HBMRnA_4YUJ4",
                "flavour": "affine:paragraph",
                "version": 1,
                "props": {
                  "type": "text",
                  "text": {
                    "$blocksuite:internal:text$": true,
                    "delta": [
                      {
                        "insert": "Tuesday"
                      }
                    ]
                  }
                },
                "children": []
              },
              {
                "type": "block",
                "id": "_gEruwrF2eKOtfqJ0lsb4",
                "flavour": "affine:paragraph",
                "version": 1,
                "props": {
                  "type": "text",
                  "text": {
                    "$blocksuite:internal:text$": true,
                    "delta": [
                      {
                        "insert": "Wednesday"
                      }
                    ]
                  }
                },
                "children": []
              }
            ]
          },
          {
            "type": "block",
            "id": "dq6D5AQFqPiQnh32TJu8m",
            "flavour": "affine:divider",
            "version": 1,
            "props": {},
            "children": []
          },
          {
            "type": "block",
            "id": "bnypS230UTJFuQh1kcYIa",
            "flavour": "affine:paragraph",
            "version": 1,
            "props": {
              "type": "h3",
              "text": {
                "$blocksuite:internal:text$": true,
                "delta": [
                  {
                    "insert": "2.3. Notes for the Week"
                  }
                ]
              }
            },
            "children": []
          },
          {
            "type": "block",
            "id": "bupDimN5zRpa7dwuxGjG6",
            "flavour": "affine:list",
            "version": 1,
            "props": {
              "type": "bulleted",
              "text": {
                "$blocksuite:internal:text$": true,
                "delta": [
                  {
                    "insert": "[Insert Note or Reminder]"
                  }
                ]
              },
              "checked": false,
              "collapsed": false,
              "order": null
            },
            "children": []
          },
          {
            "type": "block",
            "id": "o5iHbuya2mVogD59ROKxR",
            "flavour": "affine:divider",
            "version": 1,
            "props": {},
            "children": []
          },
          {
            "type": "block",
            "id": "AWUCJWVxa_ukiDtHFg29l",
            "flavour": "affine:paragraph",
            "version": 1,
            "props": {
              "type": "h2",
              "text": {
                "$blocksuite:internal:text$": true,
                "delta": [
                  {
                    "insert": "3. Monthly Planner Template"
                  }
                ]
              }
            },
            "children": []
          },
          {
            "type": "block",
            "id": "UK9Oo3SHxMlHetWGSsk3j",
            "flavour": "affine:paragraph",
            "version": 1,
            "props": {
              "type": "h3",
              "text": {
                "$blocksuite:internal:text$": true,
                "delta": [
                  {
                    "insert": "Month: [Insert Month]"
                  }
                ]
              }
            },
            "children": []
          },
          {
            "type": "block",
            "id": "3dlsXknOqnL0_eWqyeh66",
            "flavour": "affine:divider",
            "version": 1,
            "props": {},
            "children": []
          },
          {
            "type": "block",
            "id": "Ayvmomxstst6jVXe3xpUD",
            "flavour": "affine:paragraph",
            "version": 1,
            "props": {
              "type": "h3",
              "text": {
                "$blocksuite:internal:text$": true,
                "delta": [
                  {
                    "insert": "3.1. Monthly Goals"
                  }
                ]
              }
            },
            "children": []
          },
          {
            "type": "block",
            "id": "X20tWr9jKlb_RqVgTOaxY",
            "flavour": "affine:list",
            "version": 1,
            "props": {
              "type": "bulleted",
              "text": {
                "$blocksuite:internal:text$": true,
                "delta": [
                  {
                    "insert": "Goal 1",
                    "attributes": {
                      "bold": true
                    }
                  },
                  {
                    "insert": ": [Insert Goal]"
                  }
                ]
              },
              "checked": false,
              "collapsed": false,
              "order": null
            },
            "children": []
          },
          {
            "type": "block",
            "id": "FjXqn8m3yktBkq93-TqGF",
            "flavour": "affine:list",
            "version": 1,
            "props": {
              "type": "bulleted",
              "text": {
                "$blocksuite:internal:text$": true,
                "delta": [
                  {
                    "insert": "Goal 2",
                    "attributes": {
                      "bold": true
                    }
                  },
                  {
                    "insert": ": [Insert Goal]"
                  }
                ]
              },
              "checked": false,
              "collapsed": false,
              "order": null
            },
            "children": []
          },
          {
            "type": "block",
            "id": "p29K_0CYSBm9J-lmap52b",
            "flavour": "affine:list",
            "version": 1,
            "props": {
              "type": "bulleted",
              "text": {
                "$blocksuite:internal:text$": true,
                "delta": [
                  {
                    "insert": "Goal 3",
                    "attributes": {
                      "bold": true
                    }
                  },
                  {
                    "insert": ": [Insert Goal]"
                  }
                ]
              },
              "checked": false,
              "collapsed": false,
              "order": null
            },
            "children": []
          },
          {
            "type": "block",
            "id": "4IifViz0mLcmiybjWBrxk",
            "flavour": "affine:divider",
            "version": 1,
            "props": {},
            "children": []
          },
          {
            "type": "block",
            "id": "iUrhlUAVSJDWak-hex_1T",
            "flavour": "affine:paragraph",
            "version": 1,
            "props": {
              "type": "h3",
              "text": {
                "$blocksuite:internal:text$": true,
                "delta": [
                  {
                    "insert": "3.2. Important Dates"
                  }
                ]
              }
            },
            "children": []
          },
          {
            "type": "block",
            "id": "sPFFHXrcCPZeIA8rgOeRS",
            "flavour": "affine:database",
            "version": 3,
            "props": {
              "views": [
                {
                  "id": "P1jKOmx3Uv",
                  "name": "Table View",
                  "mode": "table",
                  "columns": [],
                  "filter": {
                    "type": "group",
                    "op": "and",
                    "conditions": []
                  },
                  "header": {
                    "titleColumn": "uV1KnZhv3R",
                    "iconColumn": "type"
                  }
                }
              ],
              "title": {
                "$blocksuite:internal:text$": true,
                "delta": []
              },
              "cells": {
                "185kqM8-NeOtSZtr63LDn": {
                  "vy4jNVNJFV": {
                    "columnId": "vy4jNVNJFV",
                    "value": {
                      "$blocksuite:internal:text$": true,
                      "delta": [
                        {
                          "insert": "[Insert Event]"
                        }
                      ]
                    }
                  },
                  "_6HlQngFwu": {
                    "columnId": "_6HlQngFwu",
                    "value": {
                      "$blocksuite:internal:text$": true,
                      "delta": [
                        {
                          "insert": "[Insert Notes]"
                        }
                      ]
                    }
                  }
                },
                "XI_af5nfSIJFuscRALWeL": {
                  "vy4jNVNJFV": {
                    "columnId": "vy4jNVNJFV",
                    "value": {
                      "$blocksuite:internal:text$": true,
                      "delta": [
                        {
                          "insert": "[Insert Event]"
                        }
                      ]
                    }
                  },
                  "_6HlQngFwu": {
                    "columnId": "_6HlQngFwu",
                    "value": {
                      "$blocksuite:internal:text$": true,
                      "delta": [
                        {
                          "insert": "[Insert Notes]"
                        }
                      ]
                    }
                  }
                }
              },
              "columns": [
                {
                  "type": "title",
                  "name": "Date",
                  "data": {},
                  "id": "uV1KnZhv3R"
                },
                {
                  "type": "rich-text",
                  "name": "Event/Task",
                  "data": {},
                  "id": "vy4jNVNJFV"
                },
                {
                  "type": "rich-text",
                  "name": "Notes",
                  "data": {},
                  "id": "_6HlQngFwu"
                }
              ]
            },
            "children": [
              {
                "type": "block",
                "id": "185kqM8-NeOtSZtr63LDn",
                "flavour": "affine:paragraph",
                "version": 1,
                "props": {
                  "type": "text",
                  "text": {
                    "$blocksuite:internal:text$": true,
                    "delta": [
                      {
                        "insert": "[Insert Date]"
                      }
                    ]
                  }
                },
                "children": []
              },
              {
                "type": "block",
                "id": "XI_af5nfSIJFuscRALWeL",
                "flavour": "affine:paragraph",
                "version": 1,
                "props": {
                  "type": "text",
                  "text": {
                    "$blocksuite:internal:text$": true,
                    "delta": [
                      {
                        "insert": "[Insert Date]"
                      }
                    ]
                  }
                },
                "children": []
              }
            ]
          },
          {
            "type": "block",
            "id": "HuOS01hgwpm5W3afOZ-pe",
            "flavour": "affine:divider",
            "version": 1,
            "props": {},
            "children": []
          },
          {
            "type": "block",
            "id": "2hpbTETXRZ4uUpEs26nYn",
            "flavour": "affine:paragraph",
            "version": 1,
            "props": {
              "type": "h3",
              "text": {
                "$blocksuite:internal:text$": true,
                "delta": [
                  {
                    "insert": "3.3. Reflection"
                  }
                ]
              }
            },
            "children": []
          },
          {
            "type": "block",
            "id": "F2rYlzJuiCCmdRFpi_yN3",
            "flavour": "affine:list",
            "version": 1,
            "props": {
              "type": "bulleted",
              "text": {
                "$blocksuite:internal:text$": true,
                "delta": [
                  {
                    "insert": "What went well",
                    "attributes": {
                      "bold": true
                    }
                  },
                  {
                    "insert": ": [Insert Reflection]"
                  }
                ]
              },
              "checked": false,
              "collapsed": false,
              "order": null
            },
            "children": []
          },
          {
            "type": "block",
            "id": "r4mg3stD0BoHBuFWWuTch",
            "flavour": "affine:list",
            "version": 1,
            "props": {
              "type": "bulleted",
              "text": {
                "$blocksuite:internal:text$": true,
                "delta": [
                  {
                    "insert": "Challenges",
                    "attributes": {
                      "bold": true
                    }
                  },
                  {
                    "insert": ": [Insert Challenges]"
                  }
                ]
              },
              "checked": false,
              "collapsed": false,
              "order": null
            },
            "children": []
          },
          {
            "type": "block",
            "id": "mFzX21AgZgmsKtVRnSs8W",
            "flavour": "affine:list",
            "version": 1,
            "props": {
              "type": "bulleted",
              "text": {
                "$blocksuite:internal:text$": true,
                "delta": [
                  {
                    "insert": "Improvements for next month",
                    "attributes": {
                      "bold": true
                    }
                  },
                  {
                    "insert": ": [Insert Improvements]"
                  }
                ]
              },
              "checked": false,
              "collapsed": false,
              "order": null
            },
            "children": []
          },
          {
            "type": "block",
            "id": "Mj-t6508ghbabLLOOk1lH",
            "flavour": "affine:divider",
            "version": 1,
            "props": {},
            "children": []
          }
        ]
      }
    ]
  }
}