{
  "type": "page",
  "meta": {
    "id": "1Z-WucWlGcOLHuly0k1kS",
    "title": "Lesson Plan Website",
    "createDate": 1728286699665,
    "tags": []
  },
  "blocks": {
    "type": "block",
    "id": "KzSqGvymRmVMjVl6CSufm",
    "flavour": "affine:page",
    "version": 2,
    "props": {
      "title": {
        "$blocksuite:internal:text$": true,
        "delta": [
          {
            "insert": "Lesson Plan Website"
          }
        ]
      }
    },
    "children": [
      {
        "type": "block",
        "id": "ztljhMHG5C8C9L4eUvMlg",
        "flavour": "affine:surface",
        "version": 5,
        "props": {
          "elements": {}
        },
        "children": []
      },
      {
        "type": "block",
        "id": "oEOmU2WXkzVQCnlkygzW-",
        "flavour": "affine:note",
        "version": 1,
        "props": {
          "xywh": "[0,0,800,95]",
          "background": "--affine-note-background-white",
          "index": "a0",
          "hidden": false,
          "displayMode": "both",
          "edgeless": {
            "style": {
              "borderRadius": 8,
              "borderSize": 4,
              "borderStyle": "none",
              "shadowType": "--affine-note-shadow-box"
            }
          }
        },
        "children": [
          {
            "type": "block",
            "id": "BKIJdUgbll_KFsDq1mvme",
            "flavour": "affine:paragraph",
            "version": 1,
            "props": {
              "type": "text",
              "text": {
                "$blocksuite:internal:text$": true,
                "delta": []
              }
            },
            "children": []
          },
          {
            "type": "block",
            "id": "gMS6CpB3MlsBMqnt_jZZ1",
            "flavour": "affine:paragraph",
            "version": 1,
            "props": {
              "type": "h2",
              "text": {
                "$blocksuite:internal:text$": true,
                "delta": [
                  {
                    "insert": "Lesson Plan Details"
                  }
                ]
              }
            },
            "children": []
          },
          {
            "type": "block",
            "id": "lfuVTl7zsxZ9DfQ3wySg1",
            "flavour": "affine:list",
            "version": 1,
            "props": {
              "type": "bulleted",
              "text": {
                "$blocksuite:internal:text$": true,
                "delta": [
                  {
                    "insert": "Lesson Title:",
                    "attributes": {
                      "bold": true
                    }
                  },
                  {
                    "insert": " [Lesson Title]"
                  }
                ]
              },
              "checked": false,
              "collapsed": false,
              "order": null
            },
            "children": []
          },
          {
            "type": "block",
            "id": "bd4vwDe0Uxz1-toxWRX9F",
            "flavour": "affine:list",
            "version": 1,
            "props": {
              "type": "bulleted",
              "text": {
                "$blocksuite:internal:text$": true,
                "delta": [
                  {
                    "insert": "Grade Level:",
                    "attributes": {
                      "bold": true
                    }
                  },
                  {
                    "insert": " [Grade Level]"
                  }
                ]
              },
              "checked": false,
              "collapsed": false,
              "order": null
            },
            "children": []
          },
          {
            "type": "block",
            "id": "soeQdxiyXUTfMfqkGWHhP",
            "flavour": "affine:list",
            "version": 1,
            "props": {
              "type": "bulleted",
              "text": {
                "$blocksuite:internal:text$": true,
                "delta": [
                  {
                    "insert": "Subject:",
                    "attributes": {
                      "bold": true
                    }
                  },
                  {
                    "insert": " [Subject]"
                  }
                ]
              },
              "checked": false,
              "collapsed": false,
              "order": null
            },
            "children": []
          },
          {
            "type": "block",
            "id": "N8Xgxg0qQJF2xRmQOnDBx",
            "flavour": "affine:list",
            "version": 1,
            "props": {
              "type": "bulleted",
              "text": {
                "$blocksuite:internal:text$": true,
                "delta": [
                  {
                    "insert": "Learning Objectives:",
                    "attributes": {
                      "bold": true
                    }
                  }
                ]
              },
              "checked": false,
              "collapsed": false,
              "order": null
            },
            "children": [
              {
                "type": "block",
                "id": "0Ul5Zuq4YydkHVAz8wXCt",
                "flavour": "affine:list",
                "version": 1,
                "props": {
                  "type": "bulleted",
                  "text": {
                    "$blocksuite:internal:text$": true,
                    "delta": [
                      {
                        "insert": "[Objective 1]"
                      }
                    ]
                  },
                  "checked": false,
                  "collapsed": false,
                  "order": null
                },
                "children": []
              },
              {
                "type": "block",
                "id": "bN3UdU8Qzv7qLx4YVxfCn",
                "flavour": "affine:list",
                "version": 1,
                "props": {
                  "type": "bulleted",
                  "text": {
                    "$blocksuite:internal:text$": true,
                    "delta": [
                      {
                        "insert": "[Objective 2]"
                      }
                    ]
                  },
                  "checked": false,
                  "collapsed": false,
                  "order": null
                },
                "children": []
              },
              {
                "type": "block",
                "id": "DYeUJmXc3zXNVsxr-tmU7",
                "flavour": "affine:list",
                "version": 1,
                "props": {
                  "type": "bulleted",
                  "text": {
                    "$blocksuite:internal:text$": true,
                    "delta": [
                      {
                        "insert": "[Objective 3]"
                      }
                    ]
                  },
                  "checked": false,
                  "collapsed": false,
                  "order": null
                },
                "children": []
              }
            ]
          },
          {
            "type": "block",
            "id": "3rqq8Qy-5l-SV5suDBKRe",
            "flavour": "affine:paragraph",
            "version": 1,
            "props": {
              "type": "h2",
              "text": {
                "$blocksuite:internal:text$": true,
                "delta": [
                  {
                    "insert": "Materials and Resources"
                  }
                ]
              }
            },
            "children": []
          },
          {
            "type": "block",
            "id": "FE8DFnvZGiQqiyuPT2xJe",
            "flavour": "affine:list",
            "version": 1,
            "props": {
              "type": "bulleted",
              "text": {
                "$blocksuite:internal:text$": true,
                "delta": [
                  {
                    "insert": "[List of materials and resources needed]"
                  }
                ]
              },
              "checked": false,
              "collapsed": false,
              "order": null
            },
            "children": []
          },
          {
            "type": "block",
            "id": "xhB5UJdPoiRl8-g65dzQr",
            "flavour": "affine:paragraph",
            "version": 1,
            "props": {
              "type": "h2",
              "text": {
                "$blocksuite:internal:text$": true,
                "delta": [
                  {
                    "insert": "Instruction"
                  }
                ]
              }
            },
            "children": []
          },
          {
            "type": "block",
            "id": "CRhozUxl87e-k0iPB_kSJ",
            "flavour": "affine:paragraph",
            "version": 1,
            "props": {
              "type": "h3",
              "text": {
                "$blocksuite:internal:text$": true,
                "delta": [
                  {
                    "insert": "Opening"
                  }
                ]
              }
            },
            "children": []
          },
          {
            "type": "block",
            "id": "yAUs6Opwe5iye2YN99xCk",
            "flavour": "affine:paragraph",
            "version": 1,
            "props": {
              "type": "text",
              "text": {
                "$blocksuite:internal:text$": true,
                "delta": [
                  {
                    "insert": "[Description of the opening activity or introduction]"
                  }
                ]
              }
            },
            "children": []
          },
          {
            "type": "block",
            "id": "RN3VLCwH24Ld30QnMzHWE",
            "flavour": "affine:paragraph",
            "version": 1,
            "props": {
              "type": "h3",
              "text": {
                "$blocksuite:internal:text$": true,
                "delta": [
                  {
                    "insert": "Lesson Sequence"
                  }
                ]
              }
            },
            "children": []
          },
          {
            "type": "block",
            "id": "03Ub0hWJkB5gdYHNAgzYC",
            "flavour": "affine:list",
            "version": 1,
            "props": {
              "type": "numbered",
              "text": {
                "$blocksuite:internal:text$": true,
                "delta": [
                  {
                    "insert": "[Step 1 description]"
                  }
                ]
              },
              "checked": false,
              "collapsed": false,
              "order": 1
            },
            "children": []
          },
          {
            "type": "block",
            "id": "5SVgOxF9FIFnJuCr9LdwE",
            "flavour": "affine:list",
            "version": 1,
            "props": {
              "type": "numbered",
              "text": {
                "$blocksuite:internal:text$": true,
                "delta": [
                  {
                    "insert": "[Step 2 description]"
                  }
                ]
              },
              "checked": false,
              "collapsed": false,
              "order": 2
            },
            "children": []
          },
          {
            "type": "block",
            "id": "QutgqjjxJaGzA-5pXoa5Y",
            "flavour": "affine:list",
            "version": 1,
            "props": {
              "type": "numbered",
              "text": {
                "$blocksuite:internal:text$": true,
                "delta": [
                  {
                    "insert": "[Step 3 description]"
                  }
                ]
              },
              "checked": false,
              "collapsed": false,
              "order": 3
            },
            "children": []
          },
          {
            "type": "block",
            "id": "oDVmnwFzmq-tEkC6r7Gsa",
            "flavour": "affine:paragraph",
            "version": 1,
            "props": {
              "type": "h3",
              "text": {
                "$blocksuite:internal:text$": true,
                "delta": [
                  {
                    "insert": "Closing"
                  }
                ]
              }
            },
            "children": []
          },
          {
            "type": "block",
            "id": "sY2jVaa5MKhkptQc1fFpS",
            "flavour": "affine:paragraph",
            "version": 1,
            "props": {
              "type": "text",
              "text": {
                "$blocksuite:internal:text$": true,
                "delta": [
                  {
                    "insert": "[Description of the closing activity or summary]"
                  }
                ]
              }
            },
            "children": []
          },
          {
            "type": "block",
            "id": "LpLocJctQAvvMS2NJLI31",
            "flavour": "affine:paragraph",
            "version": 1,
            "props": {
              "type": "h2",
              "text": {
                "$blocksuite:internal:text$": true,
                "delta": [
                  {
                    "insert": "Assessment"
                  }
                ]
              }
            },
            "children": []
          },
          {
            "type": "block",
            "id": "B5Pc9rOxzNTp8xCH0djWo",
            "flavour": "affine:paragraph",
            "version": 1,
            "props": {
              "type": "text",
              "text": {
                "$blocksuite:internal:text$": true,
                "delta": [
                  {
                    "insert": "[Description of the assessment methods and activities]"
                  }
                ]
              }
            },
            "children": []
          },
          {
            "type": "block",
            "id": "1L6qqqBBbOzv6rNpFMEeC",
            "flavour": "affine:paragraph",
            "version": 1,
            "props": {
              "type": "h2",
              "text": {
                "$blocksuite:internal:text$": true,
                "delta": [
                  {
                    "insert": "Differentiation and Accommodations"
                  }
                ]
              }
            },
            "children": []
          },
          {
            "type": "block",
            "id": "Dsiq1OytacnrRI7_kvb9q",
            "flavour": "affine:paragraph",
            "version": 1,
            "props": {
              "type": "text",
              "text": {
                "$blocksuite:internal:text$": true,
                "delta": [
                  {
                    "insert": "[Strategies to support diverse learners]"
                  }
                ]
              }
            },
            "children": []
          },
          {
            "type": "block",
            "id": "vfPVNwbYL5uja0rjRxf2U",
            "flavour": "affine:paragraph",
            "version": 1,
            "props": {
              "type": "h2",
              "text": {
                "$blocksuite:internal:text$": true,
                "delta": [
                  {
                    "insert": "Additional Resources"
                  }
                ]
              }
            },
            "children": []
          },
          {
            "type": "block",
            "id": "1k0YNhrTTe4dHFg8VVItu",
            "flavour": "affine:list",
            "version": 1,
            "props": {
              "type": "bulleted",
              "text": {
                "$blocksuite:internal:text$": true,
                "delta": [
                  {
                    "insert": "[Link to additional resources, handouts, or worksheets]"
                  }
                ]
              },
              "checked": false,
              "collapsed": false,
              "order": null
            },
            "children": []
          },
          {
            "type": "block",
            "id": "bFres7HUO8xCfqD0D_3gX",
            "flavour": "affine:list",
            "version": 1,
            "props": {
              "type": "bulleted",
              "text": {
                "$blocksuite:internal:text$": true,
                "delta": [
                  {
                    "insert": "[Link to multimedia or online materials]"
                  }
                ]
              },
              "checked": false,
              "collapsed": false,
              "order": null
            },
            "children": []
          },
          {
            "type": "block",
            "id": "OXpu5QIOVBvbWVYdkD-B2",
            "flavour": "affine:paragraph",
            "version": 1,
            "props": {
              "type": "h2",
              "text": {
                "$blocksuite:internal:text$": true,
                "delta": [
                  {
                    "insert": "Reflection"
                  }
                ]
              }
            },
            "children": []
          },
          {
            "type": "block",
            "id": "0QY68bQoTqoYqSmkkEcSh",
            "flavour": "affine:paragraph",
            "version": 1,
            "props": {
              "type": "text",
              "text": {
                "$blocksuite:internal:text$": true,
                "delta": [
                  {
                    "insert": "[Reflection on the lesson's effectiveness and areas for improvement]"
                  }
                ]
              }
            },
            "children": []
          }
        ]
      }
    ]
  }
}